Date,actual,EWMA,"GARCH(1,1)",GJR-GARCH,RandomForest,XGBoost,Hybrid (symmetric),Hybrid (quantile)
2023-01-03,0.19475927635947402,0.2009931104370162,0.16394629714789227,0.16640956329959858,0.18561349470616068,0.18625682592391968,0.17514116971600283,0.27755946296113954
2023-01-04,0.20809573021047528,0.19704634955405956,0.15781265812256431,0.15500957826032588,0.14837592881935796,0.15060734748840332,0.1477464705693657,0.25053406068935347
2023-01-05,0.19228701453681263,0.1963983573251924,0.16380654346281318,0.1750585386702673,0.18328715626352246,0.1803228110074997,0.16179754828902645,0.25692791735621856
2023-01-06,0.10986687464016773,0.20968935089485832,0.21078376002657986,0.1781110236610081,0.16770172677135026,0.16891007125377655,0.1626297034512069,0.26534169858347434
2023-01-09,0.11067621800089954,0.2033232964938843,0.19053678568720425,0.1631069149077498,0.1656837537877052,0.16789105534553528,0.14990653779363267,0.25979890331631533
2023-01-10,0.1490345407528257,0.19897516279794802,0.17884318362378968,0.15188406937962046,0.1519394668217215,0.1418382227420807,0.12981822499280443,0.24392068916206827
2023-01-11,0.1302256625127359,0.19919932957466005,0.18307089972536958,0.1470170236278955,0.18455074977720592,0.16034428775310516,0.13105362198247353,0.2632187075067941
2023-01-12,0.18459592156392432,0.1935855783805121,0.16797252866978463,0.13662108713575297,0.15093995887383987,0.15591737627983093,0.1188098856229394,0.24301098966785364
2023-01-13,0.20076077511715054,0.1883279900781953,0.15564939348116683,0.12795846888817788,0.11168873854825444,0.12256897985935211,0.11412455959267856,0.21833536753453256
2023-01-17,0.2003052788344775,0.1827617326290434,0.14344979628523993,0.12113046067647493,0.13024282617333083,0.13140876591205597,0.11700346301190412,0.22852750289134538
2023-01-18,0.16650691490340505,0.1873967312357422,0.16760214816314506,0.17684465125462537,0.16605034402596555,0.16824479401111603,0.14869033396503453,0.2526925899114323
2023-01-19,0.17550479279202902,0.18411799437905424,0.16116478375997545,0.17487816867263653,0.1623556400021614,0.16485081613063812,0.16394626797021963,0.25395585206182336
2023-01-20,0.11580948234893944,0.19281175963971847,0.19196009204211165,0.1726405209380743,0.174442562143687,0.16294044256210327,0.15226611667159767,0.24011262864652844
2023-01-23,0.12234629526564425,0.1924971189543224,0.19062155167733502,0.16339069614101273,0.14908738163718088,0.1514022797346115,0.1386590805827461,0.2513642684547983
2023-01-24,0.15997753727648592,0.18665340100265512,0.1731229120417355,0.15040250110709985,0.166673212521854,0.17942790687084198,0.13976585294390043,0.27223544555986245
2023-01-25,0.17618278658437037,0.18096856631221714,0.15794489352160357,0.13912082268199924,0.16502028496281884,0.16955967247486115,0.13317600395805243,0.2246541957398415
2023-01-26,0.1890287738419808,0.1805458712272459,0.16158779769633166,0.13469909831241822,0.14949960253951033,0.15121857821941376,0.11685513100878453,0.2343739415641234
2023-01-27,0.20218613324806953,0.17531365903804783,0.14889551192098677,0.1259386071590278,0.11835228925316697,0.1283724159002304,0.11390899565345977,0.22778524250067209
2023-01-30,0.1849415369550207,0.1773898781251396,0.1614961512193397,0.16309539816546711,0.16864598082726054,0.16560755670070648,0.14556342578697476,0.25799467257428443
2023-01-31,0.17832204323596756,0.18103606662322688,0.17583127449655722,0.15807246924928442,0.14862641207790142,0.1384507268667221,0.12779258885971323,0.2216999656110169
2023-02-01,0.1805741785983545,0.1801176891467715,0.17411313783887772,0.14999018942808157,0.1491743544352175,0.1456298977136612,0.12898416964208131,0.23244092946743017
2023-02-02,0.1607463994907306,0.18361769219255863,0.1852915219270609,0.14751663020976613,0.14691441772038685,0.14502130448818207,0.11764329075046609,0.24699202141889165
2023-02-03,0.14360182327897952,0.1825667333863727,0.18170766474562883,0.16349754160394167,0.1800288805285767,0.18602709472179413,0.16385688258226236,0.2588441786741207
2023-02-06,0.1588726524010291,0.1786180277959476,0.17020250339472484,0.1594790684119512,0.1829680850579724,0.1748950183391571,0.16101293445701642,0.2399684207574178
2023-02-07,0.13038165471260413,0.18017676946569233,0.17650341368537795,0.15334071518660422,0.15292822551937502,0.14383554458618164,0.12618620993376609,0.22825918646336432
2023-02-08,0.10549121127454321,0.1799808350681867,0.1766043949493676,0.17117367541897885,0.17846424391447122,0.18300780653953552,0.17077916979571647,0.24047760522473446
2023-02-09,0.12992424218135554,0.17787311231134073,0.1710869733656473,0.1746706948577789,0.18172591451152859,0.18501800298690796,0.16780294337863003,0.2418967545926002
2023-02-10,0.13047994299510376,0.17266505064628604,0.1568578765576037,0.1602490153748448,0.12749284878147282,0.13101163506507874,0.14157507760710072,0.24829228787011456
2023-02-13,0.1764947660252563,0.1731581987203494,0.16203280942541987,0.15266959550374848,0.1505045574584782,0.14307133853435516,0.13320435019725663,0.22349781724208695
2023-02-14,0.17683729608801319,0.16788664429022096,0.14841548331157092,0.14110329048017856,0.1250417817507511,0.13363993167877197,0.1402856683056697,0.22107320324758883
2023-02-15,0.17974651624149515,0.16312795154232632,0.13789849598020218,0.13149267187419994,0.11012616989132945,0.11860575526952744,0.118013982047175,0.21876838555637462
2023-02-16,0.1680726919431003,0.1671196814441438,0.15665859840232174,0.1714313401780892,0.17058041148885464,0.16857141256332397,0.17128646136828324,0.25887227793558126
2023-02-17,0.16833257387658007,0.16238647410445073,0.14493860528799407,0.15908836233704277,0.14858155298780387,0.13393263518810272,0.16305869384943433,0.25246081906645484
2023-02-21,0.09025141331544241,0.17602316972238288,0.18802599233468698,0.22792991265977205,0.1788774368609933,0.1868867576122284,0.1901703664692718,0.28682751968825637
2023-02-22,0.09566088472743114,0.17077061870354204,0.17120613377378588,0.20695245098273493,0.17073199889314467,0.1733589619398117,0.21556642483870722,0.3195699809114192
2023-02-23,0.10296968712658466,0.16685329174710248,0.1601711279550014,0.18912212727910907,0.15639872422212298,0.14890187978744507,0.17814800599909456,0.28720000563508896
2023-02-24,0.133714059194954,0.1669323476073682,0.1622844411617988,0.1952394532404965,0.18065942430859372,0.18939636647701263,0.20076563035996017,0.2938067229829854
2023-02-27,0.13201797357799125,0.16228607510800747,0.1500318450504302,0.17835987996242503,0.15978646073744096,0.15675188601016998,0.1696122696988986,0.2680707637586401
2023-02-28,0.17025427607256885,0.1577857849812339,0.139575971871158,0.16542927113329253,0.12514548715593757,0.13469725847244263,0.17048809987460456,0.2768906646684297
2023-03-01,0.16720221423361029,0.15408366621435957,0.1328463540315622,0.1574591175404935,0.12023191888272645,0.11668087542057037,0.1548347338785975,0.2399379388181119
2023-03-02,0.2063421522562791,0.15224969001493838,0.13292996184509354,0.14752651254402155,0.10242414133397543,0.10067273676395416,0.13430047004239315,0.22372278819547647
2023-03-03,0.20090821909553425,0.16021537672699757,0.16169930174954505,0.14725513743165608,0.10980868907839234,0.09524974972009659,0.11278557764295216,0.19748093174699421
2023-03-06,0.20113523909101827,0.15535753492083562,0.14827375679516933,0.13651110314969342,0.11287156846291568,0.11410337686538696,0.11920859188977997,0.2158398860061578
2023-03-07,0.20467573563690275,0.16215710828670005,0.1696702555941079,0.18353702179151746,0.17418760422170948,0.1845431625843048,0.16912883291947814,0.24241565964180203
2023-03-08,0.21039202166127471,0.1573132358301781,0.15535759421742415,0.16799850287609042,0.13326759280769918,0.13717912137508392,0.14812983098201693,0.22240335765056551
2023-03-09,0.20504765884568693,0.1688533577116224,0.18736278106857032,0.2220892671467699,0.17577693336025987,0.16851812601089478,0.16757199428695813,0.2880898851873316
2023-03-10,0.1936826728560214,0.1732532093592586,0.19514789760913534,0.2372664456202128,0.17302424225662325,0.18063829839229584,0.20026137874856972,0.31466310666337993
2023-03-13,0.2033990497698863,0.16807792949877745,0.177418884829443,0.2153130924027615,0.1599861198155842,0.16862696409225464,0.2016637665849381,0.3147988324683362
2023-03-14,0.19051500402266422,0.1749094983082358,0.1936982086375049,0.2035517114026108,0.16696184788584822,0.1625533550977707,0.1720292511207619,0.2757705691082039
2023-03-15,0.21842898288986354,0.17175490826793463,0.18173256173018626,0.19489172650030306,0.17023908305910887,0.18173977732658386,0.1659607234363859,0.26213551861694506
2023-03-16,0.18133646440527215,0.1797568774268798,0.200694952479097,0.18749926950494186,0.1552666633778858,0.1553221344947815,0.15936470556715862,0.25826019759932894
2023-03-17,0.16819302152000168,0.17952776671232917,0.19580619633885155,0.1959030491831021,0.17236578314890189,0.18595997989177704,0.18305268823823498,0.2908933175327496
2023-03-20,0.15637175433052025,0.17744965733631446,0.18692949787802846,0.18130748075674796,0.156497569490974,0.1557275950908661,0.16248112459908748,0.2563474635524633
2023-03-21,0.1272472272471738,0.17920566303972182,0.18967723024142114,0.17173323100565033,0.15420796308377394,0.15243194997310638,0.14640692128000812,0.24359673326967315
2023-03-22,0.1112461819863706,0.18534934987674906,0.2035742631516499,0.21225372306653614,0.2137998500267969,0.21060062944889069,0.18574492051848526,0.29695418081828706
2023-03-23,0.11646903744671856,0.18007608896170535,0.18553308441437702,0.19334292178218973,0.16178345945377826,0.16571977734565735,0.1853964212275089,0.2898009545094312
2023-03-24,0.1494166290620402,0.17595449364451107,0.1727693073862175,0.1776013703433412,0.15418796413150562,0.15988995134830475,0.16079289404429373,0.2523433746186632
2023-03-27,0.15124764424099477,0.17071417554582125,0.15814196374246553,0.16293853914933829,0.15214973682302857,0.15173615515232086,0.1515258962531629,0.24147801494794516
2023-03-28,0.15637893108533188,0.16562681233820908,0.14549422876470244,0.15068723343664614,0.14382714803457494,0.15426453948020935,0.15844663035476414,0.25489047997051684
2023-03-29,0.12122597197911053,0.16972935918953497,0.16282557793457483,0.14756631365985015,0.11856122031890823,0.12275908887386322,0.12619400843054393,0.2264187734481726
2023-03-30,0.11705621097495021,0.16604411569759828,0.153749791980675,0.13817962071558665,0.11729617864201096,0.1321706920862198,0.1308034821290357,0.21840813568493556
2023-03-31,0.05829016024790578,0.17036057950763117,0.1693667229600975,0.13769486904324613,0.12422648341208163,0.12440865486860275,0.11892219059349618,0.20624532908381543
2023-04-03,0.052065583902447726,0.16579343958744713,0.15672397270639962,0.1289406443258837,0.13435565625833912,0.1325448453426361,0.12099268718269618,0.20290646201577933
2023-04-04,0.0432729351014192,0.16232462478092674,0.14884912282769389,0.13063983549843214,0.1761126998259814,0.17161925137043,0.13639811450163505,0.21622096677790067
2023-04-05,0.10152746416824636,0.15767842434401766,0.1381592986269966,0.12416071793930525,0.14326169554682974,0.14330098032951355,0.12731782975541348,0.2541398962487459
2023-04-06,0.09940201423295805,0.15350484929218228,0.13013664170027858,0.11742634625632355,0.11304440990628983,0.11835744976997375,0.09583531246978828,0.21230261327225752
2023-04-10,0.10188165813745484,0.14887883630947474,0.1213789530415505,0.11113866159892528,0.09124931251411722,0.0872078388929367,0.08809403071380108,0.18772813419080225
2023-04-11,0.10206183039381056,0.14434347676114628,0.11377939370302889,0.10578369005531162,0.09134215348795002,0.0881059318780899,0.08814770012110561,0.1784274543723473
2023-04-12,0.09773278001977186,0.14087058091982457,0.11073725160325534,0.10733077735384718,0.12380557958356209,0.12582926452159882,0.11835223124107137,0.2190480014749409
2023-04-13,0.05098095614699598,0.14587183339140544,0.13545187827882257,0.11185627057091234,0.10824030173096266,0.09861176460981369,0.08820988609329698,0.1964976303173685
2023-04-14,0.04923270118514687,0.14165718827194182,0.12648962664947094,0.10787402453986647,0.10595275035820824,0.10028168559074402,0.09541606332329752,0.21174158516494276
2023-04-17,0.043718269973749314,0.13794013364197796,0.1200923794333744,0.1036820178014939,0.09363121328047667,0.08771730959415436,0.08807416810670544,0.18925418603250432
2023-04-18,0.12114348895683459,0.13377922478938972,0.11289754314615526,0.09962601621090388,0.09214996049797054,0.08187662810087204,0.07648340460299467,0.1588334742599628
2023-04-19,0.12418490821890142,0.12970418454489244,0.10671126798323195,0.09621524181189942,0.09020872392852955,0.07980461418628693,0.07568084750297474,0.16563410427394318
2023-04-20,0.18041441132385855,0.1278778162205285,0.1087034064193819,0.10645349223839275,0.10770539116181105,0.10809246450662613,0.12264035728501312,0.20861539889799585
2023-04-21,0.18950772130060095,0.12403182954431176,0.10336981042753883,0.10193374550050334,0.08522367953764988,0.08567937463521957,0.08800944203591184,0.1537720056444986
2023-04-24,0.18943118684312918,0.12029886347824435,0.09891724902618138,0.0981590074577923,0.08521628564739368,0.0875004455447197,0.08235761309951498,0.1416412067690487
2023-04-25,0.17299678631858015,0.1320753354766979,0.140362407959002,0.16589009824398815,0.14612364159501015,0.13274042308330536,0.14173679861429989,0.25202058318260967
2023-04-26,0.17795272985218766,0.12892327913505958,0.1323545076650809,0.15610256076886508,0.13295377125807756,0.13692447543144226,0.15658511156195964,0.24518980116679523
2023-04-27,0.12405094381285696,0.14594906860320356,0.17599917692726338,0.15827811963572133,0.12031827227394905,0.12154343724250793,0.12212408788218129,0.20843717165007222
2023-04-28,0.16992226460124707,0.14506733190486215,0.16922444433275713,0.1486302704818045,0.119903078373129,0.12831664085388184,0.1167093680507933,0.21344296795199263
2023-05-01,0.1699304495701487,0.14065601257026095,0.15479714330520747,0.1377891899353395,0.12541964070529846,0.13450102508068085,0.11566743080378872,0.22621712100566727
2023-05-02,0.1519643353632637,0.14370305417261642,0.1611470152109516,0.16257066336096818,0.1567444002490732,0.1623172163963318,0.14078844022573525,0.21602027547182137
2023-05-03,0.1470244308707856,0.141976303739545,0.15467851508181482,0.16138071007971821,0.15282117007485144,0.15328747034072876,0.1446412540966755,0.20912300608997403
2023-05-04,0.1382608903636637,0.14050432303391136,0.14981291043231562,0.16114469654990185,0.1477308508032765,0.15075591206550598,0.161747256085666,0.2471719238920306
2023-05-05,0.048505538227794624,0.15370077002107935,0.18203444500232016,0.16066313730261492,0.12418206842604665,0.11867067217826843,0.12186579601547884,0.19809426935098337
2023-05-08,0.05274680194614519,0.14902879098102836,0.16591994425703147,0.14815049533685049,0.13008466543052088,0.13771852850914001,0.1083666711016496,0.21742483888705572
2023-05-09,0.06151084888174641,0.14558690499793983,0.15486268566019382,0.14287277714257118,0.14678524970393475,0.13963013887405396,0.12402283244674084,0.21384979442601082
2023-05-10,0.09908125732992425,0.14221975397014394,0.14537635230302312,0.13367861567026426,0.10998057797635875,0.0984230563044548,0.09281522465831091,0.19058698473459532
2023-05-11,0.11885200927851812,0.13804516757437674,0.1347723605757525,0.1258203645114492,0.1247255898822967,0.11939630657434464,0.10400610574229466,0.19522369996352898
2023-05-12,0.11876350203933947,0.13398150627945654,0.12567348727301622,0.11905022742203726,0.10291753536178148,0.10848690569400787,0.11487564755580677,0.21788545729569447
2023-05-15,0.11690271436505045,0.13040667998591698,0.11905879247564898,0.11295466644356024,0.09341956611584047,0.0924103781580925,0.09640712437817824,0.23439518881628285
2023-05-16,0.1342464755805759,0.12885843812619602,0.11934956170069816,0.1205244620338584,0.11697132419893722,0.11610393971204758,0.11009621685450326,0.20008349018250954
2023-05-17,0.117043586782735,0.13311996426450423,0.1357598650014285,0.12029248642947342,0.10513824069809034,0.09341207146644592,0.09099133852150108,0.1838548498156276
2023-05-18,0.11435483962076572,0.134141261868762,0.1399851532186563,0.11776883331707738,0.10377806343026547,0.1036883071064949,0.09124650423995279,0.17144907442501806
2023-05-19,0.14643392604004493,0.13017641902988378,0.130048166475526,0.11213214120931966,0.11416244801961506,0.12237826734781265,0.10889427580975039,0.2068707289464031
2023-05-22,0.14642983771960266,0.12621216039459035,0.12126183073194421,0.10671016364886966,0.10752182490885057,0.10568311810493469,0.09103981941535678,0.18772376119687761
2023-05-23,0.13005731855958877,0.12999788214435945,0.1351557873397393,0.14048774799914782,0.14368834847848136,0.14122842252254486,0.11488136722357695,0.2024602841457886
2023-05-24,0.1379929459073025,0.12923353099983625,0.13426158589371742,0.14506873809622026,0.14045220861823496,0.13137030601501465,0.13915971382410622,0.22014127992914415
2023-05-25,0.16032609866671654,0.12980286740680808,0.13695228817457358,0.13778865450505173,0.10234026681624858,0.09696020185947418,0.11515125745419419,0.20223585629347718
2023-05-26,0.1320447120119716,0.13557017206190847,0.15225748874599715,0.135460949316646,0.106773499346435,0.10140381008386612,0.10487772040071622,0.18581468872728482
2023-05-30,0.13309543144315078,0.1314401743294668,0.14021728768409272,0.12649176753018826,0.1144504344277235,0.11212264001369476,0.10171602032040089,0.1734725285217616
2023-05-31,0.1286753094181305,0.12964413360977234,0.13581411093684148,0.1298768211893231,0.13380865563804817,0.13457734882831573,0.11811561405579152,0.19342272624293866
2023-06-01,0.11674409592425751,0.13135110404496186,0.14115886181633694,0.12595909651354525,0.10575468374819318,0.09643932431936264,0.09232479151324008,0.17887246426180575
2023-06-02,0.0565798102265274,0.13916251077168618,0.1605735868683766,0.12768317645897995,0.12078772164645914,0.11961492151021957,0.08967761209716926,0.19067989921679626
2023-06-05,0.0856564032692042,0.13514825483927329,0.1479465593379143,0.12104095094549154,0.1255359112649053,0.1190352588891983,0.10151740857111906,0.19005382382022834
2023-06-06,0.09728271398544444,0.13134964132873816,0.13738891256999325,0.1144796590432345,0.10885019331900597,0.10209357738494873,0.08622373259810796,0.16242115377632965
2023-06-07,0.09360852053232636,0.1282112323969095,0.12988277536383833,0.11349405955651856,0.13110193816705962,0.1415613442659378,0.10517376151064492,0.20128227632621384
2023-06-08,0.11928453702624317,0.12659918936128328,0.12750204344388455,0.10976368292574602,0.10442331544557547,0.10353042930364609,0.08767508632843214,0.18715880914931016
2023-06-09,0.12183752525325624,0.12282352943237873,0.1193407844366412,0.10480784436393312,0.09690180956110012,0.0959537923336029,0.09331600458998016,0.18182444384027055
2023-06-12,0.10789492170711723,0.12442678254337003,0.12717384322704917,0.10513012754164483,0.09458685705221827,0.09312532842159271,0.08011014843724515,0.1543310944958761
2023-06-13,0.10310076616182653,0.12359108141492099,0.12691193666904046,0.10340997775265862,0.09820237235728001,0.0979880765080452,0.08030771476397205,0.15058179398247887
2023-06-14,0.10624216138547316,0.11986832031830459,0.11873290992959576,0.0994623739225408,0.09633018539884479,0.09888296574354172,0.07952303885944094,0.14810845143623558
2023-06-15,0.08295708308083337,0.12538622293192273,0.1362581248975021,0.10419214520802293,0.10421697570181374,0.1038379892706871,0.0797363836710671,0.2135003880058745
2023-06-16,0.08496559704234481,0.12240499607065057,0.1287650581671891,0.1048823961131733,0.12230083069437292,0.1184714064002037,0.09883192117144281,0.20287685031820946
2023-06-20,0.11235251590169086,0.12010256260870968,0.12402513442055124,0.10851992173711289,0.12375417918922689,0.1188778355717659,0.10351676699365009,0.21587189538995255
2023-06-21,0.10599738706278508,0.11822578742567011,0.12101863052778856,0.1130123559012422,0.12660993251411268,0.11857009679079056,0.1061175918764779,0.21478925380849928
2023-06-22,0.10746229478315111,0.11552544914617537,0.11611736672725574,0.1081714873830065,0.10231693959491445,0.09888023883104324,0.08846550077891199,0.21278714590465872
2023-06-23,0.12674226609769473,0.11592713835761273,0.12018500715877985,0.12247281675532355,0.12103341583078972,0.11880099028348923,0.1149838386599709,0.19516153787568108
2023-06-26,0.12293650336729271,0.11374760785859503,0.1165891573810684,0.12166899823476564,0.11369609387612624,0.11004029214382172,0.1135833785765339,0.18864006184865723
2023-06-27,0.09364663603404565,0.11884447486715244,0.13213831418339983,0.12073595128272964,0.10110789395983556,0.10138361155986786,0.09270572527562572,0.1836058279058833
2023-06-28,0.10932535311838566,0.1152322217282266,0.12308023661505696,0.1140419141166054,0.10444769257999927,0.10275574773550034,0.09791477106140482,0.1777881131284081
2023-06-29,0.10659645162427754,0.11306192748439099,0.11890837733522339,0.10934367279175322,0.1015090421014741,0.09741820394992828,0.08599526497188609,0.18727682779196303
2023-06-30,0.06449058315196378,0.11943364859091013,0.1366481402237252,0.11179866976029136,0.10143558885281526,0.10003069043159485,0.08478996305650928,0.21078890151268698
2023-07-03,0.07978561993883569,0.11588455528847134,0.1271306189345915,0.10652748989952025,0.11127855565291701,0.11829137802124023,0.09583403664720473,0.1907338623989862
2023-07-05,0.09443520626623426,0.11261514520590486,0.11950101452828646,0.10343522609149099,0.10338715071473933,0.1004948541522026,0.10290933861800462,0.18258487463866352
2023-07-06,0.09651335790351956,0.11348056689368947,0.12346078851324083,0.12041805895309822,0.13364422373030213,0.1309698522090912,0.10987686576586143,0.18881871762018576
2023-07-07,0.09461955766353035,0.11058771331218677,0.11718078762374814,0.11634742313252389,0.11770042718827528,0.11639603972434998,0.10792627216504513,0.19766066813097893
2023-07-10,0.09699641915797057,0.107624859007758,0.11149429057041084,0.11059606886485646,0.0928261544815227,0.1055653765797615,0.09768160405585596,0.2035861916003568
2023-07-11,0.09832392074582089,0.10756781179140247,0.11413097409782402,0.10772856598962748,0.09179083959582832,0.08436764031648636,0.08325071906913721,0.18333116447795833
2023-07-12,0.08484829643960977,0.1081709645895625,0.11783238974679545,0.1058502272075217,0.09536253150520829,0.0918087586760521,0.08678480240760257,0.1853162497585814
2023-07-13,0.0770093594456479,0.10988423242373363,0.12349965349564644,0.10517687877439333,0.09535432079596241,0.08883155882358551,0.0824131403657086,0.17179577579521013
2023-07-14,0.07669934230529908,0.10661123398440138,0.11593299013104238,0.10131696966066471,0.09680722947981428,0.08304411172866821,0.08071954530253521,0.16409182902946584
2023-07-17,0.07715864023653568,0.10444078595569178,0.11212607200948563,0.0985338207058283,0.09273661480676183,0.09740030020475388,0.09876599370477726,0.15898733248036825
2023-07-18,0.06177890746184493,0.10494713906022296,0.11553363350865532,0.09819605674462763,0.09738018898133528,0.101669080555439,0.09863728658862782,0.15183104675131287
2023-07-19,0.059483608303265045,0.10216131056879356,0.11007282850199247,0.09544883834909641,0.09650808244929675,0.10269919037818909,0.09426500174462789,0.1582898737747594
2023-07-20,0.05757935459232126,0.10249743506300012,0.11316479110211648,0.10938498923296289,0.11128879494227788,0.11738505214452744,0.10987899800038145,0.19331107089037255
2023-07-21,0.09044096419920458,0.09938293813135167,0.10705591011015474,0.1044605250665603,0.09287947488823009,0.10107112675905228,0.09655599735767224,0.17219067618340828
2023-07-24,0.08643607107115675,0.09761880021858,0.10515340584015523,0.1011942651288823,0.0930161020816812,0.09844858199357986,0.09245061484894312,0.1529261756854371
2023-07-25,0.08620881134621011,0.09527389218512204,0.10194530022055033,0.09804901350968992,0.08763814254632311,0.09345889091491699,0.08986595795237934,0.1592217670821539
2023-07-26,0.13122237890038396,0.09237344334319525,0.09766450243672148,0.09501453406050513,0.08495846046356408,0.08553693443536758,0.08413513853087733,0.15736365235283684
2023-07-27,0.12431243691301563,0.09300007203497121,0.10284664721186033,0.10756118809006826,0.10640193960445958,0.10747460275888443,0.11468393475882427,0.19396599595568792
2023-07-28,0.10957837306597172,0.09793322226088087,0.1169529750967636,0.10778996301921007,0.09320960247473456,0.09448512643575668,0.09930329723389741,0.17616193695099946
2023-07-31,0.12635827326578405,0.09512112721224548,0.11059769852224854,0.10321981737835409,0.08819068810050411,0.09103232622146606,0.08632821122629644,0.16735255251152517
2023-08-01,0.12848382006995968,0.09280531627232966,0.10626023502433464,0.10186542524948784,0.10027991846140841,0.09979033470153809,0.09415607900351354,0.17046986474648185
2023-08-02,0.09609481858948142,0.10503632024576041,0.13515492640736101,0.15405571118359138,0.13756937483301548,0.1418246328830719,0.14841479465727378,0.26654019609455637
2023-08-03,0.09438930192201139,0.10231853779326967,0.12668641054482127,0.14414229388232275,0.12620970865167053,0.13521261513233185,0.1569378967850928,0.27968610222334905
2023-08-04,0.08685479771799381,0.10133080960469659,0.12325689138041765,0.14142529971598727,0.1202814307329896,0.12225846201181412,0.1498506006568585,0.2635308907151137
2023-08-07,0.07164701919904126,0.10426947200108622,0.12911992190492416,0.13490618215314432,0.10363582514713185,0.10376062244176865,0.11395612181536241,0.19753777430764718
2023-08-08,0.10505110719832352,0.10242059695113374,0.12353127196759883,0.1311382824192841,0.1255758777951291,0.13371986150741577,0.12599497852950287,0.21326634526356053
2023-08-09,0.1068642299707584,0.103029064089202,0.12432500248605594,0.1367561113590523,0.11861759545388274,0.12354877591133118,0.133056445702739,0.21865763184969866
2023-08-10,0.12015961583179532,0.09989513967743312,0.11647468979953693,0.12772152079689592,0.09939721625471222,0.10418909043073654,0.11631456455636113,0.19486283762800782
2023-08-11,0.11992379430117586,0.09694130211450547,0.1100492388811115,0.12034582862338908,0.09800023425027878,0.09400192648172379,0.11382583671889193,0.20955111602029688
2023-08-14,0.12285524276653893,0.09659651509816153,0.11070935996581806,0.11523704846438136,0.09318051757102375,0.09718214720487595,0.10905101114001241,0.19120046366986004
2023-08-15,0.0931678297436305,0.10398052082160848,0.12869115627002825,0.14717875833163505,0.14308116122476247,0.14497755467891693,0.1427304031560803,0.23440966422209983
2023-08-16,0.10891446467430103,0.1050376524531452,0.12961780973985304,0.1510401619339372,0.12306389504688094,0.13661998510360718,0.14430950020644917,0.24644851961378111
2023-08-17,0.13451210885726977,0.10619507984214195,0.1307305730816935,0.1546211462169716,0.13445342233902563,0.12761613726615906,0.1481680065095255,0.22538974840937348
2023-08-18,0.14265977480767297,0.10296157386566301,0.12191061900479003,0.14311821736938643,0.10729792075979341,0.1062672883272171,0.1306237063983767,0.21282618471033263
2023-08-21,0.14123978095756926,0.10332306837683412,0.12255213677138395,0.13505013124390997,0.10151146361998706,0.09554664045572281,0.10921197035654939,0.21238939301415838
2023-08-22,0.17325022925159128,0.10075754266266986,0.1163433743043299,0.1284593758211912,0.10995760828318472,0.10350498557090759,0.11993644433482303,0.2206748020873846
2023-08-23,0.15707423895704714,0.10661739510612107,0.13030625162619494,0.12576821459401213,0.10193642083602407,0.09798435121774673,0.10008948868084513,0.18519903359878623
2023-08-24,0.1246930985533531,0.1160217130662499,0.14936681687247733,0.1646921875063871,0.1433018747044051,0.14109595119953156,0.13945346308095202,0.21537935902518973
2023-08-25,0.11598187461238588,0.11546082111919001,0.14435814646788592,0.15341884332571415,0.10682314047855834,0.10627090185880661,0.12698363575015453,0.20288569914970783
2023-08-28,0.11124958478197117,0.11454703994961901,0.13941099324095133,0.14355934075639165,0.10638609268187754,0.10141822695732117,0.11813588663563646,0.2010116953365556
2023-08-29,0.06622996367669458,0.12438174341488589,0.1588751212398469,0.1414933498197833,0.11919406518831531,0.11919523030519485,0.10634437531173618,0.1964540477091113
2023-08-30,0.06457635395357017,0.12150671945079035,0.1480738089229325,0.13242012037149664,0.11732156161886362,0.12187432497739792,0.10299079081228968,0.19407101495376822
2023-08-31,0.06437235519832973,0.11796893948928706,0.1371418641668083,0.12479784180237881,0.12065659969800051,0.13432656228542328,0.11902724140151373,0.2187948956043922
2023-09-01,0.07901932507446083,0.11458849833889762,0.12791865419734055,0.11769999164988944,0.10716666637282303,0.10231209546327591,0.09851689051737735,0.18897126961400457
2023-09-05,0.08365538489523049,0.11229332214183592,0.12252013526365156,0.11703946824820848,0.12581925589863846,0.12798094749450684,0.10863961476536603,0.18785287823232028
2023-09-06,0.06788989344152394,0.11221960333875625,0.1233530053245352,0.12572177413469415,0.11874078092733016,0.11870581656694412,0.11802559911823135,0.19056940737730127
2023-09-07,0.08740290782303427,0.10951743283128777,0.1174743002868276,0.12141700193318682,0.11322593854643255,0.11115413159132004,0.11522865120354252,0.20826198264989215
2023-09-08,0.12280237651281604,0.1063256938858469,0.11106003448159109,0.1147650706463031,0.09164728509116209,0.09486258774995804,0.10316474948753636,0.199901610880392
2023-09-11,0.11332928583092623,0.10632861131563563,0.11368670958764684,0.1111475088207154,0.09158784913471532,0.08607932925224304,0.09423078862411068,0.18243892570418402
2023-09-12,0.10692393274373746,0.10545508882200513,0.1135378834754283,0.11644786788932963,0.11464205847577678,0.10969125479459763,0.10826150986216947,0.19146031333915875
2023-09-13,0.1258796758454481,0.10235628980930252,0.10766193351427128,0.11052663842830372,0.08769608736657046,0.08756302297115326,0.10381967746335578,0.2136981658140154
2023-09-14,0.16148350717936033,0.10446862563420073,0.11567346897070126,0.10886808039607869,0.09023434848903596,0.0844852551817894,0.08588634358706342,0.1769622445291506
2023-09-15,0.1371114315161723,0.1119015098368001,0.13433129251180073,0.14659600565411404,0.13908350299827787,0.13281971216201782,0.13450850313730792,0.2298751832006152
2023-09-18,0.13994927526594758,0.10852875945701652,0.12505415441779308,0.13622606567227513,0.10768960973411276,0.09901737421751022,0.12122178751164348,0.2209845708974567
2023-09-19,0.17452136295154935,0.10555515539592669,0.11790447768803189,0.12860817438245137,0.11570389079137419,0.12023257464170456,0.11930013889700491,0.23917775577187855
2023-09-20,0.16115144295637973,0.10872234292299551,0.12637999435932004,0.1446290496632805,0.13489477266856917,0.13538150489330292,0.1416341055546304,0.2197388369486084
2023-09-21,0.1180128099367983,0.12347540788273327,0.15871224851643972,0.19400382059338225,0.14619652936883804,0.15619707107543945,0.15214410814168586,0.2586550714326157
2023-09-22,0.11845610748400459,0.12004694092524709,0.14660769890090689,0.1784492363578117,0.12327016321597296,0.12230841815471649,0.16589794358075025,0.25950846126139526
2023-09-25,0.11497699709498924,0.11743223170085368,0.13790401500488483,0.16439307110012186,0.10753440802405398,0.1016881987452507,0.13769700007141245,0.23074406014383447
2023-09-26,0.10847655582014339,0.12765026416950792,0.15942229446388836,0.19667666467297523,0.15307410297345903,0.15784186124801636,0.1643482303844735,0.25250124248135536
2023-09-27,0.1226888090719845,0.12376473426617216,0.1465289788840817,0.17982269606704562,0.12383045223554293,0.13763925433158875,0.15741730450804084,0.23900319046492427
2023-09-28,0.11575082597956889,0.12215023117438682,0.14055716592626954,0.16621547499125336,0.10345859160655521,0.10188376903533936,0.14542068847840164,0.22302370825236176
2023-09-29,0.14135207660690519,0.11889805851877727,0.13148115854814285,0.154974964458874,0.12356925464112713,0.12300878763198853,0.15252194042541695,0.24733666797392678
2023-10-02,0.14822403151128802,0.11527635775319257,0.12258511527104414,0.1435214827737138,0.11011706347977271,0.10398552566766739,0.12790778530447933,0.21957800788491222
2023-10-03,0.11694969090809029,0.12404530209062387,0.14503196155763604,0.1771551304721034,0.15312500129865542,0.14936445653438568,0.1598031063788331,0.25693470325700407
2023-10-04,0.10636773825080112,0.12429968570822293,0.14374707470644416,0.16489764188595232,0.10516729988767809,0.10363754630088806,0.14577718523509917,0.22720018659897265
2023-10-05,0.11492231101725586,0.12061978363032701,0.13335067839235146,0.15256056126482775,0.11456595859440499,0.11678352952003479,0.14808275347851207,0.22957757797367861
2023-10-06,0.08677483462771697,0.1255473659891783,0.14503935449922786,0.14641217917815003,0.10697550250874154,0.10722019523382187,0.11908757344499382,0.19795661450043472
2023-10-09,0.10553281378363119,0.12415109368750422,0.14005947532639518,0.13764080068738702,0.10811008447018138,0.10590339452028275,0.11028333789379838,0.17847372254998925
2023-10-10,0.09888245126310019,0.12205187855624927,0.13409176608924675,0.1296667044345132,0.10357470002890556,0.10660959035158157,0.10685710211431895,0.21921213318741237
2023-10-11,0.13425794365167465,0.1195003354444869,0.12778813593000773,0.12251541203171781,0.10321654380461515,0.09761391580104828,0.0971491522929149,0.1864451635471063
2023-10-12,0.14037115776880732,0.11839412129681383,0.12596130241993136,0.12703339291609247,0.12739331529290215,0.12893930077552795,0.1176564349035116,0.20097023529804667
2023-10-13,0.16282690421024443,0.1164427542730659,0.12219089615687555,0.12673260119650548,0.11527798678689502,0.11824384331703186,0.11816191707644647,0.19019076821301167
2023-10-16,0.14511534016531824,0.12010267442007543,0.13292517613541588,0.12393484392597522,0.10493633997535427,0.1061762198805809,0.09940720663800086,0.18440342822506273
2023-10-17,0.15394633726730686,0.11644448983369793,0.12384489795510321,0.11685743360297482,0.09830426820843191,0.09704605489969254,0.09828266678826611,0.17125316141621869
2023-10-18,0.1582441402698483,0.12448881763189604,0.14445905000172032,0.15837242587172803,0.14097895819000444,0.13661301136016846,0.12913381254935083,0.21306429936253843
2023-10-19,0.16889145396054842,0.125159639337042,0.14431540356317182,0.16298989706959205,0.13642882438526852,0.13511550426483154,0.1469096852215715,0.2126571101817079
2023-10-20,0.14699255645350573,0.13095945167399092,0.15610581571229093,0.1842738641894841,0.14543355122157794,0.15491746366024017,0.15586710446546315,0.232945530722239
2023-10-23,0.16925349468409892,0.12713923843679134,0.14413218391707888,0.16962105048003717,0.12024697367467833,0.12885728478431702,0.15677540295872017,0.2399625779420428
2023-10-24,0.1676444713419813,0.12643960055787062,0.14118647776632517,0.1580198107270438,0.1138506280038996,0.11425653845071793,0.12995325755159443,0.20998455565254276
2023-10-25,0.15197252462730806,0.13484057193928004,0.1600330549655676,0.18981822120725134,0.1526336714886931,0.1562253087759018,0.15722283634125211,0.2544695614534519
2023-10-26,0.18315850796239783,0.13868422110795814,0.1655672052572271,0.20054364619393142,0.15134999818208678,0.16523177921772003,0.17501842086751254,0.26012714994687824
2023-10-27,0.19179695576631622,0.13575492516193696,0.15498201418139868,0.18770893325624616,0.1356927585860869,0.13945946097373962,0.1758097544085756,0.2584527026635185
2023-10-30,0.17250307299430573,0.1395659217462943,0.16179225492858382,0.17635528519728225,0.12813144769320015,0.13175208866596222,0.158390501141334,0.2262940421698336
2023-10-31,0.167520972487991,0.1376217806552024,0.15424806459041637,0.16352610629829825,0.11794265586335673,0.12655499577522278,0.12988367643985213,0.22507815402779044
2023-11-01,0.15036308393084277,0.13948078250468068,0.1569756833256485,0.15469816531739264,0.11237426768682253,0.11528009921312332,0.1276162231316331,0.20441220160326987
2023-11-02,0.09130833164584068,0.15350981968564342,0.1873276880703427,0.1553501502266511,0.14325041820683537,0.14101950824260712,0.12095367690831271,0.2028689288189992
2023-11-03,0.12662228230146433,0.15320947793347944,0.18093557226014262,0.14701939232487607,0.1416314091183294,0.1413477212190628,0.11824987128217149,0.2031961404516213
2023-11-06,0.12615005099293566,0.14869814274502272,0.1656438101175371,0.13679682488002096,0.13881280969562038,0.12499981373548508,0.08813605854667936,0.17611796060957227
2023-11-07,0.18303828010765966,0.14458937026736265,0.15308424594035522,0.12819532917975868,0.13896818349431794,0.13255201280117035,0.08510580154299224,0.16633029895066703
2023-11-08,0.18324984023357097,0.14023899072107973,0.14130176825741284,0.12053375152157342,0.12133260982150144,0.11949680745601654,0.09952563998507058,0.17323851046370065
2023-11-09,0.17415928361213803,0.13958177440508773,0.14084739416192324,0.1327188965403279,0.1349737980141707,0.13640627264976501,0.12143835802607142,0.18798725870482527
2023-11-10,0.13532263205619735,0.1481373686772504,0.16371519781836005,0.1338310701490168,0.11641659293948976,0.11565607786178589,0.1020206151247744,0.2201461283207659
2023-11-13,0.14494628487684938,0.14366130749327663,0.15045628557200538,0.125525450047733,0.13020431495992327,0.12768709659576416,0.11450753239232461,0.23118036770510833
2023-11-14,0.05675490088571877,0.15747579680082446,0.18377743495608312,0.1330096245509386,0.1484033007964549,0.14433565735816956,0.10299809731066226,0.19234652526199816
2023-11-15,0.0626151227902202,0.15280448375437936,0.16809091227665296,0.12462272684083492,0.14884377691413558,0.15348203480243683,0.09895411509082824,0.1894169394205621
2023-11-16,0.062187301901433664,0.1482216548808869,0.15436924649568284,0.11745748134951131,0.1469665750184451,0.15219038724899292,0.10680257926384942,0.19172580751280324
2023-11-17,0.06306637368609004,0.14379255751915443,0.14254634746244657,0.11140987396410869,0.11779521458735064,0.11794283241033554,0.0974471608938949,0.16967387244275972
2023-11-20,0.035962271284669764,0.14232166707812224,0.14017010288056242,0.108833225950407,0.11330317899503804,0.12105081975460052,0.09024271419625184,0.1901664385048618
2023-11-21,0.033648129518965765,0.13821001074742612,0.1307163887685457,0.10543929136658316,0.11241806404935499,0.11976677179336548,0.10239816227296596,0.20371966905260686
2023-11-22,0.03198891670571292,0.13492312020877856,0.12467611691546843,0.10205247199115028,0.09579804208019675,0.09737590700387955,0.07932671850499382,0.14938777631100883
2023-11-24,0.05228795218138038,0.13083339357785065,0.11689079090712132,0.09842099617869898,0.0973699990427114,0.09387127310037613,0.07913387749047324,0.15561772878916308
2023-11-27,0.06343108014309508,0.1270755150099315,0.11092310406587313,0.09678349382149241,0.09866118330985152,0.0931447371840477,0.08555249235497973,0.16042160726057553
2023-11-28,0.06317794580157092,0.12326315695218522,0.10537479518649953,0.09407301004639458,0.08971907732991041,0.08648394048213959,0.07755542304030251,0.1285979984294493
2023-11-29,0.06869004123617412,0.11956474637393462,0.10072120104356667,0.09211496048243563,0.0839497362344518,0.07689762860536575,0.0783306580838732,0.13089161523254433
2023-11-30,0.08469970818058847,0.11684894022975381,0.09964717950353004,0.09094702996283194,0.08445793076175633,0.08131033927202225,0.07814328636943718,0.1120012326535525
2023-12-01,0.07929231902624168,0.11555543906921638,0.10285972017538896,0.09111918891028493,0.08699161204841933,0.0851418524980545,0.07522501247183412,0.11639827871874898
2023-12-04,0.07468712753894567,0.11400249899216339,0.10438749340681429,0.10032191120949234,0.10756869101266724,0.10260669142007828,0.09593667176481928,0.15865334861841646
2023-12-05,0.08138261901866428,0.11055166846243772,0.09980111791011965,0.09706153351045865,0.08804513674257729,0.08685989677906036,0.0896590524648847,0.16738661754108686
2023-12-06,0.12294738392895731,0.10825886965966691,0.09913373007603012,0.09981484670109599,0.10941516021408917,0.10327927768230438,0.09971136515062785,0.1593424561984047
2023-12-07,0.11087646756797083,0.10940379107016975,0.10803128959210798,0.09973704579472435,0.09094372266740557,0.08780896663665771,0.0816148086190213,0.14658815923333063
2023-12-08,0.10701387276780049,0.10725489580121907,0.1060304147151886,0.09731708896056812,0.08756652468934792,0.08400879055261612,0.08217451498554151,0.14411385786430042
2023-12-11,0.10820165334170333,0.10509689962056905,0.10414413426033674,0.09525086269147394,0.0879929734355663,0.09320034086704254,0.08467812560863493,0.1484505599773645
2023-12-12,0.11122363426213878,0.10344574287382798,0.10374862070172791,0.09385879218037724,0.0874593634641827,0.09101198613643646,0.08524720902945399,0.1404667559212029
2023-12-13,0.11889123332498287,0.11330688734907504,0.13171120040852088,0.10124366742754273,0.09945288777245928,0.11744045466184616,0.10262579634515487,0.23986659211302094
2023-12-14,0.13811874118663814,0.11033498467503772,0.12388859400044883,0.09805077567763397,0.09868127433737818,0.09082221239805222,0.07805498756535122,0.188119756729079
2023-12-15,0.13861874128186757,0.10697414746940684,0.11612113346771145,0.09505509314687989,0.1006505293249739,0.09470531344413757,0.07682819766553185,0.18658973751219055
2023-12-18,0.13814860423124317,0.10519273347745076,0.11329332668645355,0.0936899174133971,0.10058989997348032,0.09244495630264282,0.07845837233017233,0.15484576189319638
2023-12-19,0.13215005265660404,0.10449351713433708,0.11349235241258167,0.09332738860432359,0.09649911715925752,0.09003393352031708,0.07541610903028699,0.16747134222571108
2023-12-20,0.08025673746384675,0.11650141751831154,0.1429408354824321,0.15405244739730323,0.14380617710718233,0.14545708894729614,0.1376481930353161,0.24384112270553077
2023-12-21,0.039383372590569066,0.11977641263676327,0.14766025459867776,0.14651012916407297,0.1056067190646973,0.1003062054514885,0.1197361883922548,0.19653158013066957
2023-12-22,0.055104463564300564,0.11630650982262615,0.13681141928777138,0.1363340367417557,0.1115753060665749,0.10838861763477325,0.11745321870257686,0.22548375025799106
2023-12-26,0.07350311985900493,0.11395256663057118,0.12995675250185715,0.12822891863044864,0.10821159350861104,0.1113036647439003,0.10516847388800746,0.18852052183803683
2023-12-27,0.07677340546749217,0.11062084198855716,0.12164764300305032,0.12068775854618767,0.11214443912853604,0.12457016855478287,0.10553890745700815,0.20140803418667536
2023-12-28,0.0778134669453195,0.10726054053909742,0.11428132626719464,0.1141896907595572,0.09260757523066349,0.10334762185811996,0.10785774266176196,0.20013891052283617
2023-12-29,0.12470792276156943,0.10457375167410708,0.10952920363258307,0.11121150495553547,0.11690789706141005,0.10977479070425034,0.1314543803974443,0.22643076272750431
2024-01-02,0.11848290351988171,0.1037630159146931,0.11015203724471251,0.11625399373040261,0.11535864090699124,0.11326105892658234,0.1278591605605251,0.24531685493454997
2024-01-03,0.1112751385303792,0.10535765348991419,0.1164609531619085,0.12926051982178619,0.12389607155055232,0.12189780175685883,0.12536994700751533,0.1956514439774983
2024-01-04,0.10867584284755853,0.1030172299882483,0.11202272505154999,0.12480502056760268,0.11085233115386194,0.10631096363067627,0.11676389391405062,0.20630950706881956
2024-01-05,0.10803313251767338,0.10013042377167056,0.10676904617119207,0.11781178289336446,0.0872061604174074,0.07989616692066193,0.10153875747007611,0.1807423146931577
2024-01-08,0.04974519259029419,0.1113319817622594,0.13530797618950793,0.12019364426127889,0.10362814155033918,0.09625960886478424,0.09458086529962041,0.20278985688678242
2024-01-09,0.06295563691373891,0.10809345672283338,0.12621603241614285,0.11443067468598098,0.11613968730669832,0.11510439962148666,0.10636172011389941,0.21041817344620437
2024-01-10,0.07891793845912996,0.10707851585234256,0.12348021966576565,0.11032813320986053,0.10245158397016178,0.09596475213766098,0.09228577557138225,0.19690837244621534
2024-01-11,0.11727766096086586,0.1038492820740638,0.11590710509334087,0.10556807075132618,0.1150882719007323,0.10975729674100876,0.09908779602934609,0.1964002073227335
2024-01-12,0.11818542642988351,0.1007279192957768,0.10953371355717405,0.10144257928736947,0.11015285175142361,0.1098419576883316,0.09460269204833052,0.18236992146380684
2024-01-16,0.11701425324356222,0.09873524874985533,0.10674556527791318,0.1028142463198364,0.11497479369741637,0.1061653345823288,0.10409196966946724,0.17407220264584425
2024-01-17,0.110120204508359,0.09820108262096959,0.1078475233441273,0.10970125018258323,0.11160472788389333,0.11482451111078262,0.11214181428414513,0.1994997453560375
2024-01-18,0.09818496528807755,0.10112813160396471,0.11679296051997795,0.10844832124947557,0.09150108998120288,0.09012080729007721,0.09182849178849706,0.1684169864916707
2024-01-19,0.04596729932901332,0.1089857836148212,0.1348705852011845,0.11077632180119125,0.10272738926512835,0.10153847932815552,0.08183786629403202,0.18762382290030089
2024-01-22,0.06875557977034469,0.10600882646229454,0.1262666904829507,0.10598955053298974,0.10615958242298577,0.11324622482061386,0.08876499097257161,0.1960547988435557
2024-01-23,0.06570115742046405,0.1034034022009784,0.11963337555043482,0.10217040110897775,0.10540305468452818,0.10928021371364594,0.09727781205025073,0.1878841974265551
2024-01-24,0.13255438819076462,0.1003029770652586,0.11269484735453789,0.0985979904900046,0.10696929012652295,0.1114334985613823,0.0938846353920849,0.17719125948052128
2024-01-25,0.15476821313531888,0.09936421839583987,0.1118004082699535,0.09700681826320472,0.0973723730322701,0.09953135997056961,0.09325992151384237,0.17288242092576805
2024-01-26,0.1721174890412715,0.09637053777890925,0.10605389405411848,0.09442252537849459,0.09114203458723923,0.10329993069171906,0.09375078219602916,0.16254861524942432
2024-01-29,0.16517045383600648,0.09791317164130058,0.11187966566823242,0.09513577640512004,0.09130522228576865,0.1022040843963623,0.09117781844445481,0.1769937259004356
2024-01-30,0.16592618661326033,0.09495908649074175,0.10610501981126778,0.09284742279188798,0.09230062308951234,0.10394018888473511,0.09004902569787668,0.14989654449956583
2024-01-31,0.13281387969386058,0.11163494515616212,0.14437770047667034,0.1629578698274476,0.137837081573029,0.13570676743984222,0.12178773468702858,0.22910215741365975
2024-02-01,0.09942862798589046,0.11851405584786656,0.15521841511808288,0.15570284707514967,0.11632888231498884,0.11357714235782623,0.1202953485962602,0.19590282348959173
2024-02-02,0.07645794616244023,0.12210914440269148,0.15813756715124289,0.14818215717611108,0.11762339904816628,0.12462073564529419,0.11794857283172402,0.20162380834159646
2024-02-05,0.07333425413510332,0.11903782867676284,0.14691370741049609,0.14032832698319664,0.1342160929406692,0.14126886427402496,0.12818190434370746,0.21408387438748588
2024-02-06,0.12109524391452375,0.11575978934392718,0.13666144451240303,0.1312524780274849,0.1186373157491859,0.12586091458797455,0.09784776266827394,0.1788153752328377
2024-02-07,0.1258975274095988,0.11668283433779336,0.13731959619981432,0.12592430642426022,0.10403533799322812,0.09875401109457016,0.09063377088487157,0.17003794616639623
2024-02-08,0.13240771004816365,0.11314994714446108,0.1277128547218214,0.11873309635093361,0.10270202582958639,0.09823814034461975,0.09773955628743321,0.1797670120792642
2024-02-09,0.1305675571146833,0.11193954683752333,0.12484421187957712,0.11401027637877881,0.0947582908388006,0.09088577330112457,0.09076640951791226,0.16362684044399678
2024-02-12,0.13722628756296065,0.10859218712686972,0.11717876379862684,0.10888009312302711,0.09639223838390297,0.09021362662315369,0.09118509831578377,0.17974955382496954
2024-02-13,0.09673128515937184,0.11811475501258871,0.14074998063043034,0.1547155201275614,0.15359268301187268,0.1505574882030487,0.137570327876952,0.22572590111091406
2024-02-14,0.16369750502579034,0.12036794902801234,0.14387870787605853,0.14660514437171474,0.10372684209707925,0.10404258966445923,0.12460278824481025,0.20189311273905292
2024-02-15,0.15844544621783735,0.11886353766046759,0.13826395092656912,0.13770858477896863,0.10334090705805936,0.09916950762271881,0.11379486974424535,0.19441824685877973
2024-02-16,0.15704110823922093,0.11675350091960572,0.13204969107953293,0.13489555104249148,0.12566268171092937,0.12538202106952667,0.12345222386145024,0.2115653259920421
2024-02-20,0.15159092914290226,0.11559444612163947,0.1289325453361616,0.13593800188815724,0.12810316557115203,0.11926174908876419,0.11933236578321588,0.18493667440331113
2024-02-21,0.1517832862542899,0.11218059416755859,0.12078910232980623,0.1273940112344662,0.09847090255855873,0.09756635874509811,0.1113550793282429,0.18776751494926608
2024-02-22,0.04886504897066119,0.13577853134745616,0.17416528777542334,0.13641586875350512,0.11962390711441369,0.14323025941848755,0.11016528470249212,0.1832986844125513
2024-02-23,0.07475237558672909,0.13164912040790064,0.1595289137538666,0.12769459288337617,0.12835797049610523,0.1302931010723114,0.10359312321761041,0.18391690503576189
2024-02-26,0.07024464613511788,0.12848828099015908,0.1488095673063772,0.12430910725401101,0.13880642606429,0.1471327394247055,0.10771307867274937,0.18714255053804574
2024-02-27,0.10039033335468896,0.12475028209556369,0.13805376246164602,0.11750658033266828,0.11565883680146762,0.10768331587314606,0.08845763457790182,0.18974444446936414
2024-02-28,0.10613537698843993,0.12112190577405199,0.12881488610312164,0.11245396801098649,0.12593881057737283,0.12359604984521866,0.09454169937237565,0.194660329006756
2024-02-29,0.12324926016749078,0.11917032437573079,0.12487832484592595,0.10851820126014182,0.09464288278287018,0.09406762570142746,0.0992568762584252,0.194275605825953
2024-03-01,0.11893860165705666,0.11963001101892569,0.127444182629186,0.10686131738387664,0.09601547996475379,0.09283369034528732,0.08695911601447184,0.17391471736394484
2024-03-04,0.11890369195430811,0.11607848147923083,0.11955130578200517,0.1030870943501986,0.09790753060616732,0.09521040320396423,0.08903084575984845,0.17290001056943305
2024-03-05,0.12288920075508998,0.11938543662910896,0.12977568625859426,0.1307747706983435,0.13487699566220143,0.13672274351119995,0.12602485792974114,0.19216680975893616
2024-03-06,0.1181671898843042,0.11745339690273071,0.12552809798334705,0.12394434086809333,0.10369021778209991,0.10523764044046402,0.10267248250374969,0.18146096043119606
2024-03-07,0.0953075935505007,0.12065057852880981,0.13421493240806268,0.12125893878438988,0.10285363946175702,0.10109979659318924,0.09939468848207512,0.18702734457948722
2024-03-08,0.09514903480940166,0.11971565862637755,0.13171825988653033,0.12698986379461577,0.1280112502276092,0.123918816447258,0.12093831736626318,0.19929133353786757
2024-03-11,0.10482850718915848,0.1161507313033989,0.12317267511096856,0.12006866398207902,0.11147241977081665,0.10565715283155441,0.1050741181423521,0.19666183206193208
2024-03-12,0.07958840241415818,0.12065552038047722,0.1352586396159877,0.11881189056777115,0.10278374158275817,0.10323624312877655,0.09485141568922158,0.17737897493981475
2024-03-13,0.10053814530114102,0.11721944790383562,0.12658249026732907,0.11385796578350331,0.11417003812840437,0.10948432981967926,0.10495670219632651,0.18991082520904806
2024-03-14,0.10108170736593397,0.11419706869190221,0.11996598038872396,0.11111938645786962,0.1157347558148635,0.1116323173046112,0.10632798745951971,0.19539675553984365
2024-03-15,0.0904693709880858,0.11356990466649468,0.12014377296399283,0.1190916619981699,0.11594345213763528,0.11388376355171204,0.11129803292183804,0.167261494674819
2024-03-18,0.08159227000814462,0.1128007215255787,0.11985085926195925,0.11460529227619504,0.1021764423381718,0.10004109144210815,0.09589659382467602,0.17095253203873967
2024-03-19,0.07385198241539247,0.11153642334590565,0.11829735790793428,0.11051873145327569,0.09358759200644316,0.09204153716564178,0.09427319308445455,0.1710894930146694
2024-03-20,0.07221850526414894,0.11349952604239885,0.12470198784053903,0.10912932414390213,0.09859414644360584,0.09254305064678192,0.08824283029712802,0.16669345233418115
2024-03-21,0.06893492274716245,0.11075688333968105,0.1187403982838293,0.10500658896716027,0.09975411473365423,0.10256996005773544,0.10707242309080152,0.20304845121653464
2024-03-22,0.0696961378749129,0.10752130770031514,0.1122780243372815,0.1017394423096535,0.10522522148248928,0.11357845366001129,0.10461413847125146,0.17657881822279664
2024-03-25,0.08394131727228873,0.10492247647636414,0.10819162928873201,0.10154885711691997,0.1107666300796766,0.11176793277263641,0.10275046882763228,0.1777901491763415
2024-03-26,0.0819139534441503,0.10230864412611984,0.10452534781741843,0.1008821533433137,0.10245290678790915,0.10887552797794342,0.10107682307357653,0.17877109659826135
2024-03-27,0.10368782639281414,0.10466921899460599,0.1136338379235635,0.1010833281765161,0.09268329067388692,0.10356172174215317,0.09121882745273689,0.18143260215617996
2024-03-28,0.12972691611274087,0.101573290495566,0.10783532969417643,0.09784038700431925,0.09302366884502941,0.09519504010677338,0.09035807485029441,0.170990157502595
2024-04-01,0.12896274189382415,0.09879035071615365,0.10350583704290499,0.09653087277516324,0.09411000650273442,0.09127882122993469,0.09752864358566303,0.17797616441353759
2024-04-02,0.11864289886367779,0.0998603208541027,0.10912586195750808,0.11162700709941635,0.1093678501772468,0.11962233483791351,0.11220134226427252,0.18708345499875795
2024-04-03,0.1362596684172835,0.09691099073087706,0.10403193794663576,0.1066744852635035,0.08876936898806181,0.08916354924440384,0.09890124283832998,0.18030693417517035
2024-04-04,0.11651677402112633,0.10562777499658775,0.12646261367468895,0.14520368614047316,0.12758075995919677,0.1484362632036209,0.1399066208936229,0.23710635938494948
2024-04-05,0.13514317455633337,0.11104049769230596,0.13732576303286304,0.13953210030557922,0.10271882858405527,0.11233951896429062,0.11254968670072368,0.213985826716445
2024-04-08,0.16008931205938692,0.10766761566476152,0.1277685725548313,0.1304880265966896,0.11161285523936612,0.1122671440243721,0.11982460011550225,0.20426466659464873
2024-04-09,0.1604276268885163,0.10453862167400517,0.11994763506338778,0.12278811504990936,0.10749096187600349,0.11667723208665848,0.1135273199707377,0.21229134371430755
2024-04-10,0.1512628413732293,0.10787851230136122,0.12773797760039643,0.14026521197573608,0.13720177196398023,0.1335856169462204,0.12423959425703948,0.1887106155516333
2024-04-11,0.14266735684056975,0.10849579052875895,0.1283271759371527,0.13304877183684202,0.10292087302463272,0.10604888200759888,0.11127196713634821,0.1964490776444325
2024-04-12,0.11587157999417068,0.11963908624293215,0.15135152228280976,0.17428165453725633,0.13814790310035613,0.13707047700881958,0.13917907851987657,0.21489634516888437
2024-04-15,0.09931356449608388,0.12516507589743828,0.15921003302580639,0.1894564818064166,0.1543841460634808,0.15178282558918,0.1625078100184394,0.24776318328775893
2024-04-16,0.1295338613143287,0.12161577211578617,0.14717820095961207,0.1747387395674157,0.12432345386947043,0.1285390406847,0.15418229153992413,0.24387036724628686
2024-04-17,0.12283072026942002,0.12004644425883855,0.14103261115741472,0.16807817981004536,0.1356912250253223,0.13233087956905365,0.14849909894525826,0.22037080988645374
2024-04-18,0.12610117933771656,0.11670633085568757,0.13170612767890655,0.1563544048526634,0.12471614126958022,0.13231654465198517,0.1423397221201409,0.24791420237806927
2024-04-19,0.13115245274684767,0.11820860667972415,0.13480349201916783,0.16228419971537886,0.13822806185525127,0.13900719583034515,0.154517621368888,0.22079385873747168
2024-04-22,0.117896448426347,0.11948875448816958,0.13696604825541825,0.15255977203107207,0.09934503885261262,0.09513645619153976,0.1329406480208668,0.1985550410018
2024-04-23,0.1394296523734651,0.12473867651527588,0.14774203815555806,0.1463300966683181,0.10692385154038092,0.10675106197595596,0.12406759420664626,0.19561413759620505
2024-04-24,0.14154583883165478,0.12094146961087351,0.1367520335976784,0.13640712958641185,0.11326354247437907,0.114713653922081,0.12337833375550641,0.21987389785118236
2024-04-25,0.15210700420853238,0.11860587259168626,0.13051796561966678,0.13332336993752936,0.12952010988239718,0.13463309407234192,0.127899905125191,0.2171068772846363
2024-04-26,0.1605760188140085,0.12158650604758278,0.1376082025858231,0.12890768968152852,0.10537518329986131,0.10503017157316208,0.10146723487067075,0.17154234074640126
2024-04-29,0.1749177629435844,0.11852657081962274,0.1295808231922783,0.12176239623911095,0.10443264870130894,0.10330750793218613,0.10217275976426315,0.19170942290909004
2024-04-30,0.1342258521429634,0.13041004735169692,0.15676161291223314,0.17433673355609816,0.14341766661566635,0.13825172185897827,0.13749063599736136,0.22018295366198462
2024-05-01,0.13198370446263344,0.12714337764944394,0.14615209563696374,0.1632759544411329,0.12833666151360382,0.12309614568948746,0.14656165348083056,0.22757082910925425
2024-05-02,0.1206548923956592,0.12823428296995942,0.14690103964136556,0.15366631528176947,0.11247965926979253,0.10177726298570633,0.12301029978134317,0.19827186470665617
2024-05-03,0.0827434919202367,0.13346082270152104,0.15695522859480746,0.14772886415180994,0.11859939647883239,0.11476306617259979,0.1133479886239512,0.19419040163216425
2024-05-06,0.039119058184872935,0.1354208985403578,0.15843371116605404,0.1411278880669838,0.11694162750871838,0.12233901023864746,0.11034173700056132,0.17632540683291015
2024-05-07,0.05112106045936113,0.13139917272309037,0.14625585176666528,0.132003728339013,0.11279578985983595,0.10667327046394348,0.1043527443348731,0.18898883465820207
2024-05-08,0.09721740827202896,0.1273962265990634,0.13550420059008855,0.12407803871852086,0.1156759320029923,0.1121959537267685,0.09864317775887177,0.18317001649361775
2024-05-09,0.09149013615200943,0.12508357702230405,0.13020286672098533,0.11827312287358435,0.10573846357063513,0.10103372484445572,0.09359366137949618,0.19391085830001029
2024-05-10,0.09111451464731599,0.12144222343226933,0.12215083718791028,0.1124238578019031,0.09714845538163422,0.09575735777616501,0.09411079076801619,0.16805007880305134
2024-05-13,0.09133019806525947,0.11774634358976524,0.11484822960942812,0.10735476547565666,0.09775550470303367,0.10402531176805496,0.10635554680779931,0.18432607287254538
2024-05-14,0.08649848515656151,0.11569148625686458,0.11278360726928291,0.10408654233505478,0.09141085814633768,0.09349284321069717,0.0919005403487896,0.17799875309755553
2024-05-15,0.03184666664909895,0.12096614320660676,0.12946163736876143,0.1063470015097238,0.10646311105664714,0.10331020504236221,0.0855909468401052,0.1910577485132791
2024-05-16,0.059677048038344484,0.11756060606706153,0.12179094817375015,0.10365445456088873,0.10409583566291859,0.09505650401115417,0.092206515470458,0.15702577969611975
2024-05-17,0.07711162782889412,0.1140690831414656,0.11478677495142132,0.10002581861593197,0.09623702071302667,0.09557410329580307,0.08662746560551594,0.14205854845025012
2024-05-20,0.07685724798917072,0.11065141702343355,0.10876515158546526,0.09696307521046547,0.09207760928853564,0.08845680207014084,0.08132945116342453,0.1528215941387549
2024-05-21,0.09136749024471824,0.1077196241635992,0.10470963646507819,0.09466792944379689,0.09148075574508109,0.08863993734121323,0.07703822221167923,0.14202626350828051
2024-05-22,0.09893470515255508,0.1049682431325411,0.10155816642507412,0.09513094632468036,0.10203365580875794,0.09607621282339096,0.08930496901786736,0.15000502748927882
2024-05-23,0.10121419690338444,0.10576876132789093,0.10800585041955779,0.1112076896226423,0.11052542609521304,0.1119859516620636,0.10320874349981715,0.20124648837208917
2024-05-24,0.088622078857516,0.10607428690041962,0.11179910409039627,0.10836602750171692,0.09100073398464509,0.08607625961303711,0.08639266717185051,0.16703166815389664
2024-05-28,0.08924353236076794,0.10284738602338887,0.10609163127131913,0.1039148072049194,0.0916594012242816,0.09046074002981186,0.08794895618112618,0.14224400616140898
2024-05-29,0.11045502647719667,0.10377682660733639,0.11138383207163251,0.11730860185107514,0.113896116056359,0.12317267060279846,0.11901865282325372,0.18023360532006547
2024-05-30,0.1019420539524053,0.1032787244374713,0.1121986781621503,0.12195983002416608,0.10732822237379278,0.1104278564453125,0.12208742837643069,0.1911154932760429
2024-05-31,0.08504529404988835,0.10484834423099637,0.11761900102887989,0.11792371829559099,0.094639348963532,0.09634850919246674,0.10660876368691218,0.18397874792625202
2024-06-03,0.08663043499639961,0.10174673387159998,0.11120813142214238,0.11205332936151952,0.09237580467049199,0.08928289264440536,0.09657583875014514,0.18511506379946202
2024-06-04,0.08809326730782571,0.09881978686165631,0.10599731693881517,0.10712219268403786,0.0882523040941217,0.09064215421676636,0.0930502047421767,0.18024095386586922
2024-06-05,0.0662015666968123,0.1061927526631232,0.1252309423800537,0.10876663817080831,0.10412098046111272,0.1043158620595932,0.10081889243784523,0.2265718136540351
2024-06-06,0.06824262600834231,0.10296062590743789,0.11746287413758257,0.1042695583330774,0.10020296791799016,0.10573622584342957,0.10063412622756597,0.19233869179359908
2024-06-07,0.06783895807331448,0.0999182817238747,0.11109268015120491,0.10089672272756195,0.09711421054021584,0.09655414521694183,0.0898361719186554,0.16333307986810303
2024-06-10,0.08488456144868428,0.09739145441165822,0.10671887360204425,0.09795168983259432,0.09527627455404691,0.09820043295621872,0.08707640981742375,0.1550661680332684
2024-06-11,0.0845915743388741,0.09500928062626872,0.10321282836130775,0.09552818169332619,0.09563439620282713,0.09820043295621872,0.08465290167815562,0.15234552328921433
2024-06-12,0.062163671812497184,0.09782277938480495,0.11217341135653748,0.09657736730622654,0.09423876861818586,0.09837786108255386,0.09346547050262397,0.13468264651345616
2024-06-13,0.06091864962268636,0.09527887898251697,0.10740219712186967,0.09430158866007907,0.08900412507762914,0.08733129501342773,0.08200331014950854,0.1590544952209769
2024-06-14,0.06463929140419139,0.09238900002910543,0.10241435843695386,0.09220167681676475,0.08677990659172044,0.08804789930582047,0.08116285376352397,0.14317498043281165
2024-06-17,0.044910156429518205,0.09436638808325624,0.10919985374902295,0.09328358316433055,0.09214639131182677,0.09279383718967438,0.07502615334105117,0.1579078480006419
2024-06-18,0.04268197544743974,0.0920140843956682,0.10507681649537044,0.09161317331813319,0.09202656972290196,0.09455278515815735,0.07891210245065435,0.13079703582547647
2024-06-20,0.03925329837663601,0.0897513848501623,0.10166591900099366,0.09231099607450448,0.10304565578430955,0.099437415599823,0.08702728971866451,0.15515624107820475
2024-06-21,0.047555934589175876,0.08722927682122293,0.09806044191177359,0.09140028627268043,0.09214743434699894,0.09341725707054138,0.0830721474220511,0.14978331522694793
2024-06-24,0.046329493353803694,0.08541020547982815,0.09649445498838312,0.09324291158215861,0.09881949306008744,0.09506047517061234,0.08566130554051857,0.1545212622334228
2024-06-25,0.05737740711299102,0.08420359712251486,0.09644141529121371,0.09199673852073886,0.08393992127296591,0.08236100524663925,0.07562681084620693,0.13389399444806316
2024-06-26,0.0668137111331188,0.0818667033953754,0.09372100705034989,0.09032012878685959,0.0842642256371517,0.0841386541724205,0.07461268252461918,0.15113445727854735
2024-06-27,0.0768819473315583,0.07945101432908694,0.09111746043494692,0.08884084352955905,0.08269109894272439,0.08018787205219269,0.07675157988176433,0.16515418270335286
2024-06-28,0.07154684953936873,0.07865681037767724,0.09242397601500957,0.09389841612390427,0.1006116536915714,0.10211385041475296,0.09001008872836082,0.15954031851104644
2024-07-01,0.06918654227508343,0.07696512178273787,0.0914020443198258,0.09208951153494481,0.08189192831460522,0.08045927435159683,0.07892228950448398,0.136919636360184
2024-07-02,0.08979443427302557,0.07838987435133071,0.09708426828580315,0.0921508775230939,0.08357037496753959,0.08110553026199341,0.08060031320419855,0.15358162234988756
2024-07-03,0.10330128102850705,0.07851860737326646,0.09895012910293027,0.091583824711071,0.08291351747240264,0.08076885342597961,0.07541818636857127,0.12585989664696312
2024-07-05,0.10348223593431177,0.07900459436782607,0.10115649448696341,0.09131412258447319,0.08230000209951766,0.08057894557714462,0.07150800576509148,0.12277546947897583
2024-07-08,0.10515683525665372,0.07669964597669642,0.09728573639754234,0.08964817063760004,0.0828486914317309,0.0816182866692543,0.07375305915128431,0.13788804622244083
2024-07-09,0.11434494846567185,0.0744188357785485,0.09396648309995737,0.08823889846365766,0.0830129154656714,0.08257871121168137,0.07367711400996761,0.13703050071757156
2024-07-10,0.13338030608874551,0.08225273489613208,0.11115526403356699,0.09234121660037853,0.08576869792298257,0.08208459615707397,0.06614594007178165,0.11900121191783763
2024-07-11,0.13034322247464145,0.08678083643180647,0.11901878343776374,0.11614292416894587,0.12024665691230546,0.12708957493305206,0.10638061560863407,0.18233243677938135
2024-07-12,0.13435681314663864,0.086814450609698,0.11728891623994019,0.11166999953062837,0.11923831837404818,0.09651092439889908,0.09393623190195863,0.18439585434468095
2024-07-15,0.15315868360005183,0.08488211399554277,0.11205775117453641,0.10698817522412175,0.09842593120643298,0.09314920753240585,0.08752598093038434,0.1867420956600272
2024-07-16,0.14675034152717592,0.08594192584855696,0.11346531127588806,0.10447274994276787,0.09893514597432049,0.09268314391374588,0.084226441645849,0.18499203872107292
2024-07-17,0.19816275693425772,0.09958491076280235,0.13876241553152416,0.15346405465711244,0.13806117339874702,0.12656128406524658,0.11098212186802514,0.20749855969656594
2024-07-18,0.19366151340136617,0.10125794773816664,0.13803166516635773,0.15658812223557478,0.1342898545963042,0.13723765313625336,0.1474856026339913,0.2213056757915402
2024-07-19,0.20260260502491592,0.10205092364431896,0.1359784802515053,0.15684938257389855,0.1311470690725292,0.12613211572170258,0.14341178735547852,0.20475885098629784
2024-07-22,0.18781338174900664,0.10738577961900522,0.1433449721454465,0.1490851256318595,0.11273505505252547,0.1069304421544075,0.11878354170100947,0.19892357916312475
2024-07-23,0.19078130281850766,0.10429078183702978,0.13329868164641864,0.139383327829123,0.12157785438084473,0.11865570396184921,0.1191557204895024,0.20359696136641547
2024-07-24,0.14534781864566795,0.13608129373661562,0.19251583065043548,0.23369524485565477,0.1866091842475233,0.16858427226543427,0.1492258817622786,0.2867166832754736
2024-07-25,0.17137052943106051,0.13345025009895578,0.17853957008183782,0.21714245048093653,0.1468353532061372,0.14731790125370026,0.17647458878087854,0.26805607867169234
2024-07-26,0.20145717833285495,0.13630755880984674,0.17749479556341424,0.20119967486833157,0.11850703988136185,0.11313384771347046,0.1347393262026173,0.23881961580489697
2024-07-29,0.2953171987409291,0.13219288521866485,0.16262842548381098,0.18441575825592582,0.12295331575848008,0.12313918024301529,0.132878885272947,0.23054322287818496
2024-07-30,0.3021818667184794,0.12961603667096128,0.15284867357830498,0.1745613626013828,0.14869228216629152,0.14004066586494446,0.13185920182572133,0.2232376186917854
2024-07-31,0.2863160894377381,0.13966025980196234,0.17192702288518857,0.16775730937249608,0.11263475346797241,0.10218759626150131,0.11298777475483365,0.21409752159841008
2024-08-01,0.31392968707036967,0.14563374514976793,0.17985090925057276,0.1923479614681568,0.1758729553902358,0.17667047679424286,0.16488424966996573,0.25363852734630965
2024-08-02,0.28687713123300745,0.15855944266547875,0.2016612460800589,0.23393961228833973,0.17165885293329064,0.17936299741268158,0.19067105837570011,0.28811404295669374
2024-08-05,0.18878034172952624,0.19398659836970025,0.26580551444361555,0.33095444166773613,0.256606731362494,0.2754315137863159,0.26330512189978417,0.40925208652132805
2024-08-06,0.21061442138241546,0.19229481982259988,0.24856793265979107,0.3008960654084514,0.21516786430777052,0.21964487433433533,0.23891295316265326,0.37957743751452666
2024-08-07,0.2050703864415471,0.18886571112673392,0.23005393890370085,0.28014362249482594,0.2224297774366471,0.23137447237968445,0.24243230763781987,0.37419882062781773
2024-08-08,0.16972594849081216,0.20341343093185846,0.25326468537659175,0.2634636932904662,0.21673313225491522,0.2180643230676651,0.2227256731982173,0.3527196073825301
2024-08-09,0.16706646799427805,0.19804760752454514,0.23081899406494036,0.23988684357728607,0.21824348612468575,0.23670357465744019,0.2128130728157962,0.34142538996066696
2024-08-12,0.18063541798171875,0.19201435247214937,0.20921024483175624,0.21858449015651688,0.22572917392521885,0.2496543675661087,0.24492731053267464,0.3601724627975081
2024-08-13,0.13696646371855584,0.19717457084416945,0.21739917104349288,0.2059683237706553,0.20807287268368982,0.19531595706939697,0.18088104170907846,0.3289946351682078
2024-08-14,0.13757846357050574,0.19174297470122684,0.19887908038650667,0.18892420064510126,0.21688587551037564,0.21768994629383087,0.1971143426358821,0.33387041818202756
2024-08-15,0.10037968606913211,0.19604167658845492,0.2073222340003984,0.18017579045130006,0.20421971064072447,0.2043435424566269,0.16885744862241736,0.2950939628107666
2024-08-16,0.12824798385341116,0.19022655744890965,0.1889981072365131,0.16595776950109112,0.21429288831213703,0.2029964178800583,0.17002169241297352,0.2820536029814492
2024-08-19,0.11060002714717587,0.18822961355644863,0.18295821048755695,0.15617645191650878,0.17511790915130743,0.17963673174381256,0.152831751477607,0.2690264176080752
2024-08-20,0.11027927759844977,0.18265878595423696,0.16770299185260223,0.14575943102643024,0.17533400621349357,0.1666390597820282,0.1683374469499303,0.28112056603238117
2024-08-21,0.1143246483127755,0.1778567126664142,0.15620259949131513,0.13637305104274672,0.14076277636754095,0.1503642350435257,0.14585774351943653,0.2710404475881569
2024-08-22,0.09493320418373302,0.17593293227909815,0.15465048709962484,0.1478690945727093,0.15484985144364263,0.17933475971221924,0.19194291096155475,0.27966275747840236
2024-08-23,0.08674438541120588,0.17625673488882154,0.15973125113555478,0.14190120325276512,0.13874320725933575,0.15284620225429535,0.15185239427575725,0.29390195832440513
2024-08-26,0.17336492652314175,0.17132807546071968,0.14836468394460045,0.13508464795653755,0.1675243877824947,0.18356187641620636,0.18305709612672263,0.3071427385241263
2024-08-27,0.17336952999501662,0.1662243204385446,0.1375428344658224,0.12672316695280458,0.14375750168082613,0.15707126259803772,0.1519662481052437,0.27127393747396855
2024-08-28,0.16943062017549035,0.1628370570404844,0.1333214477264991,0.12941053625864413,0.1527048039737099,0.1295579969882965,0.12789397209153947,0.19429429736656573
2024-08-29,0.20972592286511899,0.1578764585508026,0.12422971008655125,0.12176686211374997,0.10236330550443926,0.09876137971878052,0.1095850603922963,0.1882968141034007
2024-08-30,0.21350216271726422,0.15796943967353255,0.13260795807260212,0.11911512534249322,0.0998320984459768,0.09912554174661636,0.09376129317212598,0.1593939847790052
2024-09-03,0.15347068609743197,0.17426182911341037,0.18266807428273185,0.20957390038774718,0.20275523172300638,0.25000399351119995,0.24703714816377867,0.3907997813682388
2024-09-04,0.17057461252110417,0.16906817165314197,0.16731973363271682,0.19222549637401887,0.16192237102656598,0.15732115507125854,0.188423845773511,0.2929503275975067
2024-09-05,0.1773291182795257,0.1643384925254609,0.1548577003173543,0.1783186029359856,0.16879107940682755,0.1637081652879715,0.17457102189736154,0.2750814910695114
2024-09-06,0.1327902252184659,0.1731190442044276,0.17991514941159825,0.2182169828275102,0.1741260063877087,0.16900457441806793,0.15416633074077543,0.2917785022118944
2024-09-09,0.10503158206922494,0.17371332926225158,0.1798447959623512,0.20247170038902107,0.13874609287177866,0.13296537101268768,0.15873941116415802,0.279437181431883
2024-09-10,0.10015692087907166,0.16931292557534078,0.16696688211676966,0.18611557267230136,0.13047245487911222,0.13160265982151031,0.16468022062998397,0.2744811945370971
2024-09-11,0.06916195591130782,0.16925862320680288,0.16722546174427566,0.17416475761841274,0.13122177063589807,0.1336827278137207,0.1357742180318687,0.24307753194282986
2024-09-12,0.12749957263801984,0.1666513853028661,0.16061259056249946,0.16231441021606746,0.13435565722648904,0.13685978949069977,0.13173011772975746,0.21644990787551227
2024-09-13,0.12239470211430108,0.16292974938709498,0.15170646023592185,0.1512673971606623,0.10801259171810833,0.09465907514095306,0.1082957116319071,0.20379424741400587
2024-09-16,0.12368354158672512,0.1580417139296941,0.140391147720053,0.14081944941448596,0.10670379487088183,0.10441762208938599,0.10508295564817813,0.20894881009029773
2024-09-17,0.1249444642598053,0.15323057874013535,0.13040764348740524,0.13168405487327664,0.09951064935367732,0.09700585156679153,0.11623048900752156,0.19739975526123135
2024-09-18,0.12394347977037486,0.1489901024162993,0.12317246791642861,0.12606041341956042,0.11129242022045462,0.10702121257781982,0.1168643871688404,0.20011384993727588
2024-09-19,0.04356157666679748,0.15859101055687808,0.15657497220584365,0.12920244305895043,0.11739083238202458,0.10612484812736511,0.10614275455043984,0.19282062619493676
2024-09-20,0.04226831556428021,0.153945181158408,0.1449526726515058,0.12275317818107843,0.13207674649694875,0.11482623964548111,0.11612649209978819,0.2177511131781602
2024-09-23,0.047861760998332774,0.14965348168529702,0.13554185217325543,0.11647954714454592,0.10614933537951267,0.10494903475046158,0.09433771242357672,0.19196978342689455
2024-09-24,0.07997907958249109,0.1454218100297603,0.12726968905426456,0.1110720682992935,0.10601789014405742,0.10442916303873062,0.0889302335783243,0.19128591307544707
2024-09-25,0.07888405856888936,0.1411776531309485,0.11977655328797214,0.10732751264554533,0.12436091845663817,0.10857322812080383,0.09558343625945123,0.21327254101020368
2024-09-26,0.07447591196312241,0.1377711524329192,0.11560014751251296,0.1037570602389257,0.09039959612072632,0.0811362937092781,0.08329061708769012,0.15047687209567237
2024-09-27,0.09740009968754422,0.13366305984836135,0.109549042647617,0.10058765590148473,0.0902236842978798,0.08561374247074127,0.08256892591672445,0.14777857541995548
2024-09-30,0.1151613488022873,0.130629625124859,0.10747244963136961,0.09820986641437371,0.09065692129972217,0.0879351794719696,0.07994623025745709,0.14739372683555443
2024-10-01,0.11629912556877225,0.1317844173291283,0.11803575002015067,0.12272418063868573,0.1258520975310545,0.11654620617628098,0.11589964252699902,0.17938479927171758
2024-10-02,0.12671530939004855,0.12777086612578414,0.11135074871491751,0.1161561691681479,0.09443857871931,0.09931639581918716,0.10067274044403778,0.1632305616060828
2024-10-03,0.1270058022754825,0.12405115513520504,0.10621380781801827,0.11142182590852014,0.0923355588929012,0.09289637207984924,0.10927758676412037,0.19979461523185005
2024-10-04,0.11809269307416101,0.1251845824523574,0.1157571774303107,0.10975321800080212,0.09198557812645947,0.08599959313869476,0.09041928917733105,0.1687861238476363
2024-10-07,0.1106390535903441,0.12701870004336577,0.12491014191359323,0.1316238704308445,0.12532821109945858,0.1353234052658081,0.12033052436854191,0.19553476452674218
2024-10-08,0.10244726139536411,0.12873076510386378,0.13181033931095731,0.12703491858638377,0.10403233632840918,0.09916993975639343,0.10289261601365657,0.17660791538156123
2024-10-09,0.09519206919146389,0.12781622642568066,0.13082184345024717,0.1216649719605195,0.10351866823645837,0.10516367107629776,0.09691869924757356,0.1713972509929883
2024-10-10,0.09405622917598346,0.12418413038896482,0.12291620875097758,0.1165127184962818,0.1185802655425367,0.11568287760019302,0.10495277017112463,0.20938466012235374
2024-10-11,0.0883380767633107,0.12266552648813524,0.12149815900661841,0.11228750466033843,0.10444242791548097,0.10750753432512283,0.09385353332981494,0.1804968026153746
2024-10-14,0.07071153671028704,0.12261891195820553,0.12395932743644822,0.10964288747386987,0.10370022607042623,0.10264599323272705,0.08790009094851071,0.187982099116612
2024-10-15,0.04550568861247088,0.12253771176744013,0.1257981612305347,0.12238365401085763,0.12473819173145546,0.1204475611448288,0.11643228995185642,0.18457195152100472
2024-10-16,0.0725927806742545,0.12018345312179717,0.12150367198362397,0.11668889813385437,0.09715028875265823,0.09687906503677368,0.09432674974463413,0.17354369752369353
2024-10-17,0.0741606140974748,0.11652408201742191,0.11429923817729017,0.11103389761793858,0.09979155146880475,0.10960228741168976,0.10065004858571536,0.1695832905863548
2024-10-18,0.06864759500602319,0.11402077661114718,0.11098441984921281,0.10686362820222897,0.09745337564710989,0.09959400445222855,0.0918707606057815,0.17551119165971799
2024-10-21,0.06998653903795148,0.11077464059474497,0.10599806763162478,0.10378629824659964,0.09572796820750035,0.09866123646497726,0.10202306293464443,0.16878827026627202
2024-10-22,0.07083676024401538,0.10741587736543246,0.10122695846169451,0.10017615844097515,0.08794233286421664,0.0958014652132988,0.09593040317830225,0.1625023922750034
2024-10-23,0.035655526611697956,0.11015926991380734,0.11306136433878743,0.12320269217942129,0.11438050402474449,0.12195085734128952,0.12576527467224966,0.20385323783610235
2024-10-24,0.13723862843361875,0.10712809788395913,0.1079674166463418,0.11673061518295744,0.09105186240943691,0.09622922539710999,0.10885562343820074,0.1844531145535324
2024-10-25,0.14025195168622498,0.1038710729236315,0.10285765651139837,0.11107322242001923,0.08958519276673176,0.09576258808374405,0.10742727009470494,0.18678605969886214
2024-10-28,0.1404168967829669,0.10123172702584032,0.09993338097546012,0.10652851757501167,0.08935770918447598,0.09173107892274857,0.10140344059933823,0.174285945267425
2024-10-29,0.1645488207673745,0.09834795910982504,0.09663292620186015,0.10250634186046458,0.08891558785983243,0.09717755019664764,0.09808179920615888,0.15584929145949222
2024-10-30,0.24078706189843693,0.09621438078893993,0.09562136801409293,0.10265256008201747,0.09976553809566308,0.10280009359121323,0.10584089867839126,0.16105035981231836
2024-10-31,0.20723519971568116,0.1184912676379439,0.1493004939238563,0.18316055795064812,0.14001340576419063,0.12415072321891785,0.13219440316668396,0.22742770945540314
2024-11-01,0.20691643404983298,0.11597403380387217,0.14047723033243703,0.1690695378999957,0.10417901630183461,0.09894160181283951,0.14101565257420626,0.21184787341168013
2024-11-04,0.20606313892171163,0.11297292226278119,0.13176275544616986,0.15805582885251493,0.1267434908910861,0.11850135773420334,0.14564740561501235,0.2137524168621108
2024-11-05,0.18813413026991654,0.11934932512034171,0.14459106034677202,0.15104630542768302,0.11582874457272652,0.11747144907712936,0.11743158427847686,0.19025823054684463
2024-11-06,0.06280384324736657,0.1510809697612509,0.20600342611071407,0.15844578401222886,0.12254521125116724,0.11620818078517914,0.1062797579266137,0.25055271492376985
2024-11-07,0.05511300724734472,0.14928075350057235,0.19310053731828714,0.14861750183503383,0.122585666187443,0.12757720053195953,0.09787610499064678,0.21596777019898647
2024-11-08,0.10598369213392668,0.14546566745472472,0.17777862155439084,0.1389088594078908,0.12266765565481841,0.12747235596179962,0.0987504013538251,0.20364033064841128
2024-11-11,0.10934277385752339,0.14108447818641065,0.16301245103692544,0.1301329602547706,0.1301657951249289,0.13263747096061707,0.08100606324754367,0.2393931766100944
2024-11-12,0.11100250161787668,0.13724949334344674,0.15115633865686554,0.12485330746006479,0.14057638447150309,0.14786767959594727,0.09922180146407594,0.2240017671925973
2024-11-13,0.11099036995625416,0.13307138402240076,0.13980928343736332,0.11805535638697419,0.09652431043162768,0.09739126265048981,0.08118872875340256,0.15697425017125877
2024-11-14,0.10905426115905528,0.13115739174899552,0.13539635387201185,0.12280648549563054,0.12201968694302495,0.12402915954589844,0.11968831879562501,0.21425627519852286
2024-11-15,0.05994257731505905,0.13726345908221627,0.15096683079078302,0.15944378946339163,0.14791258452519743,0.1372430920600891,0.12846993405734572,0.2468932283333448
2024-11-18,0.057279653739258356,0.13394758948105057,0.14175737214966252,0.1484183152882524,0.10595321368398804,0.09774388372898102,0.11145441659969763,0.20762186550778822
2024-11-19,0.06428897597525741,0.13077475487377802,0.13398800988667273,0.13888988129754357,0.10560505584075376,0.10368805378675461,0.11782544895966343,0.2043957807864695
2024-11-20,0.06974293058934726,0.12679085774149948,0.12502438679485375,0.13018065959831157,0.10739735533705412,0.10054521262645721,0.11444958381970802,0.18899796799441257
2024-11-21,0.07078403844862816,0.1246607595279785,0.12195291540413208,0.12360834688180203,0.10304194696267528,0.09640459716320038,0.10385271705919022,0.20776389897101635
2024-11-22,0.06861293332701811,0.1216104532967212,0.11674536598057865,0.1174385120522464,0.08932639923594539,0.08375205099582672,0.09642176156754143,0.21463223745936996
2024-11-25,0.06526540019840915,0.11848748886565587,0.11190130997799558,0.11207275415658238,0.09025246870717857,0.08262107521295547,0.09294220569431069,0.18418947930335286
2024-11-26,0.06673323916756461,0.11700068040248603,0.11202139316519194,0.10841575432346769,0.0917840562689568,0.08131485432386398,0.08663456495629258,0.1592492626957745
2024-11-27,0.06244059963110625,0.11439894286052302,0.10894216793422537,0.10864969410833421,0.11200465611331373,0.10546035319566727,0.09851959136214557,0.1737850762241751
2024-11-29,0.051340074183719955,0.11302531050697293,0.10943912795238916,0.10550063116708702,0.09207689093120683,0.09092618525028229,0.08957154875853962,0.1612587237195105
2024-12-02,0.06518298721193386,0.10999390712846394,0.10525744251504306,0.10185207351192183,0.08930651945745036,0.08565939962863922,0.08996222185983604,0.16633655055507368
2024-12-03,0.06842963168629426,0.10665749007817125,0.1006710607494152,0.09854077928204588,0.08960281783064435,0.08687301725149155,0.08731470358063034,0.1534416341080194
2024-12-04,0.07862268893187031,0.10603597550089706,0.10388224934641951,0.09733875119343274,0.0893383219476725,0.08623328804969788,0.0838151474039244,0.1484422574307012
2024-12-05,0.08654675289728182,0.10306294126401333,0.10016252116911573,0.09599299400417857,0.08861505112636685,0.08389236032962799,0.08746412533639722,0.1596945044335609
2024-12-06,0.08471895748067947,0.10039210061547756,0.09762167630143638,0.09390459793618933,0.08296462578032546,0.08036207407712936,0.08216541192493454,0.14841152566484228
2024-12-09,0.07737991025654348,0.1002406457208483,0.10183316530424531,0.10492776009579992,0.10079525120763147,0.09893745929002762,0.09912623093789315,0.17071925524016712
2024-12-10,0.07936626265540801,0.09786988195164563,0.09949972623985504,0.1039913691142481,0.09486595328530295,0.09359744936227798,0.10390653358759826,0.18913997183832343
2024-12-11,0.2193940801797425,0.10001916768460027,0.10846566897865413,0.10303217600314026,0.08735957764907551,0.0872892439365387,0.08243179935244922,0.16628293375698927
2024-12-12,0.216069828288132,0.09924317248206481,0.1087232775507946,0.10903992769045352,0.10566068251078314,0.10459193587303162,0.10065210875792026,0.18850761917156694
2024-12-13,0.22929501787573253,0.09621988068392962,0.10351194584261611,0.10455841450585598,0.09409154326351052,0.09214118868112564,0.08676296165777916,0.16095303251041645
2024-12-16,0.2334705888890183,0.0944468197421855,0.10193910041952443,0.10137558773112813,0.08358115800242256,0.08304721862077713,0.08568956561339418,0.14856513634276908
2024-12-17,0.24460543515866198,0.09279877993157797,0.10077801790283292,0.10312604362034085,0.10121018779525714,0.09319188445806503,0.09010510815196517,0.1678188239958215
2024-12-18,0.12112770458782213,0.14712367353038525,0.21033803599202736,0.2657728807189394,0.2033270273405446,0.2290310561656952,0.2268503957548071,0.40471714894556293
2024-12-19,0.1444414382995304,0.14268138873763117,0.19125917458449246,0.24159125495861752,0.12926465259055295,0.12760500609874725,0.17462720979164822,0.2978418159873365
2024-12-20,0.14425011842816723,0.14458049979166293,0.1871620438432843,0.2224331464874762,0.11916995209597415,0.11917342245578766,0.13918859178900894,0.2703062448906916
2024-12-23,0.13813150193452642,0.14299103156416973,0.1769475455627629,0.2044339589926663,0.11890868711084954,0.1146385446190834,0.12986806409091384,0.2521067746135655
2024-12-24,0.11511478230323303,0.14506296499848476,0.17598890737587183,0.19011475120134463,0.12377261304006844,0.1406044363975525,0.11618416730709186,0.2379169834072124
2024-12-26,0.1453960130057961,0.14065261152165895,0.16141695139323534,0.17499125665556733,0.11406207140016277,0.11028836667537689,0.14620837672185247,0.25578558361660786
2024-12-27,0.12825009627597006,0.14305563981121402,0.16397256197088353,0.1855088387243704,0.16329872120723615,0.1438205987215042,0.14035017682241957,0.24090397624301474
2024-12-30,0.1299889365867335,0.1448705364691972,0.16507667578984617,0.19224719752748165,0.16426088575246037,0.16821272671222687,0.16868586329002533,0.2715935339518324
2024-12-31,0.1268477140206373,0.14144615225478463,0.15424712146047506,0.18028468342793527,0.15196348281983027,0.14179183542728424,0.15959519410801473,0.27032801213038504
2025-01-02,0.1673278409099854,0.13741011005259343,0.14321945953031606,0.1673162778297877,0.14868988860817275,0.13697798550128937,0.15338158825584408,0.268796128539226
2025-01-03,0.14222031826512385,0.14183691844694155,0.1540370201570575,0.15895574567880857,0.11194298827508303,0.10721520334482193,0.12859725421335924,0.20474987505045164
2025-01-06,0.1369507892672457,0.13918269687393595,0.14643815144706876,0.14848975031114753,0.10819206987566225,0.11082746088504791,0.13072902275658782,0.20507103888727363
2025-01-07,0.17049719386223253,0.1417556908014173,0.15244463210259365,0.1658881808245991,0.16233332378443258,0.1601678431034088,0.1568875870282267,0.23615094074853404
2025-01-08,0.17079873722564137,0.1375708944084045,0.14133868238023092,0.1537933731850445,0.11593545113620492,0.1244163066148758,0.14232911639178392,0.23970186807478067
2025-01-10,0.14830815982245593,0.14641594948185332,0.1629192656113119,0.19127327535823055,0.17343170385637324,0.17874982953071594,0.17529730830863186,0.2756055775709457
2025-01-13,0.16034821956771803,0.14208744354305713,0.15040063325073044,0.17604637545970048,0.1233977414008634,0.12203560024499893,0.16222117496159638,0.26007609469321336
2025-01-14,0.1659295046272965,0.13783089422383119,0.13944359604465062,0.1626720579148253,0.12004438122617347,0.11747556924819946,0.1516599926904758,0.24523563699731432
2025-01-15,0.11113225499748902,0.1511185248757145,0.17169929184796376,0.159347577367132,0.14564127172625277,0.14364774525165558,0.13829036650449544,0.24040752497703344
2025-01-16,0.11196860961524206,0.14674546115667494,0.15828061170908062,0.14905993941767431,0.17237218569589405,0.17060290277004242,0.1478499070374883,0.25281746241791464
2025-01-17,0.13575358681363695,0.14743314203780256,0.1585234197297842,0.14186441139317013,0.12535438907509172,0.12978695333003998,0.12874617041087605,0.2085352538619087
2025-01-21,0.13722680914246888,0.14691725912616227,0.15596490299057494,0.13509406362720452,0.11793252303758602,0.12320593744516373,0.10659046125658475,0.17766062011071168
2025-01-22,0.1343597610306642,0.14441523171150514,0.1489901487803706,0.12815264881935057,0.12603534589354834,0.1308806985616684,0.10625681178059515,0.1729444143303865
2025-01-23,0.13428472555968793,0.14152399571091817,0.14191053357284278,0.12192709575190938,0.10311583166343441,0.09608432650566101,0.09096680412784017,0.16741460765495694
2025-01-24,0.1375157486757872,0.1376622919861426,0.13315098814287463,0.11800549838611299,0.12525124441471813,0.11983305960893631,0.10191795889207536,0.1946857041484993
2025-01-27,0.10477299894491789,0.14517516005888625,0.1540517268159538,0.1641196953159108,0.15146917323521167,0.14884234964847565,0.1348732458453908,0.21834768448288583
2025-01-28,0.09667484224277918,0.14520422602977504,0.15333361925459002,0.154406105048765,0.10997318369659202,0.10638487339019775,0.13027646101247198,0.1979900569392336
2025-01-29,0.09489193141420595,0.14195694655571514,0.14477566669325698,0.14875820526986505,0.13893498917722194,0.13502773642539978,0.14929245602007146,0.2122399980774441
2025-01-30,0.09097327876735999,0.13914470380124938,0.13833202446702267,0.13965535915193894,0.10584638722087707,0.09949878603219986,0.11250560923216679,0.18524439639149048
2025-01-31,0.10744278062140976,0.13633282627218096,0.132648200668511,0.13729304560102307,0.13754740637241417,0.1304059475660324,0.12265100069917523,0.19184542559660756
2025-02-03,0.10420981030170848,0.1354749277975516,0.13270350008946463,0.14310584394029827,0.1304787989253814,0.13247455656528473,0.13977927961155326,0.2087042870908186
2025-02-04,0.0908490585708975,0.13429754885009332,0.13180933426731492,0.13547243917367582,0.09841663828715651,0.097246453166008,0.11857016006491308,0.19133412087342863
2025-02-05,0.08866518177264458,0.13108692246330592,0.12565377466038288,0.12783792811915756,0.09820810277863101,0.09705767780542374,0.10526054549500824,0.19298888939902664
2025-02-06,0.11232482217398859,0.12787819363807476,0.12018142833513305,0.12121986961461122,0.09661371827863637,0.09579981863498688,0.10016746251381452,0.1790400891611677
2025-02-07,0.08977245367714554,0.1293795671666172,0.12771157962788582,0.13863520324165785,0.13552247875107448,0.1387503445148468,0.1309959483326491,0.19644134491617643
2025-02-10,0.07812723415904889,0.12810723245156,0.12673973798362106,0.13143530265103595,0.10682823399715378,0.1057671532034874,0.11021329798411147,0.18825780004869716
2025-02-11,0.07988828772406574,0.12421158649313165,0.11901359748246111,0.12389636318924158,0.09720292995172124,0.09745825082063675,0.10667357314171522,0.18776264320852487
2025-02-12,0.08341504096705803,0.12089373657078258,0.11367554192652002,0.11948056503132291,0.1083904963754046,0.1054517924785614,0.1130405569721789,0.19600139542416045
2025-02-13,0.12831949453376973,0.12395588415442754,0.1254703442864743,0.1172650469362183,0.10211717699349723,0.09788385778665543,0.09859074036473468,0.17335474620455937
2025-02-14,0.1331026739456714,0.12018001418258822,0.1179168539353306,0.11175376099494813,0.09837714373543595,0.1027797982096672,0.09999436807779191,0.18275619220880387
2025-02-18,0.13610550655628254,0.11690512389976693,0.11251162445091031,0.10727605504095157,0.09293785535256921,0.09057868272066116,0.09129785095452865,0.16537470650970537
2025-02-19,0.13506131031558347,0.11371906017439345,0.10792498447245794,0.10347622019322865,0.09149076364699063,0.08980032056570053,0.08723939155312531,0.1540204821256017
2025-02-20,0.17372320409671888,0.11154089271383759,0.10649510219443747,0.10610789696950507,0.11052136775166621,0.10811657458543777,0.1013843154840548,0.16850546638745856
2025-02-21,0.16649300286028532,0.12717672347917497,0.14704811445691385,0.17305691567311593,0.13952414700481536,0.14012418687343597,0.1441534201527626,0.22712012407431909
2025-02-24,0.20580201307210327,0.12481462598927215,0.1398441496439664,0.16507635000794282,0.13502042642789963,0.12827004492282867,0.15367077026217332,0.22784849736540666
2025-02-25,0.22109568998811763,0.12237913169268735,0.13341715869846174,0.15776309645907927,0.13112129749582413,0.1253681182861328,0.14449135582135963,0.21443261853592444
2025-02-26,0.23471115889915706,0.1186521490861393,0.1247594017839367,0.14676575700427308,0.11339835983259512,0.11522393673658371,0.12769907864416852,0.2004942965009333
2025-02-27,0.24185323864565667,0.13076833845508468,0.15310830343896,0.18863489479327183,0.15063582362099606,0.15649689733982086,0.15004634857678395,0.25254061818623524
2025-02-28,0.21806039007680345,0.14076724705004884,0.17171744009733364,0.17932385916639684,0.11726751492916841,0.13533510267734528,0.14277102763582586,0.27020201797415133
2025-03-03,0.26333937553345776,0.15294464473165556,0.19223215310512853,0.2196226112350033,0.15235986164210144,0.1424836665391922,0.1436038158639477,0.2720035232409046
2025-03-04,0.2542014662599035,0.1558200039137114,0.19147157142862423,0.224643033611899,0.17586884745334708,0.15678159892559052,0.1508621691347414,0.2751853770197683
2025-03-05,0.24414995558013375,0.15711514286650616,0.18799317187313574,0.2079482547042187,0.1535307639961082,0.1485109180212021,0.14033932453368267,0.2641696727869328
2025-03-06,0.23060451840278884,0.16760633078400372,0.20482069704303643,0.24034216847564582,0.20177659754428784,0.17980261147022247,0.19368597712661628,0.30559526231433753
2025-03-07,0.27197085383165037,0.16390440383084523,0.1897951335392456,0.22007796868498392,0.15713390140124342,0.15680505335330963,0.17576111063177652,0.3038250650447137
2025-03-10,0.19582436707733433,0.1912002454385796,0.24257411148943134,0.3002817236136726,0.26370524144376367,0.2994440793991089,0.23992102372162855,0.3817242510866455
2025-03-11,0.20302820916746442,0.18771425778514786,0.22485093009122778,0.27973331969441556,0.21363146070618633,0.21773450076580048,0.26082748633088254,0.3640581191724696
2025-03-12,0.21409544468193317,0.18298025998746936,0.20653490807345123,0.2549740525677375,0.19357279777577877,0.20411601662635803,0.22624971557106294,0.35596768583800115
2025-03-13,0.1903050012945842,0.18555717725210533,0.20718712682031337,0.25883223504629366,0.21305910007010517,0.20210586488246918,0.22318291307296984,0.3510959336241745
2025-03-14,0.11803780689663662,0.19763798445446673,0.22941587661745413,0.24325590727550966,0.208663065784807,0.19969460368156433,0.19904596505386812,0.33780743328554613
2025-03-17,0.16520427539447768,0.1932242149002139,0.21207718758492342,0.22293819283615973,0.21297900462887287,0.21260151267051697,0.22263712060769264,0.3601678738511744
2025-03-18,0.14708965673018176,0.19191144685695738,0.2041713699916642,0.2218903025166753,0.22600919520296717,0.24623116850852966,0.23486850424871475,0.3619184812085393
2025-03-19,0.14888102053243848,0.19069466816665775,0.19767830294930946,0.2054386002388521,0.20922009764626737,0.21280933916568756,0.1982848144513293,0.3508373958435579
2025-03-20,0.14992479110536464,0.185080864277768,0.18098990254000305,0.18950470437154365,0.20397226509269892,0.23204508423805237,0.2259367470894773,0.3479351018820722
2025-03-21,0.20608631196124322,0.1794711806266092,0.16594169335359102,0.17457797404943662,0.1711715571947142,0.16991829872131348,0.17076851500763254,0.2691382246893521
2025-03-24,0.16907980928267047,0.18682515815330097,0.18722046142354554,0.16872972199022657,0.15593761797565406,0.1553342193365097,0.14808126488029844,0.26103232004940397
2025-03-25,0.17082491442971787,0.18123696569060357,0.17163831549673142,0.15637262524092882,0.1460953953740184,0.1616787314414978,0.1549606391693124,0.25989664704526155
2025-03-26,0.15843946442964613,0.18105065052258412,0.17231087376180831,0.17162529942530713,0.18050552420887292,0.18611420691013336,0.1665299218608769,0.26004678574341855
2025-03-27,0.3854499682813047,0.17600704652933427,0.15965882200282894,0.1611529012841286,0.1913223127697951,0.19951194524765015,0.1782280506265463,0.3039323409718575
2025-03-28,0.5655487623689764,0.18742540658153084,0.192020444376417,0.22017764637793047,0.1849942555757078,0.20085887610912323,0.1862510103973244,0.3204363543781136
2025-03-31,0.5644311238315568,0.1829804348916236,0.178885421401121,0.2023566348408742,0.1537420449721518,0.1663292497396469,0.19768239622241093,0.3034914044593854
2025-04-01,0.5748794996210679,0.17801206819108742,0.16577368933525197,0.1863319633963296,0.14663727263221785,0.15111535787582397,0.1777221320631692,0.2785171552064607
2025-04-02,0.8629130133629892,0.17454765243880005,0.15819744549084788,0.17289757366620287,0.14280774866199866,0.13318541646003723,0.15316423225544676,0.24518182511769518
2025-04-03,0.8265095280984572,0.25660350133616944,0.3388154776849668,0.43276014015143843,0.31065054273148585,0.4536580741405487,0.4705512022978637,0.589306747765002
2025-04-04,0.7127548185062715,0.34537698864394684,0.49235949733763157,0.6398875998476683,0.8564027491237696,0.5852788686752319,0.4876421826103865,0.9791067825773894
2025-04-07,0.7147733263646155,0.33497840111011334,0.4421638162108953,0.5778865428339399,0.6371652674002468,0.39866238832473755,0.46486391738762034,0.9376292140852369
2025-04-08,0.7059956002264638,0.3305517332579631,0.40955251102215506,0.5380394659094436,0.6939405480650774,0.5406770706176758,0.5074016335509641,0.9820575020365341
2025-04-09,0.3285082649189638,0.47710396629850865,0.6815231839914947,0.5476458269266627,0.8820256205727074,1.1853679418563843,0.5147559094337962,1.062941213241055
2025-04-10,0.21327338624209777,0.48241758809625035,0.649503614035614,0.5735916930556986,0.8158886336331083,0.9381051659584045,0.5640980691955182,1.1009378272414896
2025-04-11,0.24072768553633742,0.4728891875766433,0.5927324315486552,0.5204498547643814,0.6077136699253096,0.49548137187957764,0.37082120064202884,0.844998039636055
2025-04-14,0.2929319662204273,0.4595144791183681,0.5337393319317044,0.47100824356462223,0.612577967402924,0.38054555654525757,0.3152729743757413,0.7970772707500623
2025-04-15,0.3153086439579464,0.44556655829120395,0.47898298912028325,0.4264368198941878,0.6208530648103168,0.4865504205226898,0.386323918415182,0.7503757558892897
2025-04-16,0.3062797112816563,0.4408897428714112,0.4529590718836139,0.42863183196137106,0.32989467582433607,0.4100303649902344,0.3778272690946833,0.6520219045455233
2025-04-17,0.3105454621125214,0.4274895588445382,0.4068078359601466,0.38820245191024266,0.29017918293706874,0.3500031530857086,0.3347665004389139,0.4650965191380831
2025-04-21,0.26036772394742463,0.4247149939874453,0.3951228882123357,0.40258869448390633,0.29954095949310994,0.3705703020095825,0.4061286385515037,0.5586953155108991
2025-04-22,0.19611992734105702,0.42292372343231927,0.3879107267539907,0.37094382486012456,0.2882366992044625,0.30016839504241943,0.3128845012810516,0.45939182034399983
2025-04-23,0.15751868997355734,0.41504330288152425,0.3638517511220037,0.3393523327040433,0.28876447613334305,0.28290855884552,0.3056044957566022,0.41301966523406497
2025-04-24,0.08077806051894428,0.40988728184837286,0.35075001444779685,0.3128314538827086,0.2450071415528888,0.2546440064907074,0.2718439585497523,0.32493068547601944
2025-04-25,0.12073436428334217,0.39842575094311866,0.31890483386550844,0.28485709185407365,0.2419403480707518,0.24326808750629425,0.230097265342929,0.3494193753103992
2025-04-28,0.12892561926043816,0.38629612622456005,0.28710908647576755,0.2589914839239143,0.24895042652792937,0.25437819957733154,0.25999312740651,0.37400461393308865
2025-04-29,0.13394336982069507,0.37520306084453975,0.26128142835833573,0.2363265465747663,0.24342465900301974,0.24343974888324738,0.2506989074673601,0.36633876075857363
2025-04-30,0.13703492193572497,0.3638183147778039,0.23586300449857814,0.21548125840734525,0.22012134670407435,0.21279862523078918,0.22430248692642732,0.3132864604146389
2025-05-01,0.1359295134935086,0.35357902166137006,0.21683000574781433,0.19767523337620976,0.20603467118984498,0.19429151713848114,0.21038312804419282,0.30440679718274355
2025-05-02,0.08792518299667593,0.3474888412677225,0.2175373108319158,0.18619404466771108,0.20168334516700642,0.1898500621318817,0.17532637169532997,0.27388877900265673
2025-05-05,0.23959082271581256,0.33782139741951417,0.20133659181982794,0.17911099353338517,0.18066268515005446,0.16683240234851837,0.150925143524063,0.22961201229597367
2025-05-06,0.23880211374205965,0.32890382123890255,0.18944406424217733,0.17695577294795595,0.1733079950723667,0.1572129726409912,0.15668319390385232,0.26316819937198244
2025-05-07,0.2369204746594481,0.3193296929100038,0.17473162987523555,0.1635534392838161,0.15650419590971698,0.1396862119436264,0.13529724461778808,0.2497873904351871
2025-05-08,0.23516560794754196,0.3104171851097633,0.16390608444888927,0.15223292082631956,0.1550942071833529,0.14393974840641022,0.15431217740373682,0.3029536363490857
2025-05-09,0.2402778351396011,0.30097335156591454,0.15034453694675878,0.1415549266850642,0.15086681300569907,0.13939861953258514,0.17654723783489978,0.29286052768585
2025-05-12,0.07767535399686035,0.3172876449631575,0.24549429360370564,0.16059616051069805,0.21817552271525886,0.2014322280883789,0.15812547627291987,0.33706138871065683
2025-05-13,0.06454825319632444,0.30890094478853314,0.22742191156584624,0.15061019978518014,0.2048941350524462,0.20162726938724518,0.16117307136798625,0.29189399502272134
2025-05-14,0.1320976541604132,0.29951703986802947,0.207079843071508,0.1405524768932518,0.2108528435328609,0.20538602769374847,0.2330986865862068,0.29205182279188
2025-05-15,0.12885136199721678,0.29083493342355476,0.19074910898950606,0.1322681308557276,0.20764472101583895,0.21509812772274017,0.21997273720996421,0.3464541137983088
2025-05-16,0.12817932812907631,0.2832784720534973,0.17993967085709958,0.12607982449664976,0.20974230077173325,0.19466491043567657,0.20640302144422437,0.32078812711372284
2025-05-19,0.1925193666989883,0.27466977760138034,0.1652174648007667,0.11931893618657627,0.1096552499734205,0.10862979292869568,0.11917198055653275,0.19366370530679264
2025-05-20,0.19461506416371652,0.2667309758152243,0.1541358721267001,0.11787303194666651,0.1330386852090937,0.14435532689094543,0.12763404131198672,0.2366537864532545
2025-05-21,0.15920600476153776,0.2662283488408226,0.17491115690056974,0.17319396509032065,0.16479507498792256,0.16855914890766144,0.15043383648793512,0.2591257951984864
2025-05-22,0.15917570496675507,0.25812375992444275,0.16082564862572035,0.1607755804687906,0.13970032708131608,0.14105334877967834,0.1445495290935207,0.24512941485943085
2025-05-23,0.15459021606091547,0.25162514709792844,0.15425610734108122,0.15934662758803672,0.15560349142538318,0.15773628652095795,0.14874983909970826,0.22568377345300025
2025-05-27,0.0700825181086514,0.25635527545510706,0.19018883490336538,0.15732192823177873,0.14984369506268794,0.14113034307956696,0.14577101373559534,0.26695938238388595
2025-05-28,0.057781743584687593,0.24949323948241547,0.1776544365443675,0.15353036453899757,0.17481242204950573,0.1878512054681778,0.16710067136165516,0.26518650880035777
2025-05-29,0.06278673220151836,0.24239300248794016,0.16513904784615527,0.14381750188756126,0.164383628689608,0.16808053851127625,0.13968607205885786,0.2711750444023623
2025-05-30,0.0959921237174275,0.23500894719197937,0.15232485407893928,0.13497462200378427,0.1679213037814878,0.15751828253269196,0.13299911871930012,0.21945628600572595
2025-06-02,0.09171968183265665,0.22840497726728587,0.14341111191373704,0.12769764928660154,0.13483908703503145,0.1311916708946228,0.10662956988951922,0.2110964608057475
2025-06-03,0.09073904917910268,0.22258584059993758,0.13814486166393702,0.12184929504080212,0.09992659519116115,0.11397303640842438,0.10525070718510544,0.1903833191005746
2025-06-04,0.09281057654273658,0.2158051694065808,0.12886087259394394,0.11590921044558165,0.1006545324626823,0.10786037892103195,0.10427615888625262,0.18886977344959854
2025-06-05,0.08908571367748491,0.21024009068024796,0.12524250592714414,0.11875928795159182,0.12712789049241294,0.13244140148162842,0.11552603283159754,0.19722649311840854
2025-06-06,0.09575219866049807,0.20767916571607917,0.1337701475250136,0.11617460678264015,0.10499691873139202,0.10519614815711975,0.09445786121233814,0.18446662853404394
2025-06-09,0.1163221987403092,0.20138416541994902,0.125247164666967,0.11106707623796115,0.10413106735716891,0.10279221832752228,0.09398585653500209,0.18569592854575762
2025-06-10,0.1247773253896654,0.19640346858863975,0.12257308749280782,0.10756656129699703,0.09348294966729709,0.09006454050540924,0.0897045263354158,0.16301668782573697
2025-06-11,0.12326272929531644,0.190719725356522,0.1167605390573034,0.10603954461066176,0.10256939097729158,0.10165372490882874,0.09730962109414984,0.1916858088657086
2025-06-12,0.12124299903864572,0.1855037683062656,0.11305863301728625,0.10284586500226915,0.09347080880872963,0.09250600636005402,0.08650221738814771,0.17986932646333637
2025-06-13,0.11314534050763432,0.18519829591436612,0.1284307303985776,0.13545105707425623,0.12424963264221417,0.12342057377099991,0.11811614696461706,0.20576891404170541
2025-06-16,0.12067459952898939,0.18319934430603865,0.13371025451920324,0.12985467952322238,0.10354400695536753,0.1015293300151825,0.1051318891776728,0.16645096283983463
2025-06-17,0.10496149189996179,0.18058768836515698,0.13541806160734599,0.14025422494561837,0.1387078666482261,0.14059843122959137,0.1336054679162936,0.19660880353005097
2025-06-18,0.11928172336279852,0.17509039026498205,0.12655295938360112,0.1318765624544365,0.11712325010786068,0.1356259137392044,0.11704004994842834,0.20252347431394882
2025-06-20,0.12391137387397323,0.16996814591647166,0.11969711036444572,0.1258280874401914,0.12409326162975232,0.13077527284622192,0.12268793803496528,0.2193225474268781
2025-06-23,0.10992945202717146,0.1689315867581518,0.12761487471160904,0.12176401736401721,0.10253519350534511,0.10098925977945328,0.09739785278402968,0.1635152046587388
2025-06-24,0.07734426453510798,0.1693376830046103,0.13800847673728786,0.11915396245118265,0.10473306995598769,0.1037825345993042,0.09226737076338415,0.1692157210588086
2025-06-25,0.08433016563540272,0.16417897549784238,0.12876983556100785,0.11361532146462518,0.10832718639768917,0.11468984186649323,0.10352944163956958,0.1839676895213993
2025-06-26,0.08585604710082072,0.16217972322447347,0.1305452387912037,0.11070703842540756,0.10478239820403747,0.10902123898267746,0.08805468247135655,0.17773000278373735
2025-06-27,0.09563366763793017,0.1585364977873096,0.12652229612135904,0.10718683400023586,0.10545771162198773,0.1130085289478302,0.0889256025182069,0.17859819778073438
2025-06-30,0.0885117055575626,0.1550064167479664,0.123103403163176,0.10419497602918965,0.10308263297323329,0.10436468571424484,0.08798667938748223,0.16851925813892704
2025-07-01,0.09804174623524745,0.15034729086394227,0.11619525683509357,0.10124567221031432,0.09415280323202521,0.08826082944869995,0.09031456033811812,0.15736914496050125
2025-07-02,0.09413713096399867,0.14692474956615717,0.11392600129298398,0.09906758605073822,0.09517168049352415,0.09677685797214508,0.08463874975721968,0.14065336673091783
2025-07-03,0.07704495083786789,0.146062949096119,0.11974414663893962,0.09876495772929605,0.09797443825936035,0.09381886571645737,0.07595644505651411,0.13730776110620913
2025-07-07,0.05380921878112535,0.1449012681945057,0.12319815605657726,0.11540612055961155,0.12200899313202943,0.12055131047964096,0.104817693485358,0.15812848358456158
2025-07-08,0.06051108912537226,0.14051458761843916,0.11615009842796661,0.1105470247025607,0.10029021545596445,0.10300595313310623,0.10493005527360419,0.1844271830673335
2025-07-09,0.048301330580600904,0.13824610287409517,0.11623018216190786,0.10732994956773924,0.0965230288749812,0.09201259911060333,0.09130950627726721,0.1565441971818845
2025-07-10,0.05832322008592664,0.13445810918581325,0.11142717603211509,0.10373797040726476,0.0968756713414016,0.09371184557676315,0.09078963246490293,0.16114224639083677
2025-07-11,0.05340567128671173,0.1309931205483696,0.10800276780982242,0.10392302348734785,0.10325693982541465,0.10237631946802139,0.10079117123493898,0.18471868410231518
2025-07-14,0.0533947294376792,0.12712023276271683,0.10352361815723374,0.10067250596865318,0.08898564755366632,0.08875300735235214,0.09025654120876692,0.15686801465734146
2025-07-15,0.04560110638872421,0.12420782096166934,0.10236728896279312,0.10293695834130992,0.10850009054420422,0.1112089678645134,0.1054764044530784,0.2069997763320898
2025-07-16,0.0679623327871392,0.12106053194864273,0.10036976164222579,0.10008538508620128,0.0894314956093304,0.0923699215054512,0.09136988868769273,0.16176567220892774
2025-07-17,0.05653136599828825,0.11920823945973363,0.10227004308662828,0.09828590425703536,0.08937450680367037,0.08865725249052048,0.08553827284876118,0.14536738592240822
2025-07-18,0.06315308711650956,0.11557721187079556,0.0983201317104725,0.09583092891434451,0.08977012929647374,0.0901648998260498,0.0912160206661584,0.15624082871536038
2025-07-21,0.06238080230969163,0.11218807252086274,0.09540227915981908,0.09382066398711858,0.0886000165921687,0.09014149755239487,0.0816327723473495,0.14396015822740255
2025-07-22,0.0656781609735623,0.1087985999711993,0.09265256115644852,0.09207023464169167,0.08488080042374588,0.08238931000232697,0.07983113795544766,0.13930925510849618
2025-07-23,0.0366137237068834,0.10973812984316211,0.10239562412870064,0.09275515117561946,0.08539913228993534,0.08305943012237549,0.07294439636981616,0.13405203186786302
2025-07-24,0.04479516832749158,0.10642967544466694,0.09849762811258907,0.09118837596153564,0.08428462321230694,0.08384492993354797,0.07832996000772066,0.14542479918574638
2025-07-25,0.11963525075787541,0.10433368678235493,0.09826565993836164,0.09042612270697714,0.08450770186374534,0.08070678263902664,0.07582940620615841,0.13201558397397162
2025-07-28,0.15842296100919123,0.10115759960293859,0.09494393286855843,0.08921106117673702,0.08446504493024598,0.08073464035987854,0.07583611230262108,0.1277836631507475
2025-07-29,0.16078026227932715,0.09875073071277349,0.09398144979114671,0.09138584790001722,0.09291285572882446,0.09629863500595093,0.0863146549202046,0.15770074633131834
2025-07-30,0.16859627206810385,0.09586572638276933,0.09168360336158417,0.09055132502683898,0.08269726507518142,0.08274044096469879,0.08049188172438641,0.1497416281140735
2025-07-31,0.1666318865887894,0.09405318734638632,0.09235193448688053,0.0941672225837456,0.09180477417132417,0.09337128698825836,0.08833960195824969,0.1639759739284264
2025-08-01,0.1330775597812232,0.11065675168643728,0.13452758026918302,0.15974553433155175,0.1305398243020007,0.13915349543094635,0.13422384803091642,0.26346971598362084
2025-08-04,0.0850861545252067,0.12143420831527672,0.15509658501571713,0.15349711155202478,0.11766859314936695,0.12390615046024323,0.1275155940433988,0.2390642506411323
2025-08-05,0.11162013944108036,0.11924783787406529,0.14659424628343073,0.1486555826435246,0.1501695270369785,0.14880655705928802,0.13858355717308898,0.2237373110423245
2025-08-06,0.10163669954365975,0.11900756354091345,0.14335429692018758,0.14034582931804393,0.11692801076225111,0.12683506309986115,0.11217763718473647,0.19572375972079967
2025-08-07,0.10150156919777478,0.11542380939746881,0.1334415093123787,0.13208344457691776,0.1300358005250526,0.14316120743751526,0.10964557593709098,0.2121985244566785
2025-08-08,0.08766103550606703,0.11591378944202384,0.13374713935775467,0.12626195555822026,0.10551372209381357,0.10493209213018417,0.09454950547114979,0.18609936764732968
2025-08-11,0.08583783910323382,0.11280468286911564,0.12605099233845118,0.12143576694373645,0.11424244811776646,0.11718722432851791,0.11419542822708048,0.21052606953029193
2025-08-12,0.051897291251334354,0.1178379359335869,0.13747653206721433,0.1189234966001997,0.10314758048605119,0.09939797967672348,0.09096422806005573,0.16565952092032526
2025-08-13,0.04967817211851079,0.11493423118693133,0.12984249943984888,0.11369941789145209,0.09773751514076037,0.09483960270881653,0.09175438839430548,0.1686734783970807
2025-08-14,0.05722435461555411,0.11143910180874217,0.12176758405328651,0.10894312966015529,0.10076692121208222,0.1015201061964035,0.0939139265134592,0.15550628933456134
2025-08-15,0.11958231262886947,0.10863162403128497,0.11623534690978428,0.1074614700655914,0.11287923054985591,0.11116758733987808,0.0990430981646753,0.17576723813819653
2025-08-18,0.12337232305792056,0.10532299600481132,0.1101365258377642,0.10362011158400464,0.09598068994781997,0.09644030034542084,0.09054756501251149,0.15782300347023892
2025-08-19,0.11974444526146501,0.10463886562791172,0.11106393630560642,0.11099712401848079,0.1112010259687917,0.10519196093082428,0.12971180901150942,0.20357108712415933
2025-08-20,0.11969724100661673,0.10189189052026516,0.10681132373285293,0.1084163679083183,0.10298436611622677,0.09823917597532272,0.11288104544331576,0.21062806679805066
2025-08-21,0.11839233077179884,0.10001220059935313,0.10512345202582302,0.10932353761862576,0.10592077323890597,0.10203683376312256,0.10804429819225878,0.18987735238741696
2025-08-22,0.06814453013634907,0.1133011977200768,0.13712627276010042,0.11160228933867788,0.10466131226023301,0.09426972270011902,0.09718115787681914,0.20693124618110037
2025-08-25,0.07844905532169531,0.11110051950176916,0.13070045024853202,0.11256276879030287,0.1304390799295454,0.13524118065834045,0.10721863776016057,0.1983492529721838
2025-08-26,0.0812450420927958,0.10890390833915037,0.12511542862811714,0.10844458470611598,0.10474539550834706,0.10331089794635773,0.09352606365947749,0.18097784201173808
2025-08-27,0.09897116791630609,0.10599381803872751,0.11864387286801331,0.10462448005261546,0.10526277401501277,0.10300744324922562,0.09048871514084464,0.16653813798608905
2025-08-28,0.0990008222843008,0.10349300843600652,0.11387538608706897,0.10151283808506494,0.10503117768826449,0.10300744324922562,0.08740075298107629,0.15669693418301112
2025-08-29,0.08915005819902379,0.10339778566394361,0.11515464577967904,0.11137100586803984,0.1148373512138571,0.10938111692667007,0.10482748875530791,0.16514516526969503
2025-09-02,0.07667506479709595,0.10382293993357392,0.11731863479060624,0.12075665110670758,0.11372811645476771,0.11584895849227905,0.11678758479603363,0.1807619024249239
2025-09-03,0.07086648573989746,0.10258526601902655,0.1154107522455695,0.11566517016920047,0.09373826872834705,0.09458421915769577,0.10774058735999065,0.2291948299768825
2025-09-04,0.071685734992216,0.1045796588545658,0.12083443142008102,0.11249169604303358,0.09780515645631972,0.09738335013389587,0.09203077563466547,0.17512525515081404
2025-09-05,0.06814746280272393,0.10214032829445083,0.11572700900181768,0.11089971463772694,0.11234449489850204,0.11210355162620544,0.10720071417856256,0.199806494523019
2025-09-08,0.07437914359983076,0.09936602204077816,0.11048601258434422,0.10667594088348027,0.0934063912767062,0.09610079973936081,0.09881493853511687,0.17170337898763294
2025-09-09,0.07247581791063555,0.096902820714966,0.10657065241615216,0.10316172153465467,0.09033902691247972,0.09366653859615326,0.09449508976899104,0.188549547500536
2025-09-10,0.06966310175164665,0.09466219601161849,0.10361060255658516,0.10023440538882246,0.08862308699041066,0.08991652727127075,0.08944702546088924,0.15606904148100842
2025-09-11,0.04903705420500583,0.09748283778587634,0.11227995361966245,0.09968524864205099,0.09251213137335097,0.09541697055101395,0.08670295933523155,0.14580628341325497
2025-09-12,0.05991613419567756,0.09453176709060096,0.10683389647584082,0.09710952733174098,0.09212477285277147,0.10045013576745987,0.09133451944679154,0.1660739416302754
2025-09-15,0.05877585220804861,0.09345294140223796,0.10620343085194917,0.09556136137598091,0.09011685510202577,0.09372659772634506,0.0882868780454331,0.14843271902554567
2025-09-16,0.07003660683714093,0.09074446529435644,0.10196562711149912,0.09413068010315173,0.09162993675845633,0.1000075489282608,0.08872194322600835,0.17231713249191516
2025-09-17,0.07257555366181176,0.08806094289067538,0.09827242349678819,0.09267781390055482,0.08934332553461947,0.0905752032995224,0.0800869473646528,0.14171255095108812
2025-09-18,0.07340095369097159,0.08737608113854928,0.09945989626505654,0.09189302900647524,0.08810403418861475,0.09164360910654068,0.08377731272792223,0.1274576602301538
2025-09-19,0.07704446269060825,0.08680796889473254,0.10057809181505939,0.09127505236573732,0.08832383161796958,0.09098654240369797,0.08255303018994845,0.13445685916848696
2025-09-22,0.07286365584749548,0.0858851321380732,0.10064060345960707,0.09061360550966718,0.08444860461068097,0.07982388138771057,0.07486012210991838,0.1202635672494457
2025-09-23,0.06793295103919403,0.08598808682374288,0.10275850960256452,0.09991671879392724,0.1031037827225888,0.10266347974538803,0.0953941274302886,0.1804858966599093
2025-09-24,0.06918048509264259,0.08410222695516582,0.10028411042212672,0.09987780845270708,0.09657801240419303,0.09694892913103104,0.09633288669877901,0.185371797741514
2025-09-25,0.05944967698983302,0.08384553583954285,0.10149591037403309,0.10528372126754686,0.10316252499585506,0.10266347974538803,0.11033617603715822,0.2054120664590256
2025-09-26,0.04229975049493772,0.08445017997479518,0.10419049513164476,0.1027532371465957,0.08571703203623099,0.08312119543552399,0.09080678902165054,0.17955045427725672
2025-09-29,0.04591155764060094,0.08251467581058093,0.101232414282191,0.09978719709222257,0.08594166885238529,0.08272848278284073,0.08577929997597873,0.164020775833773
2025-09-30,0.04475281380442738,0.08156073796431006,0.10063813367708009,0.09759083263470805,0.08580193627574946,0.08212611079216003,0.0838942058746425,0.1596336538334099
2025-10-01,0.05589219915030108,0.08016989092309498,0.09917045915218488,0.0955842418672162,0.085739473095308,0.08331798762083054,0.08188761510715065,0.16023166310802278
2025-10-02,0.059062946576249324,0.07776475085202338,0.09577849955507908,0.09353330091196317,0.0847713353480655,0.08479273319244385,0.08020736009436864,0.15701536939102428
2025-10-03,0.2038733655772478,0.07539615359063497,0.0928654099653017,0.09179026724067993,0.08620113828283374,0.09664887934923172,0.08169177544531889,0.15999815703598327
2025-10-06,0.23015483108993315,0.07445693149612752,0.093189547184324,0.09078168970353241,0.08379324877070418,0.07956866919994354,0.07638198983676071,0.1360266852081501
2025-10-07,0.22882268788008311,0.07370000061793239,0.09371562354728805,0.09466207012480253,0.10085747845828959,0.09933795034885406,0.09126078415608162,0.19443687781637664
2025-10-08,0.22687379220384918,0.07494206050227244,0.09794663785686426,0.09384675037668212,0.08357721992282208,0.07834924757480621,0.07623418506787284,0.14688456517265303
2025-10-09,0.23042877319620403,0.07344698465698817,0.09616611257664566,0.09470021281249491,0.09544590673589544,0.09678837656974792,0.09016735920540658,0.17174969915158717
2025-10-10,0.12811742956020936,0.12842753650070218,0.19353895247885405,0.24074577563653735,0.20946472848399048,0.20497539639472961,0.1844424309695795,0.3467738034690454
2025-10-13,0.10009580990602271,0.13829827474898398,0.20125243754914077,0.22387559618172745,0.12271731447953078,0.12181075662374496,0.16039095725236038,0.2732669701736937
2025-10-14,0.09947711839626516,0.1342232707735703,0.18404218621336327,0.20593198231631926,0.131344246430137,0.1336018443107605,0.14337315998250655,0.2670709363299053
2025-10-15,0.10259444326455965,0.1310687815954688,0.1705949445020143,0.1899705537369457,0.121911443608796,0.12367304414510727,0.1213108830859867,0.2733191781451908
2025-10-16,0.10108290383041672,0.12942611956451572,0.16181118886775697,0.18283372184833455,0.15918238150040476,0.14553537964820862,0.12678753397067952,0.23384355193575787
2025-10-17,0.1093053689298676,0.1271372888725666,0.1529024909747906,0.16982149633196475,0.10822846649109488,0.10788178443908691,0.1369837664308894,0.2341693520787108
2025-10-20,0.11742263003372298,0.12999224601662715,0.1559944552115975,0.1599235206185751,0.10120441096338448,0.0890733078122139,0.11626416140188503,0.209312331610816
2025-10-21,0.11853795187492812,0.12603222265201658,0.14440997848951675,0.14918773355449164,0.10331567552623586,0.09616470336914062,0.11766881974900686,0.1903233576055857
2025-10-22,0.1122843627791777,0.12395218015794639,0.13833518506163128,0.14622954765378343,0.12611300474370962,0.12697473168373108,0.12150186041413652,0.20463237280069696
2025-10-23,0.12609567938463417,0.12228152326702375,0.1339716959889737,0.13789001739602094,0.0990217368126533,0.09108688682317734,0.10072686410527235,0.16422886661272054
2025-10-24,0.11455101507611483,0.1224435166411633,0.13436994689186962,0.13128228838934064,0.1018662330312385,0.09861000627279282,0.10399107615841985,0.1801110094357884
2025-10-27,0.0758336197509988,0.1278628961327055,0.14637927917501892,0.1276016850560876,0.10305253882443871,0.09313579648733139,0.09809921500980578,0.18598830519020282
2025-10-28,0.11185993228481067,0.12428577052834053,0.1368056876616184,0.12112848108782244,0.10449092480150261,0.099002905189991,0.09764496630205584,0.1847429091311879
2025-10-29,0.11481664431457195,0.12049964442096021,0.12783293410771063,0.11541655759888828,0.10846964669823926,0.1047617718577385,0.09642117011922538,0.1686592670865649
2025-10-30,0.12065501065456977,0.12307369199880726,0.1347548600056263,0.13640014670594908,0.15068826649293288,0.14017903804779053,0.12369555450781561,0.19662229932650305
2025-10-31,0.11955444193854274,0.11975667055339494,0.12708747388850072,0.12879510629502355,0.1099777153959116,0.11824537068605423,0.10935582812455713,0.19370576399890005
2025-11-03,0.16098817336344443,0.11630069521898412,0.11996164525246465,0.12212237882161561,0.09265334946060244,0.08361022919416428,0.1024457177027506,0.19454780387425843
2025-11-04,0.13823417338921373,0.12174498074503017,0.13454655084904021,0.14995933015111718,0.15263777698255404,0.14527291059494019,0.13883166451219353,0.22389796812299523
2025-11-05,0.13586145207463557,0.1188849184706966,0.12786748871476206,0.14072054942363268,0.10581828385952723,0.1045476496219635,0.12484402713590628,0.2116007464122153
2025-11-06,0.16167261412790154,0.12327293522785057,0.1385133298447018,0.1601639127530517,0.15474690428558308,0.15450884401798248,0.15320173075277227,0.2523196822204055
2025-11-07,0.16146386486204092,0.11961809212244276,0.1295434232366057,0.1494191350678047,0.10853934797450979,0.11065161973237991,0.1369582662621578,0.21487995854411923
2025-11-10,0.13626338423953374,0.13031442004950086,0.15349231180633877,0.1446718191410277,0.11598440890476881,0.12088454514741898,0.11491789758753515,0.19866916813504434
2025-11-11,0.1477002726908863,0.1266014428751568,0.1428193573934926,0.13594677271415273,0.10732116312715004,0.098201222717762,0.1107253969656376,0.18482857169677297
2025-11-12,0.1500098458305749,0.12276904325329312,0.1330957619921577,0.1282798284970555,0.11695941880503931,0.11373556405305862,0.10884993619549604,0.19394137061465117
2025-11-13,0.14443474522602734,0.13558179764436742,0.16122903603235733,0.18075381298404,0.15256595679800536,0.15232251584529877,0.14484231625538133,0.22686671544652245
2025-11-14,0.16020160789162952,0.13146591370924127,0.1490217775950752,0.1675835070303077,0.12758090787028392,0.12993347644805908,0.15170225362390224,0.22714331048637573
2025-11-17,0.18239537702648828,0.13239070109125373,0.14943979645156089,0.1724843158272623,0.14313845179574133,0.1417139768600464,0.1544545478073477,0.22156795848883382
2025-11-18,0.1841335262586192,0.13234404490371746,0.1477616924753864,0.1734652887185902,0.14376730232076995,0.15414215624332428,0.15620876989270158,0.22094378202165074
2025-11-19,0.18864073042266374,0.1291367980076764,0.13922994464759106,0.1614082134737899,0.11110677171574077,0.10952574759721756,0.13774434620880385,0.21710585574054023
2025-11-20,0.15689465085197668,0.13927593664535967,0.16157230046320037,0.19598130437810768,0.1457163878447564,0.14788635075092316,0.16365621167500366,0.26152196827609886
2025-11-21,0.14572558299063304,0.14028070161493586,0.1608580478902745,0.18257519606609848,0.11729867917156205,0.12775260210037231,0.15432621356208828,0.22977971289415863
2025-11-24,0.09831565656639471,0.1485261549485064,0.175929352087842,0.17312319745996677,0.12375969269836297,0.13001322746276855,0.13693129067996226,0.22563350369909488
2025-11-25,0.0775292085603736,0.14821210649359795,0.17100010351344674,0.16229576282067626,0.13003154949405302,0.12982653081417084,0.11872774399681418,0.19891138411922782
2025-11-26,0.06067802549792719,0.14616816635871527,0.16306850023082586,0.15222170424221113,0.1328022331026702,0.1286195069551468,0.10884311270473554,0.2049914918517883
2025-11-28,0.04932583570887982,0.14322869634778687,0.15412865900897418,0.14306256146971597,0.13024648400069613,0.1337907314300537,0.12147355237845792,0.20734815271441354
2025-12-01,0.04010858569148366,0.14040780612373077,0.14653910378568133,0.14109411933687133,0.15254311268673593,0.14815416932106018,0.13752374965925318,0.2165656025078575
2025-12-02,0.03665884179182089,0.13646450713878178,0.1371005634864395,0.13289898532861866,0.100911648155774,0.10011941939592361,0.11353239129716552,0.1861152266287247
2025-12-03,0.05637674699182641,0.1328121300634732,0.12940705602924554,0.12582982247287353,0.09415491854997093,0.0919639840722084,0.1026476799469622,0.1716973065357836
2025-12-04,0.057767133391531056,0.1288345668446612,0.12167989257167527,0.11952484027550288,0.09295034110867668,0.07943176478147507,0.09397376143441268,0.1687624342839486
2025-12-05,0.09455819530643017,0.12513610205069398,0.11549391262806101,0.11414439701292269,0.09357449299209844,0.09538034349679947,0.10088005945834867,0.17767985635254135
2025-12-08,0.09196956187895838,0.12207767895088162,0.11168132159571498,0.11293669999167602,0.11953047419598856,0.10343808680772781,0.1198092352092294,0.20046323746964614
2025-12-09,0.09331007282620757,0.11840778917004004,0.10652578157634328,0.10862390330198449,0.0873808850093976,0.084345743060112,0.10866984422950535,0.22253397485378426
2025-12-10,0.11523071146062426,0.11774283088923668,0.1100938135856907,0.10596953202137335,0.08778665622585546,0.08666200190782547,0.10413438859494015,0.1918560253466068
2025-12-11,0.12731248736904016,0.11444129690590474,0.10583338766843761,0.10259278510298006,0.08758947881849848,0.08671265095472336,0.08746929020221703,0.18424638752426378
2025-12-12,0.11958397011490063,0.11852790452162999,0.12091199700082338,0.1315611800323323,0.11823367589619213,0.12330564111471176,0.12563980735420144,0.21661212799652374
2025-12-15,0.12746091689923403,0.11508490347925839,0.11466202474391161,0.12509953040859398,0.09656221807817385,0.09523715823888779,0.11483421452573236,0.2093432377674311
2025-12-16,0.13037649282444996,0.11196426278894522,0.10991408097156817,0.12038990492889987,0.10288957919037463,0.10176939517259598,0.11299255873034106,0.2059233077890645
2025-12-17,0.10328312880708082,0.1176411258322082,0.12691022010317937,0.14793566153948942,0.12896675236997257,0.13403275609016418,0.13380881497269312,0.21283564256137052
2025-12-18,0.0867424938374915,0.11812456499813714,0.12879439901847667,0.13996045762791093,0.10501924660820837,0.10513317584991455,0.12071734393133576,0.2029156061459964
2025-12-19,0.06524018205837699,0.11950576289107373,0.13237768662266194,0.13338909030800247,0.10346223070176999,0.09865369647741318,0.10375674174075508,0.17575474933629417
2025-12-22,0.047719572517661166,0.1185205478319746,0.13011093464229975,0.12695994657801785,0.10530847883483632,0.10337120294570923,0.10664049779402412,0.17485722211527027
2025-12-23,0.063142142315303,0.11625811644690705,0.12522389079078783,0.12096548482690057,0.10675447601864729,0.10611530393362045,0.10396141774866781,0.17928824603471955
2025-12-24,0.060383367194461725,0.11340812677933747,0.11955827115043971,0.11557243154599865,0.12280823867720805,0.10908269882202148,0.10237427004828652,0.19185885177209577
2025-12-26,0.0752563749516314,0.10995962953223512,0.11311672994375707,0.1107164058156307,0.09807678272481747,0.1012272983789444,0.09468568817451552,0.17377816469147755
2025-12-29,0.08348752677327524,0.1074740830812324,0.10974179433613564,0.11014612762465097,0.11033267601791408,0.10878893733024597,0.10942499128377951,0.2198490351273022
2025-12-30,0.0864470974910118,0.10433739134195605,0.10511866830428576,0.10661203331214682,0.09208220429536698,0.0973140299320221,0.10788446616747722,0.21606489187938466
2025-12-31,0.06873694865054973,0.10515560905384845,0.11055724432011767,0.11877437050671263,0.11447708697179734,0.1191677451133728,0.11858617423959489,0.1979164790663211
2026-01-02,0.08151039034501441,0.10221749760208311,0.10610044027740154,0.11350260050619847,0.08909814344360699,0.08381135016679764,0.09913762313897616,0.18096705646837957
2026-01-05,0.06889954096687108,0.1021181873548966,0.10885135236499575,0.10993783973339274,0.08990454046591974,0.09095847606658936,0.09992172155711129,0.16715202532890513
2026-01-06,0.054896554315186356,0.10187961473712667,0.11068198061801207,0.10687679753647106,0.09148479866444735,0.09289085119962692,0.0984867331852104,0.17480556623087184
2026-01-07,0.06210060299863139,0.0996805999999941,0.10765001335234835,0.10687274654968139,0.10435531354836622,0.10654444992542267,0.10797269578664061,0.20422250946624632
2026-01-08,0.06473630768736685,0.09664438569462602,0.10300816740069241,0.10324826609037933,0.09091864782959698,0.0958317369222641,0.09627778088368592,0.18314667563580095
2026-01-09,0.04595465678334635,0.09700339459994085,0.1066985712040316,0.101355441716297,0.08958228634804842,0.08829892426729202,0.09122789638189825,0.15208184054194246
2026-01-12,0.15453400401769088,0.09424782403340466,0.10265549620867954,0.09864645360600635,0.08988930128520513,0.09740632772445679,0.09008765036803171,0.1670645764340131
2026-01-13,0.17430082701730656,0.09168782817612536,0.0995180099622034,0.09753077384559034,0.09107642153457306,0.09074494242668152,0.09054860892248867,0.1697988798889291
2026-01-14,0.17449605348811462,0.09129429227482964,0.10160864464126453,0.10452354194280412,0.10711319475650759,0.10621345788240433,0.10104871874359157,0.18720043690559174
2026-01-15,0.17355015388104347,0.08907833023142375,0.09918457090683244,0.10141885958602419,0.08882874388259632,0.08775217086076736,0.09033393885930767,0.16147028215219966
2026-01-16,0.17707519163038007,0.0864007741905805,0.0959708206675936,0.09873376774654488,0.08551214224515866,0.0913146510720253,0.09201343671471576,0.18440607923135857
2026-01-20,0.10147805098609593,0.11655659489767896,0.1577794917200894,0.192375137049173,0.14837883957567985,0.14945074915885925,0.15467123924515117,0.3118361072125183
2026-01-21,0.060068539409958314,0.12156185271857003,0.16208796533389214,0.17990251635634724,0.11739707526717011,0.12012902647256851,0.1438058689745647,0.21389889349663083
2026-01-22,0.04672428753648848,0.11976420477688075,0.15342424888368056,0.16728083591442397,0.11603184416098433,0.13075771927833557,0.13728610042016795,0.21624486322980216
2026-01-23,0.055807918593132576,0.11612265848155848,0.14227857178766043,0.15571107302294884,0.1265603359886452,0.13265150785446167,0.1300480473457447,0.22011062834845696
2026-01-26,0.057574344341904275,0.11424725631986961,0.13608462697131704,0.1460483659449069,0.11662654937999602,0.12162622809410095,0.11448287856011075,0.18617017086772603
2026-01-27,0.07789869004113396,0.11189366606101982,0.12970942474508224,0.1374674745699174,0.09672761045825462,0.09473443776369095,0.11708832428360053,0.18204996444785662
2026-01-28,0.08585585170903728,0.10848539968056252,0.12185472467890034,0.1296651477475587,0.09515367079234453,0.09472944587469101,0.11493861046777401,0.17134286114172373
2026-01-29,0.12224988052596324,0.10530068216566275,0.11540467649068249,0.12331372612838683,0.0946638686627132,0.09732089936733246,0.11649632055063781,0.1860225361001962
2026-01-30,0.18215769392626463,0.1034599633480924,0.11273967590115658,0.12228927153848443,0.1161441802702761,0.11284384876489639,0.1187992712737653,0.1976101039698008
2026-02-02,0.18118583579609357,0.1024638602249732,0.11226046258092721,0.11717938621633893,0.09312873867858357,0.09052710235118866,0.09769199219637757,0.177040696042713
2026-02-03,0.17259918137731786,0.10462234651709038,0.11866186246092492,0.13065845657165523,0.11688515525310125,0.11806283891201019,0.1351142735036778,0.17881870407636638
2026-02-04,0.16878163471528598,0.103344533796502,0.11658822772508846,0.1301683781163327,0.1085842844341078,0.10458288341760635,0.12335394485458057,0.19898654496833007
2026-02-05,0.1827210895183534,0.11107081321297421,0.1336475238763021,0.15752351626892352,0.1306831149226102,0.1307702362537384,0.13906728260357643,0.21475037530203128
2026-02-06,0.11927449163420865,0.1317135681568478,0.1727224775205506,0.15415409448242126,0.11404725943074251,0.1085844486951828,0.10644638779258667,0.19280978533124862
2026-02-09,0.11478684276534051,0.1289912290140841,0.16154456023339028,0.14457552116981384,0.11307838762061896,0.11943258345127106,0.11011890303960678,0.19299567472806808
2026-02-10,0.11906681700258333,0.12572186494869897,0.15066606220119483,0.1383534562700286,0.13257424441983995,0.13469721376895905,0.1171915628873601,0.22737357438736105
2026-02-11,0.12074488516406348,0.12189201912529014,0.13989784305546832,0.13041602705007385,0.12464532125167958,0.12809129059314728,0.10682220828121494,0.18841345865612816
2026-02-12,0.06657295045798127,0.13316745026562873,0.1621308180109212,0.1762623941766966,0.1616399125316643,0.16757416725158691,0.14583803957877045,0.23457911668894177
2026-02-13,0.09956226519300727,0.12912521048682118,0.1498789468971452,0.16362175115741387,0.1150159607399966,0.10907641798257828,0.15287512776799098,0.22926226773656502
2026-02-17,0.1130816121511184,0.12525568341457632,0.13937484457452248,0.15254967320936594,0.11072017417879353,0.10339934378862381,0.13820177443551693,0.216507565567669
2026-02-18,0.12059932456401712,0.12334296793530533,0.13446371297463786,0.14341205931474105,0.10540963749211517,0.10938119143247604,0.12303596935440436,0.20227505467106238
2026-02-19,0.12490183466843623,0.12008930355873984,0.12710059364343543,0.13670462108272358,0.12306032853660778,0.12542855739593506,0.1299342449666862,0.21782648301738544
2026-02-20,0.11892484663462259,0.11949606208860677,0.12679074195337622,0.1299950743903258,0.09476383978732215,0.0905674397945404,0.10424055558339143,0.17335077774420762
2026-02-23,0.09304772416258716,0.12276204934889194,0.13517486825164923,0.14848375488986956,0.12579233956645816,0.1311880201101303,0.144870929941365,0.22492233832349764
2026-02-24,0.101328704416295,0.12265723323555777,0.1347592259812411,0.14039486561493209,0.10196733806287224,0.10184106230735779,0.11873869326488307,0.18990481559709838
2026-02-25,0.09983229002502297,0.12302428037496743,0.13545830587617919,0.13354570832325685,0.1037110040951751,0.10469613969326019,0.10696134943737257,0.1871664006657766
2026-02-26,0.10061716156540719,0.12109714640743581,0.13093769536526506,0.1332943389718157,0.1352256263203081,0.1355253905057907,0.12546945796950876,0.20306473472758352
2026-02-27,0.1348118265124582,0.11861954924975493,0.12571826432007463,0.13068830428255007,0.12524657418500154,0.12637926638126373,0.12919566940126226,0.22728344259393618
2026-03-02,0.14701404399618603,0.11501634666745991,0.11846634093260898,0.12378834586908943,0.09793390204262503,0.09967616200447083,0.11099924918582565,0.18427577641179688
2026-03-03,0.13154997453586503,0.11745820516687022,0.12619804192964323,0.13982564987537474,0.12237212683976048,0.12028446048498154,0.1273896175801477,0.19563409717676253
2026-03-04,0.11971740351340876,0.11777606976769324,0.12778271785670514,0.1329317222004668,0.09655046461894626,0.09117140620946884,0.10851397911365193,0.1789081672793166
2026-03-05,0.15679113306651304,0.1162917550569808,0.12503157848320856,0.13351507289142042,0.11769315516586992,0.11080048978328705,0.12310720784396559,0.1832084226402703
2026-03-06,0.1320662009017215,0.12415079659307526,0.1431198969983847,0.16489985423480175,0.14043420871147663,0.1404147893190384,0.14003564441894195,0.21026616754327915
2026-03-09,0.13825866012287097,0.12459006232732545,0.14254093978359958,0.15486423645606223,0.10923739805486843,0.1060873493552208,0.12700926673104945,0.1901579012393016
2026-03-10,0.13855677111777953,0.12108013120947018,0.13352441816673286,0.14585108003578778,0.12375984891296307,0.125027596950531,0.13435029118321534,0.21226766399107572
2026-03-11,0.1691849459114577,0.11743675319475316,0.1252423991019937,0.13714825576384324,0.11495679312497599,0.10572533309459686,0.12104709288318413,0.19228604650337952
2026-03-12,0.13091245161788592,0.12854614032735556,0.15036670414484907,0.17761606136617222,0.14267987786890632,0.1509026437997818,0.14659607569036046,0.22430767277535954
2026-03-13,0.16432792047382846,0.12685087513806415,0.1444616751606805,0.17178417960115927,0.13422809844949019,0.12977471947669983,0.15782234476813334,0.21393452430078047
2026-03-16,0.16857971894454132,0.1290811260762621,0.14782656678222048,0.16147605271289087,0.1066683621488544,0.10308652371168137,0.13135565013835168,0.20013774872967935
2026-03-17,0.169749654309754,0.1255231172353211,0.13831065615308694,0.15081473059580278,0.10926739299777478,0.10702243447303772,0.12725907928869676,0.1998576074056382
2026-03-18,0.14431250825958652,0.13284945099861073,0.15369497164699614,0.1781893558204438,0.16229524199344694,0.1585288643836975,0.15198592090609328,0.22450016805532233
2026-03-19,0.1896951916389056,0.1292462684360652,0.14354474568879239,0.16686057571159066,0.12629504018788942,0.12876276671886444,0.16155661634938182,0.23930906031118096
2026-03-20,0.19644145222653278,0.13863795154927458,0.16269837016932764,0.19687944471889884,0.16065998556520594,0.15574373304843903,0.16921057559603603,0.25341929316574485
2026-03-23,0.1812200285126525,0.14152084944651536,0.16553761094173947,0.183910438641132,0.1187272989377076,0.12171029299497604,0.1559982354186188,0.2330955805621754
2026-03-24,0.2714575004876982,0.13798203109804133,0.15455246034961972,0.17307744212233173,0.1391368635895051,0.15430282056331635,0.1688769617096399,0.24821864105545627
2026-03-25,0.27347496291527085,0.13541909676977062,0.14702850546554938,0.16143705362591415,0.11267650469399693,0.12324278056621552,0.14717306142810255,0.21350538397345215
2026-03-26,0.24354008538214483,0.14798662589173905,0.17341380526626607,0.20495867094021908,0.16566029575529093,0.1552722156047821,0.151227549817382,0.262133845295726
2026-03-27,0.21438959960828424,0.157751995430318,0.1898172571042685,0.23163371866372998,0.17882034300524632,0.1819300353527069,0.1902743760290521,0.2940267804804223
2026-03-30,0.21261267651318436,0.15371689896612042,0.17574104958910666,0.2152123924916368,0.17106579830159346,0.1709858924150467,0.20549692293757013,0.3171544548695665
2026-03-31,0.18594416650587098,0.18622103480736774,0.23837615562261255,0.20924265727685523,0.195428132532013,0.1985311657190323,0.1823886171756847,0.3081091721384389
2026-04-01,0.18414846362924367,0.18267190513580184,0.22112172258404014,0.1936651997293974,0.19287207343412263,0.1984371691942215,0.1562114588942076,0.26506514922042146
2026-04-02,0.18415431394222698,0.17716054403674175,0.20173107220895173,0.17917245385120717,0.20090115274860004,0.204197958111763,0.165879893497332,0.27180599179933873
2026-04-06,0.19517455318825638,0.17262009772116021,0.1865172634016137,0.1666410759239814,0.161296581790076,0.15781013667583466,0.13460917846852752,0.24575029017025443
2026-04-07,0.21208450819995395,0.16738741194141576,0.1712782811534205,0.1552729668288623,0.16310558335881212,0.16510145366191864,0.12587310804120647,0.2507260205417071
2026-04-08,0.13127223065190702,0.18872169898432306,0.21825430499246282,0.15603250872476418,0.19890746744735033,0.1885056495666504,0.1458641342086943,0.286401590818003
2026-04-09,0.12517151202813637,0.18452913460159118,0.20265650241448052,0.14658275457801748,0.20950735848845614,0.20175127685070038,0.15980999010386396,0.2886700055259698
2026-04-10,0.1510699031266981,0.1789624618873114,0.1855820822061128,0.13788886091280073,0.18978697739946473,0.19010013341903687,0.13920463600735455,0.22488856783676237
2026-04-13,0.13395271536519943,0.17791848902001323,0.18119467324799052,0.13215074137491384,0.1624885283277111,0.15577010810375214,0.12287421439481178,0.22305789784235158
2026-04-14,0.11433131265659896,0.178410814022937,0.18115437449245264,0.1280353268154258,0.16871258210014273,0.16440190374851227,0.11582554443854037,0.2193935414322013
2026-04-15,0.12388798638885377,0.17571228800215333,0.17341111361803027,0.12289126636904078,0.14005293645660702,0.12379653006792068,0.1269319905012508,0.23937245132845242
2026-04-16,0.12597715055827732,0.1706606192415631,0.16056486542858148,0.11714882163628011,0.12683060555330644,0.13608843088150024,0.11736510780005723,0.20677328614815144
2026-04-17,0.10876434392670783,0.17188201751047996,0.16539328307557513,0.11560266489962677,0.1413087653113094,0.12172206491231918,0.09265588248948196,0.21404401237944704
2026-04-20,0.10780222615505945,0.16690196613595606,0.1534625576565753,0.11231079802317531,0.14935269020516068,0.15487238764762878,0.1113416493747382,0.20128520682854564
2026-04-21,0.10387684667415319,0.16370129871610226,0.14754178309278407,0.11915617996719184,0.1557193472143152,0.15350989997386932,0.1204328474298537,0.1944719981577665
2026-04-22,0.07308305769212776,0.1637907757867141,0.15109696569982511,0.11634755618808747,0.11756682679479465,0.11794821172952652,0.10124631244627715,0.18845229335067748
2026-04-23,0.09851964499847606,0.15961548552848326,0.14257504833942855,0.11615268517905572,0.1458823501755395,0.15883125364780426,0.12202019667872885,0.22460482646399835
2026-04-24,0.08341457359585394,0.1578042865150536,0.14142830728453004,0.11276301234121296,0.11306184835219577,0.11774635314941406,0.1014895723676202,0.1729416200434682
2026-04-27,0.08784418534682004,0.1530718672434968,0.13217810952996703,0.10841235002895686,0.11834685028315009,0.125978022813797,0.08485202720781657,0.18312564721723887
2026-04-28,0.09899374874822718,0.14962982798063137,0.1275186664943283,0.11163140724482402,0.1330397901141978,0.13960571587085724,0.10064949638279543,0.19347192983212336
2026-04-29,0.1427004363108306,0.14507980718824232,0.12001064572990991,0.10747506970146214,0.09292122875364886,0.09455493092536926,0.09010555164495027,0.17513099068382298
2026-04-30,0.12595927086466704,0.14613037893230138,0.1293511523528979,0.10640473886157067,0.09856738431256572,0.09513391554355621,0.08272414504314454,0.15833701788211854
2026-05-01,0.1377785153285895,0.1421341598441807,0.12286766487601952,0.1031767037377759,0.09468144628577375,0.09507819265127182,0.08762666123519383,0.1716753226385518
2026-05-04,0.13537226388511553,0.13871016705235428,0.11863090376960497,0.1052685316051975,0.11807802708566725,0.11282677203416824,0.09840983956639321,0.18489197747368963
2026-05-05,0.1231218057474125,0.138112189567945,0.12267342722985286,0.10362761755873942,0.09623272975554138,0.0864633098244667,0.07825168510367655,0.15793409486701274
2026-05-06,0.07938280789313881,0.1452652199254666,0.14542488493888528,0.10594326904183601,0.10891678288075125,0.10176156461238861,0.08579136332637047,0.16997878899937843
2026-05-07,0.09220242664252278,0.14161704809513134,0.13738062798312853,0.10687557683989304,0.13034460791480648,0.13247323036193848,0.09870766551896829,0.20200780855223435
2026-05-08,0.11293025699573327,0.1411258177296152,0.13819799122158752,0.1051728575822471,0.1058422331095537,0.10532117635011673,0.07566282147136912,0.13995574408737405
2026-05-11,0.1122619642423274,0.13702132687938873,0.12969729385368367,0.10198669302297611,0.10947319214603066,0.10121935606002808,0.07827015015316982,0.1624006422145464
2026-05-12,0.12139208549903865,0.13299341801427292,0.1222790573412486,0.10001806447623887,0.11993164114615533,0.11828862875699997,0.08717971572993913,0.1748117683303229
2026-05-13,0.13721862709706262,0.13092102753086657,0.12083091512123319,0.09846376995489792,0.09528305950985624,0.09815935045480728,0.07908148686335281,0.1193922068451424
2026-05-14,0.12667119284611006,0.1303507458669459,0.12330195052497674,0.09782460285722654,0.09709125445345533,0.09586715698242188,0.07565343520044725,0.13617334096133155
2026-05-15,0.09456745342276265,0.13532130648362542,0.13870518902313156,0.1372247272046028,0.13345144929164043,0.1382192224264145,0.11644483253971918,0.19039321400837286
2026-05-18,0.10384965340651671,0.13123007927294345,0.12970909166323472,0.12963925847871255,0.11163097755686283,0.10679719597101212,0.11246537590486955,0.1869421842144246
2026-05-19,0.09232105803191212,0.12987277036399997,0.12848589655141424,0.13382845384464626,0.13112538977739333,0.1284867525100708,0.12122176041291122,0.1819935740290678
2026-05-20,0.0661428941089825,0.132654044122311,0.13724400668002804,0.1289964141665351,0.10572135125207566,0.10341355949640274,0.09837908394321318,0.1730969855903041
2026-05-21,0.0668142894188386,0.12878541052617473,0.1287990340707149,0.122473188510425,0.10833046185985108,0.1066146194934845,0.1015886392651867,0.18273476960349788
2026-05-22,0.06413371220876993,0.12569718671762284,0.123205951016469,0.11709038329325522,0.09678428010340777,0.09358200430870056,0.09708553154967631,0.17503012132845724
2026-05-26,0.04825062436080734,0.12414712658934753,0.12204688133404475,0.11300239712820738,0.10936757387137347,0.10606079548597336,0.09128802829311579,0.15252746269927708
2026-05-27,0.07131739755029272,0.12036681215936405,0.11535820806798278,0.10864194626280811,0.09887088361121997,0.09817814826965332,0.09189078541764763,0.16088408002922083
2026-05-28,0.06521181546763921,0.11881315514555729,0.11503253891293562,0.10571974902959626,0.09426250644162046,0.09013386070728302,0.0891492014339761,0.1426279360017375
2026-05-29,0.20054466587547126,0.1155022259614289,0.11016822667989108,0.102537329000647,0.09390274214696893,0.090738944709301,0.08675464305024856,0.15155235181492083
2026-06-01,0.20079190770918884,0.11244667706720145,0.10645188143845563,0.09988935427485932,0.09001416146787143,0.08688940852880478,0.08420497873543728,0.1466515338581704
2026-06-02,0.20141689522826617,0.10913665764488718,0.1024213220788727,0.09750603416826174,0.08889775825590597,0.08775325119495392,0.0833348249819462,0.14847035610939907
2026-06-03,0.22639105558976858,0.10965394175981429,0.10846037785000712,0.11187133638293763,0.1096253308395613,0.10924091935157776,0.1042019378218176,0.16340919656784553
2026-06-04,0.2561819138764087,0.10747165750200206,0.10667163790655283,0.10804413807040698,0.09001374855750123,0.092218317091465,0.10587695626004286,0.1898057143057013
2026-06-05,0.1751936281399072,0.14737033179426218,0.19170658986391886,0.23607681378813272,0.1952078257566663,0.20962414145469666,0.19048661425800806,0.36306018814535623
2026-06-08,0.20926444558741397,0.14334796406720388,0.17670681423959747,0.21699136056307483,0.12059271701749472,0.12525708973407745,0.18191747673157382,0.27262923427227664
2026-06-09,0.2123532960967993,0.1393425394059491,0.16347029402661747,0.2010305427880047,0.13271323074427227,0.13950210809707642,0.17985671730051023,0.27548366570184213
2026-06-10,0.1979388974239092,0.1492797089533284,0.18054879555799977,0.22614282128986402,0.15965958737695704,0.14872193336486816,0.14832652864631696,0.26168894899663014
2026-06-11,0.172752935275019,0.159711783967711,0.1965645268159315,0.2119951931298425,0.16330962749633823,0.16112171113491058,0.16033436111218236,0.25331316269046567
2026-06-12,0.17108911723707113,0.15606838232579373,0.1826641166618945,0.19596833234484495,0.1595522523803474,0.14771991968154907,0.15837995579297842,0.2888034830039293
2026-06-15,0.16209663642964617,0.16419270631970329,0.19504506472814506,0.18513969684976514,0.14959336483579525,0.14401376247406006,0.14021747912305768,0.2384619897140878
2026-06-16,0.15711886620378754,0.16072649808585396,0.18210879543256503,0.17757388579516112,0.17714609255184524,0.17270927131175995,0.14807643557755648,0.2353984341290444
2026-06-17,0.13098620817096898,0.16291673024943984,0.1830501322524293,0.19112160566071118,0.18468342977758317,0.1923498958349228,0.1657327706626996,0.2587996101639613
2026-06-18,0.1063165404103189,0.16342878730061916,0.18049381746488338,0.17876719976192873,0.16674772496330256,0.17241016030311584,0.14830048488801878,0.25811450476175707
2026-06-22,0.1322357762262189,0.15910612962615808,0.16758211090815495,0.1687193743882652,0.1711596111137514,0.17767003178596497,0.16011778991650302,0.2748954750595566
2026-06-23,0.10037276779802612,0.16419613318071125,0.17774960547903676,0.19418856608609628,0.18873666528685543,0.18718023598194122,0.18571956562737893,0.2657061378930039
2026-06-24,0.10128972191611234,0.15923997796371558,0.16378757952039663,0.18001148407081125,0.158406963749509,0.14505143463611603,0.16469252598205564,0.2516637325725889
2026-06-25,0.10128727354321554,0.1543893687096628,0.151481405894013,0.16728530353811324,0.12720962603664415,0.13314950466156006,0.1649803034490043,0.241207237308293
2026-06-26,0.11345408404706854,0.14969728699468696,0.14079051355836186,0.15606775508183945,0.11707151631763962,0.12608414888381958,0.15487352782782127,0.23863089458007325
2026-06-29,0.08366071990919062,0.15207885872642804,0.14923921949428104,0.14847863732106056,0.11999793923254025,0.11981205642223358,0.1268183354867157,0.22108039526469078
2026-06-30,,0.1506031653438454,0.14676891831975883,0.14059781890595188,0.106189837712002,0.11149030923843384,0.12720776770496597,0.2084829122968935
2026-07-01,,0.1462550232350643,0.1373089647648927,0.13364481274986784,0.11674523343550397,0.13017280399799347,0.1372630049103699,0.21284755413437406
2026-07-02,,0.14179950613661865,0.12851029641933331,0.12649055873257417,0.10718422213943433,0.11172208935022354,0.12291385513012607,0.19966664468151826
2026-07-06,,0.14031341475044898,0.12855481694101842,0.12139188863198289,0.10749897981714605,0.11121908575296402,0.10751411218057402,0.18813152231137284
2026-07-07,,0.1371423616538756,0.12395356760725906,0.1210938008810137,0.12206075336805867,0.11714349687099457,0.11233144964377624,0.18533868215332966
