Date,Open,High,Low,Close,Adj Close,Volume,flag_missing_value,flag_zero_volume,log_return,flag_outlier_return
2011-01-03,1257.6199951171875,1276.1700439453125,1257.6199951171875,1271.8699951171875,1271.8699951171875,4286670000,False,False,,False
2011-01-04,1272.949951171875,1274.1199951171875,1262.6600341796875,1270.199951171875,1270.199951171875,4796420000,False,False,-0.001313924652635054,False
2011-01-05,1268.780029296875,1277.6300048828125,1265.3599853515625,1276.56005859375,1276.56005859375,4764920000,False,False,0.004994676074308499,False
2011-01-06,1276.2900390625,1278.1700439453125,1270.4300537109375,1273.8499755859375,1273.8499755859375,4844100000,False,False,-0.002125214370637225,False
2011-01-07,1274.4100341796875,1276.8299560546875,1261.699951171875,1271.5,1271.5,4963110000,False,False,-0.001846485769081899,False
2011-01-10,1270.8399658203125,1271.52001953125,1262.1800537109375,1269.75,1269.75,4036450000,False,False,-0.0013772751808198854,False
2011-01-11,1272.5799560546875,1277.25,1269.6199951171875,1274.47998046875,1274.47998046875,4050750000,False,False,0.003718206258407198,False
2011-01-12,1275.6500244140625,1286.8699951171875,1275.6500244140625,1285.9599609375,1285.9599609375,4226940000,False,False,0.008967253798850817,False
2011-01-13,1285.780029296875,1286.699951171875,1280.469970703125,1283.760009765625,1283.760009765625,4310840000,False,False,-0.001712211240459357,False
2011-01-14,1282.9000244140625,1293.239990234375,1281.239990234375,1293.239990234375,1293.239990234375,4661590000,False,False,0.007357410347301483,False
2011-01-18,1293.219970703125,1296.06005859375,1290.1600341796875,1295.02001953125,1295.02001953125,5284990000,False,False,0.0013754642661832541,False
2011-01-19,1294.52001953125,1294.5999755859375,1278.9200439453125,1281.9200439453125,1281.9200439453125,4743710000,False,False,-0.010167165793385584,False
2011-01-20,1280.8499755859375,1283.3499755859375,1271.260009765625,1280.260009765625,1280.260009765625,4935320000,False,False,-0.0012957984038339024,False
2011-01-21,1283.6300048828125,1291.2099609375,1282.0699462890625,1283.3499755859375,1283.3499755859375,4935320000,False,False,0.0024106376042604427,False
2011-01-24,1283.2900390625,1291.9300537109375,1282.469970703125,1290.8399658203125,1290.8399658203125,3902470000,False,False,0.005819315234595438,False
2011-01-25,1288.1700439453125,1291.260009765625,1281.0699462890625,1291.1800537109375,1291.1800537109375,4595380000,False,False,0.00026342777361852736,False
2011-01-26,1291.969970703125,1299.739990234375,1291.969970703125,1296.6300048828125,1296.6300048828125,4730980000,False,False,0.004212024148480004,False
2011-01-27,1297.510009765625,1301.2900390625,1294.4100341796875,1299.5400390625,1299.5400390625,4309190000,False,False,0.002241791060799816,False
2011-01-28,1299.6300048828125,1302.6700439453125,1275.0999755859375,1276.3399658203125,1276.3399658203125,5618630000,False,False,-0.018013805424182846,False
2011-01-31,1276.5,1287.1700439453125,1276.5,1286.1199951171875,1286.1199951171875,4167160000,False,False,0.007633349932881147,False
2011-02-01,1289.1400146484375,1308.8599853515625,1289.1400146484375,1307.5899658203125,1307.5899658203125,5164500000,False,False,0.016555791837834375,False
2011-02-02,1305.9100341796875,1307.6099853515625,1302.6199951171875,1304.030029296875,1304.030029296875,4098260000,False,False,-0.0027262302593629275,False
2011-02-03,1302.77001953125,1308.5999755859375,1294.8299560546875,1307.0999755859375,1307.0999755859375,4370990000,False,False,0.0023514322901266806,False
2011-02-04,1307.010009765625,1311.0,1301.6700439453125,1310.8699951171875,1310.8699951171875,3925950000,False,False,0.0028801110627525582,False
2011-02-07,1311.8499755859375,1322.8499755859375,1311.8499755859375,1319.050048828125,1319.050048828125,3902270000,False,False,0.006220782345952654,False
2011-02-08,1318.760009765625,1324.8699951171875,1316.030029296875,1324.5699462890625,1324.5699462890625,3881530000,False,False,0.004176020375839696,False
2011-02-09,1322.47998046875,1324.5400390625,1314.8900146484375,1320.8800048828125,1320.8800048828125,3922240000,False,False,-0.002789653077800705,False
2011-02-10,1318.1300048828125,1322.780029296875,1311.739990234375,1321.8699951171875,1321.8699951171875,4184610000,False,False,0.000749212207498601,False
2011-02-11,1318.6600341796875,1330.7900390625,1316.0799560546875,1329.1500244140625,1329.1500244140625,4219300000,False,False,0.00549226150188646,False
2011-02-14,1328.72998046875,1332.9599609375,1326.9000244140625,1332.3199462890625,1332.3199462890625,3567040000,False,False,0.002382084644068833,False
2011-02-15,1330.4300537109375,1330.4300537109375,1324.6099853515625,1328.010009765625,1328.010009765625,3926860000,False,False,-0.003240154691578971,False
2011-02-16,1329.510009765625,1337.6099853515625,1329.510009765625,1336.3199462890625,1336.3199462890625,1966450000,False,False,0.006237938698850808,False
2011-02-17,1334.3699951171875,1341.5,1331.0,1340.4300537109375,1340.4300537109375,1966450000,False,False,0.0030709708803804935,False
2011-02-18,1340.3800048828125,1344.0699462890625,1338.1199951171875,1343.010009765625,1343.010009765625,1162310000,False,False,0.0019228727220244875,False
2011-02-22,1338.9100341796875,1338.9100341796875,1312.3299560546875,1315.43994140625,1315.43994140625,1322780000,False,False,-0.020742204920454525,False
2011-02-23,1315.43994140625,1317.9100341796875,1299.550048828125,1307.4000244140625,1307.4000244140625,1330340000,False,False,-0.006130715010508629,False
2011-02-24,1307.0899658203125,1310.9100341796875,1294.260009765625,1306.0999755859375,1306.0999755859375,1222900000,False,False,-0.0009948719612429039,False
2011-02-25,1307.3399658203125,1320.6099853515625,1307.3399658203125,1319.8800048828125,1319.8800048828125,3836030000,False,False,0.010495248165324718,False
2011-02-28,1321.6099853515625,1329.3800048828125,1320.550048828125,1327.219970703125,1327.219970703125,1252850000,False,False,0.005545679951233036,False
2011-03-01,1328.6400146484375,1332.0899658203125,1306.1400146484375,1306.3299560546875,1306.3299560546875,1180420000,False,False,-0.015864861791058633,False
2011-03-02,1305.469970703125,1314.18994140625,1302.5799560546875,1308.43994140625,1308.43994140625,1025000000,False,False,0.0016138978895201782,False
2011-03-03,1312.3699951171875,1332.280029296875,1312.3699951171875,1330.969970703125,1330.969970703125,4340470000,False,False,0.017072434579238578,False
2011-03-04,1330.72998046875,1331.0799560546875,1312.5899658203125,1321.1500244140625,1321.1500244140625,4223740000,False,False,-0.007405389789368721,False
2011-03-07,1322.719970703125,1327.6800537109375,1303.989990234375,1310.1300048828125,1310.1300048828125,3964730000,False,False,-0.008376215256269803,False
2011-03-08,1311.050048828125,1325.739990234375,1306.8599853515625,1321.8199462890625,1321.8199462890625,4531420000,False,False,0.008883161530176173,False
2011-03-09,1319.9200439453125,1323.2099609375,1312.27001953125,1320.02001953125,1320.02001953125,3709520000,False,False,-0.0013626313929708095,False
2011-03-10,1315.719970703125,1315.719970703125,1294.2099609375,1295.1099853515625,1295.1099853515625,4723020000,False,False,-0.019051280476330656,False
2011-03-11,1293.4300537109375,1308.3499755859375,1291.989990234375,1304.280029296875,1304.280029296875,3740400000,False,False,0.007055564524569619,False
2011-03-14,1301.18994140625,1301.18994140625,1286.3699951171875,1296.3900146484375,1296.3900146484375,4050370000,False,False,-0.006067696956773771,False
2011-03-15,1288.4599609375,1288.4599609375,1261.1199951171875,1281.8699951171875,1281.8699951171875,5201400000,False,False,-0.011263544394845545,False
2011-03-16,1279.4599609375,1280.9100341796875,1249.050048828125,1256.8800048828125,1256.8800048828125,5833000000,False,False,-0.019687481949372254,False
2011-03-17,1261.6099853515625,1278.8800048828125,1261.6099853515625,1273.719970703125,1273.719970703125,4134950000,False,False,0.013309266231874258,False
2011-03-18,1276.7099609375,1288.8800048828125,1276.1800537109375,1279.2099609375,1279.2099609375,4685500000,False,False,0.0043009395825458095,False
2011-03-21,1281.6500244140625,1300.5799560546875,1281.6500244140625,1298.3800048828125,1298.3800048828125,4223730000,False,False,0.01487466793018228,False
2011-03-22,1298.2900390625,1299.3499755859375,1292.699951171875,1293.77001953125,1293.77001953125,3576550000,False,False,-0.0035568853410381704,False
2011-03-23,1292.18994140625,1300.510009765625,1284.050048828125,1297.5400390625,1297.5400390625,3842350000,False,False,0.002909742258502921,False
2011-03-24,1300.6099853515625,1311.3399658203125,1297.739990234375,1309.6600341796875,1309.6600341796875,4223740000,False,False,0.009297393435475379,False
2011-03-25,1311.800048828125,1319.1800537109375,1310.1500244140625,1313.800048828125,1313.800048828125,4223740000,False,False,0.0031561510021889394,False
2011-03-28,1315.449951171875,1319.739990234375,1310.18994140625,1310.18994140625,1310.18994140625,3215170000,False,False,-0.002751618499391395,False
2011-03-29,1309.3699951171875,1319.449951171875,1305.260009765625,1319.43994140625,1319.43994140625,3482580000,False,False,0.007035239607301627,False
2011-03-30,1321.8900146484375,1331.739990234375,1321.8900146484375,1328.260009765625,1328.260009765625,3809570000,False,False,0.006662462626235184,False
2011-03-31,1327.43994140625,1329.77001953125,1325.030029296875,1325.8299560546875,1325.8299560546875,3566270000,False,False,-0.001831177104975248,False
2011-04-01,1329.47998046875,1337.8499755859375,1328.8900146484375,1332.4100341796875,1332.4100341796875,4223740000,False,False,0.004950712944456072,False
2011-04-04,1333.56005859375,1336.739990234375,1329.0999755859375,1332.8699951171875,1332.8699951171875,4223740000,False,False,0.0003451501808517552,False
2011-04-05,1332.030029296875,1338.2099609375,1330.030029296875,1332.6300048828125,1332.6300048828125,3852280000,False,False,-0.00018007145753026058,False
2011-04-06,1335.93994140625,1339.3800048828125,1331.0899658203125,1335.5400390625,1335.5400390625,4223740000,False,False,0.002181296758153027,False
2011-04-07,1334.8199462890625,1338.800048828125,1326.56005859375,1333.510009765625,1333.510009765625,4005600000,False,False,-0.0015211626992252944,False
2011-04-08,1336.1600341796875,1339.4599609375,1322.93994140625,1328.1700439453125,1328.1700439453125,3582810000,False,False,-0.004012483000974196,False
2011-04-11,1329.010009765625,1333.77001953125,1321.06005859375,1324.4599609375,1324.4599609375,3478970000,False,False,-0.00279728829140217,False
2011-04-12,1321.9599609375,1321.9599609375,1309.510009765625,1314.1600341796875,1314.1600341796875,4275490000,False,False,-0.007807095445724583,False
2011-04-13,1314.030029296875,1321.3499755859375,1309.18994140625,1314.4100341796875,1314.4100341796875,3850860000,False,False,0.0001902174903101045,False
2011-04-14,1311.1300048828125,1316.7900390625,1302.4200439453125,1314.52001953125,1314.52001953125,3872630000,False,False,8.36730908616908e-05,False
2011-04-15,1314.5400390625,1322.8800048828125,1313.6800537109375,1319.6800537109375,1319.6800537109375,4223740000,False,False,0.003917728825568014,False
2011-04-18,1313.3499755859375,1313.3499755859375,1294.699951171875,1305.1400146484375,1305.1400146484375,4223740000,False,False,-0.011078997728577972,False
2011-04-19,1305.989990234375,1312.699951171875,1303.969970703125,1312.6199951171875,1312.6199951171875,3886300000,False,False,0.005714810218094469,False
2011-04-20,1319.1199951171875,1332.6600341796875,1319.1199951171875,1330.3599853515625,1330.3599853515625,4236280000,False,False,0.013424435132347328,False
2011-04-21,1333.22998046875,1337.489990234375,1332.8299560546875,1337.3800048828125,1337.3800048828125,3587240000,False,False,0.0052629084996557015,False
2011-04-25,1337.1400146484375,1337.550048828125,1331.469970703125,1335.25,1335.25,2142130000,False,False,-0.0015939395500958124,False
2011-04-26,1336.75,1349.550048828125,1336.75,1347.239990234375,1347.239990234375,3908060000,False,False,0.008939507790192994,False
2011-04-27,1348.4300537109375,1357.489990234375,1344.25,1355.6600341796875,1355.6600341796875,4051570000,False,False,0.006230397799828821,False
2011-04-28,1353.8599853515625,1361.7099609375,1353.5999755859375,1360.47998046875,1360.47998046875,4036820000,False,False,0.0035491184714345463,False
2011-04-29,1360.1400146484375,1364.56005859375,1358.68994140625,1363.6099853515625,1363.6099853515625,3479070000,False,False,0.002298019742020782,False
2011-05-02,1365.2099609375,1370.5799560546875,1358.5899658203125,1361.219970703125,1361.219970703125,3846250000,False,False,-0.001754249109045456,False
2011-05-03,1359.760009765625,1360.8399658203125,1349.52001953125,1356.6199951171875,1356.6199951171875,4223740000,False,False,-0.0033850263710526606,False
2011-05-04,1355.9000244140625,1355.9000244140625,1341.5,1347.3199462890625,1347.3199462890625,4223740000,False,False,-0.006878914252832363,False
2011-05-05,1344.1600341796875,1348.0,1329.1700439453125,1335.0999755859375,1335.0999755859375,3846250000,False,False,-0.009111217180694528,False
2011-05-06,1340.239990234375,1354.3599853515625,1335.5799560546875,1340.199951171875,1340.199951171875,4223740000,False,False,0.003812642995876722,False
2011-05-09,1340.199951171875,1349.43994140625,1338.6400146484375,1346.2900390625,1346.2900390625,4265250000,False,False,0.004533870101931407,False
2011-05-10,1348.3399658203125,1359.43994140625,1348.3399658203125,1357.1600341796875,1357.1600341796875,4223740000,False,False,0.00804161600966336,False
2011-05-11,1354.510009765625,1354.510009765625,1336.3599853515625,1342.0799560546875,1342.0799560546875,3846250000,False,False,-0.011173689687885626,False
2011-05-12,1339.3900146484375,1351.050048828125,1332.030029296875,1348.6500244140625,1348.6500244140625,3777210000,False,False,0.004883493672167491,False
2011-05-13,1348.68994140625,1350.469970703125,1333.3599853515625,1337.77001953125,1337.77001953125,3426660000,False,False,-0.008100047045425269,False
2011-05-16,1334.77001953125,1343.3299560546875,1327.3199462890625,1329.469970703125,1329.469970703125,3846250000,False,False,-0.0062237186380957365,False
2011-05-17,1326.0999755859375,1330.4200439453125,1318.510009765625,1328.97998046875,1328.97998046875,4053970000,False,False,-0.0003686285233300362,False
2011-05-18,1328.5400390625,1341.8199462890625,1326.5899658203125,1340.6800537109375,1340.6800537109375,3922030000,False,False,0.008765271983703134,False
2011-05-19,1342.4000244140625,1346.8199462890625,1336.3599853515625,1343.5999755859375,1343.5999755859375,3626110000,False,False,0.0021755725891674884,False
2011-05-20,1342.0,1342.0,1330.6700439453125,1333.27001953125,1333.27001953125,4066020000,False,False,-0.007717974612614023,False
2011-05-23,1333.0699462890625,1333.0699462890625,1312.8800048828125,1317.3699951171875,1317.3699951171875,3255580000,False,False,-0.011997264840988668,False
2011-05-24,1317.699951171875,1323.719970703125,1313.8699951171875,1316.280029296875,1316.280029296875,3846250000,False,False,-0.0008277226453314669,False
2011-05-25,1316.3599853515625,1325.8599853515625,1311.800048828125,1320.469970703125,1320.469970703125,4109670000,False,False,0.0031781131566695725,False
2011-05-26,1320.6400146484375,1328.510009765625,1314.4100341796875,1325.68994140625,1325.68994140625,3259470000,False,False,0.003945322767699228,False
2011-05-27,1325.68994140625,1334.6199951171875,1325.68994140625,1331.0999755859375,1331.0999755859375,3124560000,False,False,0.004072615318765918,False
2011-05-31,1331.0999755859375,1345.199951171875,1331.0999755859375,1345.199951171875,1345.199951171875,4696240000,False,False,0.01053701485636789,False
2011-06-01,1345.199951171875,1345.199951171875,1313.7099609375,1314.550048828125,1314.550048828125,4241090000,False,False,-0.023048225700640405,False
2011-06-02,1314.550048828125,1318.030029296875,1305.6099853515625,1312.93994140625,1312.93994140625,3762170000,False,False,-0.001225586114047521,False
2011-06-03,1312.93994140625,1312.93994140625,1297.9000244140625,1300.1600341796875,1300.1600341796875,3505030000,False,False,-0.00978149266519151,False
2011-06-06,1300.260009765625,1300.260009765625,1284.719970703125,1286.1700439453125,1286.1700439453125,3555980000,False,False,-0.010818516013722313,False
2011-06-07,1286.31005859375,1296.219970703125,1284.739990234375,1284.93994140625,1284.93994140625,3846250000,False,False,-0.0009568650426676839,False
2011-06-08,1284.6300048828125,1287.0400390625,1277.4200439453125,1279.56005859375,1279.56005859375,3970810000,False,False,-0.0041956644216076975,False
2011-06-09,1279.6300048828125,1294.5400390625,1279.6300048828125,1289.0,1289.0,3332510000,False,False,0.007350409328991669,False
2011-06-10,1288.5999755859375,1288.5999755859375,1268.280029296875,1270.97998046875,1270.97998046875,3846250000,False,False,-0.014078482881846339,False
2011-06-13,1271.31005859375,1277.0400390625,1265.6400146484375,1271.8299560546875,1271.8299560546875,4132520000,False,False,0.0006685325595012269,False
2011-06-14,1272.219970703125,1292.5,1272.219970703125,1287.8699951171875,1287.8699951171875,3500280000,False,False,0.012532913485107313,False
2011-06-15,1287.8699951171875,1287.8699951171875,1261.9000244140625,1265.4200439453125,1265.4200439453125,4070500000,False,False,-0.01758556950725801,False
2011-06-16,1265.530029296875,1274.1099853515625,1258.0699462890625,1267.6400146484375,1267.6400146484375,3846250000,False,False,0.0017527979756827483,False
2011-06-17,1268.5799560546875,1279.8199462890625,1267.4000244140625,1271.5,1271.5,4916460000,False,False,0.003040390291799793,False
2011-06-20,1271.5,1280.4200439453125,1267.56005859375,1278.3599853515625,1278.3599853515625,3464660000,False,False,0.005380689090158733,False
2011-06-21,1278.4000244140625,1297.6199951171875,1278.4000244140625,1295.52001953125,1295.52001953125,4056150000,False,False,0.0133341790614636,False
2011-06-22,1295.47998046875,1298.6099853515625,1286.7900390625,1287.1400146484375,1287.1400146484375,3718420000,False,False,-0.006489459844407726,False
2011-06-23,1286.5999755859375,1286.5999755859375,1262.8699951171875,1283.5,1283.5,4983450000,False,False,-0.002831992858193941,False
2011-06-24,1283.0400390625,1283.9300537109375,1267.239990234375,1268.449951171875,1268.449951171875,3665340000,False,False,-0.011795077176858442,False
2011-06-27,1268.43994140625,1284.9100341796875,1267.530029296875,1280.0999755859375,1280.0999755859375,3479070000,False,False,0.009142536655730837,False
2011-06-28,1280.2099609375,1296.800048828125,1280.2099609375,1296.6700439453125,1296.6700439453125,3681500000,False,False,0.012861292735996777,False
2011-06-29,1296.8499755859375,1309.2099609375,1296.8499755859375,1307.4100341796875,1307.4100341796875,4347540000,False,False,0.008248633534913173,False
2011-06-30,1307.6400146484375,1321.969970703125,1307.6400146484375,1320.6400146484375,1320.6400146484375,4200500000,False,False,0.010068371595162745,False
2011-07-01,1320.6400146484375,1341.010009765625,1318.1800537109375,1339.6700439453125,1339.6700439453125,3796930000,False,False,0.014306869106082431,False
2011-07-05,1339.5899658203125,1340.8900146484375,1334.300048828125,1337.8800048828125,1337.8800048828125,3722320000,False,False,-0.0013370725450782008,False
2011-07-06,1337.56005859375,1340.93994140625,1330.9200439453125,1339.219970703125,1339.219970703125,3564190000,False,False,0.0010010578196052824,False
2011-07-07,1339.6199951171875,1356.47998046875,1339.6199951171875,1353.219970703125,1353.219970703125,4069530000,False,False,0.010399582892092554,False
2011-07-08,1352.3900146484375,1352.3900146484375,1333.7099609375,1343.800048828125,1343.800048828125,3594360000,False,False,-0.006985458106936123,False
2011-07-11,1343.31005859375,1343.31005859375,1316.4200439453125,1319.489990234375,1319.489990234375,3879130000,False,False,-0.018256166936573934,False
2011-07-12,1319.6099853515625,1327.1700439453125,1313.3299560546875,1313.6400146484375,1313.6400146484375,4227890000,False,False,-0.004443369829837216,False
2011-07-13,1314.449951171875,1331.47998046875,1314.449951171875,1317.719970703125,1317.719970703125,4060080000,False,False,0.0031010271091221173,False
2011-07-14,1317.739990234375,1326.8800048828125,1306.510009765625,1308.8699951171875,1308.8699951171875,4358570000,False,False,-0.006738782369334765,False
2011-07-15,1308.8699951171875,1317.699951171875,1307.52001953125,1316.1400146484375,1316.1400146484375,4242760000,False,False,0.005539055540283086,False
2011-07-18,1315.93994140625,1315.93994140625,1295.9200439453125,1305.43994140625,1305.43994140625,4118160000,False,False,-0.008163117539368405,False
2011-07-19,1307.0699462890625,1328.1400146484375,1307.0699462890625,1326.72998046875,1326.72998046875,4304600000,False,False,0.01617714964684356,False
2011-07-20,1328.6600341796875,1330.4300537109375,1323.6500244140625,1325.8399658203125,1325.8399658203125,3767420000,False,False,-0.0006710584073998067,False
2011-07-21,1325.6500244140625,1347.0,1325.6500244140625,1343.800048828125,1343.800048828125,4837430000,False,False,0.013455262786265243,False
2011-07-22,1343.800048828125,1346.0999755859375,1336.949951171875,1345.02001953125,1345.02001953125,3522830000,False,False,0.0009074395131127662,False
2011-07-25,1344.3199462890625,1344.3199462890625,1331.0899658203125,1337.4300537109375,1337.4300537109375,3536890000,False,False,-0.005658995223243947,False
2011-07-26,1337.3900146484375,1338.510009765625,1329.5899658203125,1331.93994140625,1331.93994140625,4007050000,False,False,-0.00411342006232854,False
2011-07-27,1331.9100341796875,1331.9100341796875,1303.489990234375,1304.8900146484375,1304.8900146484375,3479040000,False,False,-0.02051772480729147,False
2011-07-28,1304.8399658203125,1316.3199462890625,1299.1600341796875,1300.6700439453125,1300.6700439453125,4951800000,False,False,-0.0032392071555055867,False
2011-07-29,1300.1199951171875,1304.1600341796875,1282.8599853515625,1292.280029296875,1292.280029296875,5061190000,False,False,-0.006471427287173138,False
2011-08-01,1292.5899658203125,1307.3800048828125,1274.72998046875,1286.93994140625,1286.93994140625,4967390000,False,False,-0.004140860866230743,False
2011-08-02,1286.56005859375,1286.56005859375,1254.030029296875,1254.050048828125,1254.050048828125,5206290000,False,False,-0.025888909190623945,False
2011-08-03,1254.25,1261.199951171875,1234.56005859375,1260.3399658203125,1260.3399658203125,6446940000,False,False,0.0050031459527175165,False
2011-08-04,1260.22998046875,1260.22998046875,1199.5400390625,1200.0699462890625,1200.0699462890625,4266530000,False,False,-0.0490016550437416,False
2011-08-05,1200.280029296875,1218.1099853515625,1168.0899658203125,1199.3800048828125,1199.3800048828125,5454590000,False,False,-0.0005750829892724604,False
2011-08-08,1198.47998046875,1198.47998046875,1119.280029296875,1119.4599609375,1119.4599609375,2615150000,False,False,-0.06895836939262512,False
2011-08-09,1120.22998046875,1172.8800048828125,1101.5400390625,1172.530029296875,1172.530029296875,2366660000,False,False,0.04631744106338802,False
2011-08-10,1171.77001953125,1171.77001953125,1118.010009765625,1120.760009765625,1120.760009765625,5018070000,False,False,-0.04515679702747437,False
2011-08-11,1121.300048828125,1186.2900390625,1121.300048828125,1172.6400146484375,1172.6400146484375,3685050000,False,False,0.04525059436377155,False
2011-08-12,1172.8699951171875,1189.0400390625,1170.739990234375,1178.81005859375,1178.81005859375,5640380000,False,False,0.005247875067275939,False
2011-08-15,1178.8599853515625,1204.489990234375,1178.8599853515625,1204.489990234375,1204.489990234375,4272850000,False,False,0.021550727976033655,False
2011-08-16,1204.219970703125,1204.219970703125,1180.530029296875,1192.760009765625,1192.760009765625,5071600000,False,False,-0.009786275177620173,False
2011-08-17,1192.8900146484375,1208.469970703125,1184.3599853515625,1193.8900146484375,1193.8900146484375,4388340000,False,False,0.0009469381398126654,False
2011-08-18,1189.6199951171875,1189.6199951171875,1131.030029296875,1140.6500244140625,1140.6500244140625,3234810000,False,False,-0.04561859893236344,False
2011-08-19,1140.469970703125,1154.5400390625,1122.050048828125,1123.530029296875,1123.530029296875,5167560000,False,False,-0.015122756128207963,False
2011-08-22,1123.550048828125,1145.489990234375,1121.0899658203125,1123.8199462890625,1123.8199462890625,5436260000,False,False,0.0002580078732242726,False
2011-08-23,1124.3599853515625,1162.3499755859375,1124.3599853515625,1162.3499755859375,1162.3499755859375,5013170000,False,False,0.03371024838647402,False
2011-08-24,1162.1600341796875,1178.56005859375,1156.300048828125,1177.5999755859375,1177.5999755859375,5315310000,False,False,0.013034651368546804,False
2011-08-25,1176.68994140625,1190.6800537109375,1155.469970703125,1159.27001953125,1159.27001953125,5748420000,False,False,-0.01568793473796148,False
2011-08-26,1158.8499755859375,1181.22998046875,1135.9100341796875,1176.800048828125,1176.800048828125,5035320000,False,False,0.015008418274915636,False
2011-08-29,1177.9100341796875,1210.280029296875,1177.9100341796875,1210.0799560546875,1210.0799560546875,4228070000,False,False,0.027887505012164332,False
2011-08-30,1209.760009765625,1220.0999755859375,1195.77001953125,1212.9200439453125,1212.9200439453125,4572570000,False,False,0.0023442750237692416,False
2011-08-31,1213.0,1230.7099609375,1209.3499755859375,1218.8900146484375,1218.8900146484375,5267840000,False,False,0.004909908712070555,False
2011-09-01,1219.1199951171875,1229.2900390625,1203.8499755859375,1204.4200439453125,1204.4200439453125,4780410000,False,False,-0.011942460792303735,False
2011-09-02,1203.9000244140625,1203.9000244140625,1170.56005859375,1173.969970703125,1173.969970703125,4401740000,False,False,-0.025607017291752767,False
2011-09-06,1173.969970703125,1173.969970703125,1140.1300048828125,1165.239990234375,1165.239990234375,5103980000,False,False,-0.007464076457609708,False
2011-09-07,1165.8499755859375,1198.6199951171875,1165.8499755859375,1198.6199951171875,1198.6199951171875,4441040000,False,False,0.028243824959147193,False
2011-09-08,1197.97998046875,1204.4000244140625,1183.3399658203125,1185.9000244140625,1185.9000244140625,4465170000,False,False,-0.01066889038730246,False
2011-09-09,1185.3699951171875,1185.3699951171875,1148.3699951171875,1154.22998046875,1154.22998046875,4586370000,False,False,-0.027068562510962152,False
2011-09-12,1153.5,1162.52001953125,1136.0699462890625,1162.27001953125,1162.27001953125,5168550000,False,False,0.0069415681820229275,False
2011-09-13,1162.5899658203125,1176.4100341796875,1157.43994140625,1172.8699951171875,1172.8699951171875,4681370000,False,False,0.009078726180354301,False
2011-09-14,1173.3199462890625,1202.3800048828125,1162.72998046875,1188.6800537109375,1188.6800537109375,4986740000,False,False,0.013389760518230381,False
2011-09-15,1189.43994140625,1209.1099853515625,1189.43994140625,1209.1099853515625,1209.1099853515625,4479730000,False,False,0.01704104671810514,False
2011-09-16,1209.2099609375,1220.06005859375,1204.4599609375,1216.010009765625,1216.010009765625,5248890000,False,False,0.00569047556193546,False
2011-09-19,1214.989990234375,1214.989990234375,1188.3599853515625,1204.0899658203125,1204.0899658203125,4254190000,False,False,-0.009850948688080358,False
2011-09-20,1204.5,1220.3900146484375,1201.2900390625,1202.0899658203125,1202.0899658203125,4315610000,False,False,-0.0016623864527241425,False
2011-09-21,1203.6300048828125,1206.300048828125,1166.2099609375,1166.760009765625,1166.760009765625,4728550000,False,False,-0.02983099508714744,False
2011-09-22,1164.550048828125,1164.550048828125,1114.219970703125,1129.56005859375,1129.56005859375,6703140000,False,False,-0.032402456759229786,False
2011-09-23,1128.8199462890625,1141.719970703125,1121.3599853515625,1136.4300537109375,1136.4300537109375,5639930000,False,False,0.006063588829469748,False
2011-09-26,1136.9100341796875,1164.18994140625,1131.0699462890625,1162.949951171875,1162.949951171875,4762830000,False,False,0.02306802129696945,False
2011-09-27,1163.3199462890625,1195.8599853515625,1163.3199462890625,1175.3800048828125,1175.3800048828125,5548130000,False,False,0.010631665357294654,False
2011-09-28,1175.3900146484375,1184.7099609375,1150.4000244140625,1151.06005859375,1151.06005859375,4787920000,False,False,-0.02090819585269548,False
2011-09-29,1151.739990234375,1175.8699951171875,1139.9300537109375,1160.4000244140625,1160.4000244140625,5285740000,False,False,0.008081486435358656,False
2011-09-30,1159.9300537109375,1159.9300537109375,1131.3399658203125,1131.4200439453125,1131.4200439453125,4416790000,False,False,-0.02529127447886567,False
2011-10-03,1131.2099609375,1138.989990234375,1098.9200439453125,1099.22998046875,1099.22998046875,5670340000,False,False,-0.02886360290378494,False
2011-10-04,1097.4200439453125,1125.1199951171875,1074.77001953125,1123.949951171875,1123.949951171875,3714670000,False,False,0.02223930613115467,False
2011-10-05,1124.030029296875,1146.0699462890625,1115.6800537109375,1144.030029296875,1144.030029296875,2510620000,False,False,0.017707918945510777,False
2011-10-06,1144.1099853515625,1165.550048828125,1134.949951171875,1164.969970703125,1164.969970703125,5098330000,False,False,0.018138168466480482,False
2011-10-07,1165.030029296875,1171.4000244140625,1150.260009765625,1155.4599609375,1155.4599609375,5580380000,False,False,-0.00819681118762265,False
2011-10-10,1158.1500244140625,1194.9100341796875,1158.1500244140625,1194.8900146484375,1194.8900146484375,4446800000,False,False,0.033555643919288364,False
2011-10-11,1194.5999755859375,1199.239990234375,1187.300048828125,1195.5400390625,1195.5400390625,4424500000,False,False,0.0005438556372526529,False
2011-10-12,1196.18994140625,1220.25,1196.18994140625,1207.25,1207.25,5355360000,False,False,0.009747046937638061,False
2011-10-13,1206.9599609375,1207.4599609375,1190.5799560546875,1203.6600341796875,1203.6600341796875,4436270000,False,False,-0.0029781023951361333,False
2011-10-14,1205.6500244140625,1224.6099853515625,1205.6500244140625,1224.5799560546875,1224.5799560546875,4116690000,False,False,0.017230948802478146,False
2011-10-17,1224.469970703125,1224.469970703125,1198.550048828125,1200.8599853515625,1200.8599853515625,4300700000,False,False,-0.01955993759944958,False
2011-10-18,1200.75,1233.0999755859375,1191.47998046875,1225.3800048828125,1225.3800048828125,4840170000,False,False,0.02021304938031121,False
2011-10-19,1223.4599609375,1229.6400146484375,1206.31005859375,1209.8800048828125,1209.8800048828125,4846390000,False,False,-0.012729818787026607,False
2011-10-20,1209.9200439453125,1219.530029296875,1197.3399658203125,1215.3900146484375,1215.3900146484375,4870290000,False,False,0.004543839821084399,False
2011-10-21,1215.3900146484375,1239.030029296875,1215.3900146484375,1238.25,1238.25,4980770000,False,False,0.01863406749243458,False
2011-10-24,1238.719970703125,1256.550048828125,1238.719970703125,1254.18994140625,1254.18994140625,4309380000,False,False,0.012790806680371788,False
2011-10-25,1254.18994140625,1254.18994140625,1226.7900390625,1229.050048828125,1229.050048828125,4473970000,False,False,-0.020248346199382077,False
2011-10-26,1229.1700439453125,1246.280029296875,1221.06005859375,1242.0,1242.0,4873530000,False,False,0.01048143054408723,False
2011-10-27,1243.969970703125,1292.6600341796875,1243.969970703125,1284.5899658203125,1284.5899658203125,6367610000,False,False,0.03371659116813434,False
2011-10-28,1284.3900146484375,1287.0799560546875,1277.010009765625,1285.0899658203125,1285.0899658203125,4536690000,False,False,0.00038915352854135727,False
2011-10-31,1284.9599609375,1284.9599609375,1253.1600341796875,1253.300048828125,1253.300048828125,4310210000,False,False,-0.025048616612977612,False
2011-11-01,1251.0,1251.0,1215.4200439453125,1218.280029296875,1218.280029296875,5645540000,False,False,-0.02834005962159464,False
2011-11-02,1219.6199951171875,1242.47998046875,1219.6199951171875,1237.9000244140625,1237.9000244140625,4110530000,False,False,0.015976363304397206,False
2011-11-03,1238.25,1263.2099609375,1234.81005859375,1261.1500244140625,1261.1500244140625,4849140000,False,False,0.018607607200930413,False
2011-11-04,1260.8199462890625,1260.8199462890625,1238.9200439453125,1253.22998046875,1253.22998046875,3830650000,False,False,-0.0062998195371895644,False
2011-11-07,1253.2099609375,1261.699951171875,1240.75,1261.1199951171875,1261.1199951171875,3429740000,False,False,0.006276008211166596,False
2011-11-08,1261.1199951171875,1277.550048828125,1254.989990234375,1275.9200439453125,1275.9200439453125,3908490000,False,False,0.011667310321725162,False
2011-11-09,1275.1800537109375,1275.1800537109375,1226.6400146484375,1229.0999755859375,1229.0999755859375,4659740000,False,False,-0.037385347098988095,False
2011-11-10,1229.5899658203125,1246.219970703125,1227.699951171875,1239.699951171875,1239.699951171875,4002760000,False,False,0.008587201099481741,False
2011-11-11,1240.1199951171875,1266.97998046875,1240.1199951171875,1263.8499755859375,1263.8499755859375,3370180000,False,False,0.019293223004513554,False
2011-11-14,1263.8499755859375,1263.8499755859375,1246.6800537109375,1251.780029296875,1251.780029296875,3219680000,False,False,-0.009596036687554769,False
2011-11-15,1251.699951171875,1264.25,1244.3399658203125,1257.81005859375,1257.81005859375,3599300000,False,False,0.00480559827730043,False
2011-11-16,1257.81005859375,1259.6099853515625,1235.6700439453125,1236.9100341796875,1236.9100341796875,4085010000,False,False,-0.016755798341954984,False
2011-11-17,1236.56005859375,1237.72998046875,1209.4300537109375,1216.1300048828125,1216.1300048828125,4596450000,False,False,-0.016942671987706433,False
2011-11-18,1216.18994140625,1223.510009765625,1211.3599853515625,1215.6500244140625,1215.6500244140625,3827610000,False,False,-0.0003947564904724282,False
2011-11-21,1215.6199951171875,1215.6199951171875,1183.1600341796875,1192.97998046875,1192.97998046875,4050070000,False,False,-0.01882457110494877,False
2011-11-22,1192.97998046875,1196.81005859375,1181.6500244140625,1188.0400390625,1188.0400390625,3911710000,False,False,-0.004149438857005794,False
2011-11-23,1187.47998046875,1187.47998046875,1161.7900390625,1161.7900390625,1161.7900390625,3798940000,False,False,-0.02234297045859626,False
2011-11-25,1161.4100341796875,1172.6600341796875,1158.6600341796875,1158.6700439453125,1158.6700439453125,1664200000,False,False,-0.0026891193002505226,False
2011-11-28,1158.6700439453125,1197.3499755859375,1158.6700439453125,1192.550048828125,1192.550048828125,3920750000,False,False,0.028821079038609924,False
2011-11-29,1192.56005859375,1203.6700439453125,1191.800048828125,1195.18994140625,1195.18994140625,3992650000,False,False,0.0022112069693969918,False
2011-11-30,1196.719970703125,1247.1099853515625,1196.719970703125,1246.9599609375,1246.9599609375,5801910000,False,False,0.04240343833622763,False
2011-12-01,1246.9100341796875,1251.0899658203125,1239.72998046875,1244.5799560546875,1244.5799560546875,3818680000,False,False,-0.0019104695778526483,False
2011-12-02,1246.030029296875,1260.0799560546875,1243.3499755859375,1244.280029296875,1244.280029296875,4144310000,False,False,-0.00024101537332728125,False
2011-12-05,1244.3299560546875,1266.72998046875,1244.3299560546875,1257.0799560546875,1257.0799560546875,4148060000,False,False,0.010234463299265799,False
2011-12-06,1257.18994140625,1266.030029296875,1253.030029296875,1258.469970703125,1258.469970703125,3734230000,False,False,0.0011051379065262915,False
2011-12-07,1258.1400146484375,1267.06005859375,1244.800048828125,1261.010009765625,1261.010009765625,4160540000,False,False,0.0020163207826575202,False
2011-12-08,1260.8699951171875,1260.8699951171875,1231.469970703125,1234.3499755859375,1234.3499755859375,4298370000,False,False,-0.021368498950929855,False
2011-12-09,1234.47998046875,1258.25,1234.47998046875,1255.18994140625,1255.18994140625,3830610000,False,False,0.016742412907085384,False
2011-12-12,1255.050048828125,1255.050048828125,1227.25,1236.469970703125,1236.469970703125,3600570000,False,False,-0.01502638690477899,False
2011-12-13,1236.8299560546875,1249.8599853515625,1219.4300537109375,1225.72998046875,1225.72998046875,4121570000,False,False,-0.008723953020305214,False
2011-12-14,1225.72998046875,1225.72998046875,1209.469970703125,1211.8199462890625,1211.8199462890625,4298290000,False,False,-0.01141325149713759,False
2011-12-15,1212.1199951171875,1225.5999755859375,1212.1199951171875,1215.75,1215.75,3810340000,False,False,0.003237852858081692,False
2011-12-16,1216.0899658203125,1231.0400390625,1215.199951171875,1219.6600341796875,1219.6600341796875,5345800000,False,False,0.003210989101900451,False
2011-12-19,1219.739990234375,1224.5699462890625,1202.3699951171875,1205.3499755859375,1205.3499755859375,3659820000,False,False,-0.011802198458557732,False
2011-12-20,1205.719970703125,1242.8199462890625,1205.719970703125,1241.300048828125,1241.300048828125,4055590000,False,False,0.029389295930944068,False
2011-12-21,1241.25,1245.0899658203125,1229.510009765625,1243.719970703125,1243.719970703125,2959020000,False,False,0.001947608164854339,False
2011-12-22,1243.719970703125,1255.219970703125,1243.719970703125,1254.0,1254.0,3492250000,False,False,0.008231577169829831,False
2011-12-23,1254.0,1265.4200439453125,1254.0,1265.3299560546875,1265.3299560546875,2233830000,False,False,0.008994480783105519,False
2011-12-27,1265.02001953125,1269.3699951171875,1262.300048828125,1265.4300537109375,1265.4300537109375,2130590000,False,False,7.910481903918606e-05,False
2011-12-28,1265.3800048828125,1265.8499755859375,1248.6400146484375,1249.6400146484375,1249.6400146484375,2349980000,False,False,-0.012556506256502386,False
2011-12-29,1249.75,1263.5400390625,1249.75,1263.02001953125,1263.02001953125,2278130000,False,False,0.010650172463280615,False
2011-12-30,1262.8199462890625,1264.1199951171875,1257.4599609375,1257.5999755859375,1257.5999755859375,2271850000,False,False,-0.004300570740064627,False
2012-01-03,1258.8599853515625,1284.6199951171875,1258.8599853515625,1277.06005859375,1277.06005859375,3943710000,False,False,0.015355483670177897,False
2012-01-04,1277.030029296875,1278.72998046875,1268.0999755859375,1277.300048828125,1277.300048828125,3592580000,False,False,0.00018790634443729306,False
2012-01-05,1277.300048828125,1283.050048828125,1265.260009765625,1281.06005859375,1281.06005859375,4315950000,False,False,0.002939392669493865,False
2012-01-06,1280.9300537109375,1281.8399658203125,1273.3399658203125,1277.81005859375,1277.81005859375,3656830000,False,False,-0.0025401850025391333,False
2012-01-09,1277.8299560546875,1281.989990234375,1274.550048828125,1280.699951171875,1280.699951171875,3371600000,False,False,0.0022590443626086362,False
2012-01-10,1280.77001953125,1296.4599609375,1280.77001953125,1292.0799560546875,1292.0799560546875,4221960000,False,False,0.0088465236130604,False
2012-01-11,1292.02001953125,1293.800048828125,1285.4100341796875,1292.47998046875,1292.47998046875,3968120000,False,False,0.00030954934463217333,False
2012-01-12,1292.47998046875,1296.8199462890625,1285.77001953125,1295.5,1295.5,4019890000,False,False,0.0023338827385691882,False
2012-01-13,1294.8199462890625,1294.8199462890625,1277.5799560546875,1289.0899658203125,1289.0899658203125,3692370000,False,False,-0.004960204447869401,False
2012-01-17,1290.219970703125,1303.0,1290.219970703125,1293.6700439453125,1293.6700439453125,4010490000,False,False,0.003546657768174128,False
2012-01-18,1293.6500244140625,1308.1099853515625,1290.989990234375,1308.0400390625,1308.0400390625,4096160000,False,False,0.011046689130222281,False
2012-01-19,1308.0699462890625,1315.489990234375,1308.0699462890625,1314.5,1314.5,4465890000,False,False,0.004926501717244016,False
2012-01-20,1314.489990234375,1315.3800048828125,1309.1700439453125,1315.3800048828125,1315.3800048828125,3912620000,False,False,0.0006692357932856269,False
2012-01-23,1315.2900390625,1322.280029296875,1309.8900146484375,1316.0,1316.0,3770910000,False,False,0.0004712319220408503,False
2012-01-24,1315.9599609375,1315.9599609375,1306.06005859375,1314.6500244140625,1314.6500244140625,3693560000,False,False,-0.0010263438252235968,False
2012-01-25,1314.4000244140625,1328.300048828125,1307.6500244140625,1326.06005859375,1326.06005859375,4410910000,False,False,0.008641694717196025,False
2012-01-26,1326.280029296875,1333.469970703125,1313.5999755859375,1318.4300537109375,1318.4300537109375,4522070000,False,False,-0.005770508287989055,False
2012-01-27,1318.25,1320.06005859375,1311.719970703125,1316.3299560546875,1316.3299560546875,4007380000,False,False,-0.0015941475452909452,False
2012-01-30,1316.1600341796875,1316.1600341796875,1300.489990234375,1313.010009765625,1313.010009765625,3659010000,False,False,-0.0025253090863453726,False
2012-01-31,1313.530029296875,1321.4100341796875,1306.68994140625,1312.4100341796875,1312.4100341796875,4235550000,False,False,-0.0004570511280779364,False
2012-02-01,1312.449951171875,1330.52001953125,1312.449951171875,1324.0899658203125,1324.0899658203125,4504360000,False,False,0.008860237474265962,False
2012-02-02,1324.239990234375,1329.18994140625,1321.5699462890625,1325.5400390625,1325.5400390625,4120920000,False,False,0.0010945478306671234,False
2012-02-03,1326.2099609375,1345.3399658203125,1326.2099609375,1344.9000244140625,1344.9000244140625,4608550000,False,False,0.014499725948107648,False
2012-02-06,1344.3199462890625,1344.3599853515625,1337.52001953125,1344.3299560546875,1344.3299560546875,3379700000,False,False,-0.0004239640135311185,False
2012-02-07,1344.3299560546875,1349.239990234375,1335.9200439453125,1347.050048828125,1347.050048828125,3742460000,False,False,0.0020213375254701533,False
2012-02-08,1347.0400390625,1351.0,1341.949951171875,1349.9599609375,1349.9599609375,4096730000,False,False,0.0021578809333250354,False
2012-02-09,1349.969970703125,1354.3199462890625,1344.6300048828125,1351.949951171875,1351.949951171875,4209890000,False,False,0.0014730251258786603,False
2012-02-10,1351.2099609375,1351.2099609375,1337.3499755859375,1342.6400146484375,1342.6400146484375,3877580000,False,False,-0.006910122643616179,False
2012-02-13,1343.06005859375,1353.3499755859375,1343.06005859375,1351.77001953125,1351.77001953125,3618040000,False,False,0.006777023326497382,False
2012-02-14,1351.300048828125,1351.300048828125,1340.8299560546875,1350.5,1350.5,3889520000,False,False,-0.0009399650039259267,False
2012-02-15,1350.52001953125,1355.8699951171875,1340.800048828125,1343.22998046875,1343.22998046875,4080340000,False,False,-0.005397747536216691,False
2012-02-16,1342.6099853515625,1359.02001953125,1341.219970703125,1358.0400390625,1358.0400390625,4108880000,False,False,0.010965365833276902,False
2012-02-17,1358.06005859375,1363.4000244140625,1357.239990234375,1361.22998046875,1361.22998046875,3717640000,False,False,0.0023461758829402962,False
2012-02-21,1361.219970703125,1367.760009765625,1358.1099853515625,1362.2099609375,1362.2099609375,3795200000,False,False,0.0007196637576957368,False
2012-02-22,1362.1099853515625,1362.699951171875,1355.530029296875,1357.6600341796875,1357.6600341796875,3633710000,False,False,-0.0033456974121455286,False
2012-02-23,1357.530029296875,1364.239990234375,1352.280029296875,1363.4599609375,1363.4599609375,3786450000,False,False,0.00426290318060624,False
2012-02-24,1363.4599609375,1368.9200439453125,1363.4599609375,1365.739990234375,1365.739990234375,3505360000,False,False,0.001670841175508428,False
2012-02-27,1365.199951171875,1371.93994140625,1354.9200439453125,1367.5899658203125,1367.5899658203125,3648890000,False,False,0.0013536425518792066,False
2012-02-28,1367.56005859375,1373.0899658203125,1365.969970703125,1372.1800537109375,1372.1800537109375,3579120000,False,False,0.0033507134923147753,False
2012-02-29,1372.199951171875,1378.0400390625,1363.81005859375,1365.6800537109375,1365.6800537109375,4482370000,False,False,-0.004748242756953383,False
2012-03-01,1365.9000244140625,1376.1700439453125,1365.9000244140625,1374.0899658203125,1374.0899658203125,3919240000,False,False,0.006139156544532941,False
2012-03-02,1374.0899658203125,1374.530029296875,1366.4200439453125,1369.6300048828125,1369.6300048828125,3283490000,False,False,-0.0032510350278581205,False
2012-03-05,1369.5899658203125,1369.5899658203125,1359.1300048828125,1364.3299560546875,1364.3299560546875,3429480000,False,False,-0.0038772005028211405,False
2012-03-06,1363.6300048828125,1363.6300048828125,1340.030029296875,1343.3599853515625,1343.3599853515625,4191060000,False,False,-0.015489506127544145,False
2012-03-07,1343.3900146484375,1354.8499755859375,1343.3900146484375,1352.6300048828125,1352.6300048828125,3580380000,False,False,0.006876921722994126,False
2012-03-08,1352.6500244140625,1368.719970703125,1352.6500244140625,1365.9100341796875,1365.9100341796875,3543060000,False,False,0.009770049174722241,False
2012-03-09,1365.969970703125,1374.760009765625,1365.969970703125,1370.8699951171875,1370.8699951171875,3639470000,False,False,0.0036246730207315234,False
2012-03-12,1370.780029296875,1373.0400390625,1366.68994140625,1371.0899658203125,1371.0899658203125,3081870000,False,False,0.00016044778678812074,False
2012-03-13,1371.9200439453125,1396.1300048828125,1371.9200439453125,1395.949951171875,1395.949951171875,4386470000,False,False,0.017969133090434228,False
2012-03-14,1395.949951171875,1399.4200439453125,1389.969970703125,1394.280029296875,1394.280029296875,4502280000,False,False,-0.0011969780885961415,False
2012-03-15,1394.1700439453125,1402.6300048828125,1392.780029296875,1402.5999755859375,1402.5999755859375,4271650000,False,False,0.0059494657015602215,False
2012-03-16,1402.550048828125,1405.8800048828125,1401.469970703125,1404.1700439453125,1404.1700439453125,5163950000,False,False,0.0011187724767004654,False
2012-03-19,1404.1700439453125,1414.0,1402.4300537109375,1409.75,1409.75,3932570000,False,False,0.003965971514071157,False
2012-03-20,1409.5899658203125,1409.5899658203125,1397.6800537109375,1405.52001953125,1405.52001953125,3695280000,False,False,-0.003005028734390367,False
2012-03-21,1405.52001953125,1407.75,1400.6400146484375,1402.8900146484375,1402.8900146484375,3573590000,False,False,-0.0018729499037742287,False
2012-03-22,1402.8900146484375,1402.8900146484375,1388.72998046875,1392.780029296875,1392.780029296875,3740590000,False,False,-0.007232634226897842,False
2012-03-23,1392.780029296875,1399.1800537109375,1386.8699951171875,1397.1099853515625,1397.1099853515625,3472950000,False,False,0.0031040360075561585,False
2012-03-26,1397.1099853515625,1416.5799560546875,1397.1099853515625,1416.510009765625,1416.510009765625,3576950000,False,False,0.013790299964088289,False
2012-03-27,1416.550048828125,1419.1500244140625,1411.949951171875,1412.52001953125,1412.52001953125,3513640000,False,False,-0.002820749754246321,False
2012-03-28,1412.52001953125,1413.6500244140625,1397.199951171875,1405.5400390625,1405.5400390625,3892800000,False,False,-0.004953758683289016,False
2012-03-29,1405.3900146484375,1405.3900146484375,1391.56005859375,1403.280029296875,1403.280029296875,3832000000,False,False,-0.0016092239433873861,False
2012-03-30,1403.31005859375,1410.8900146484375,1401.4200439453125,1408.469970703125,1408.469970703125,3676890000,False,False,0.003691613621621361,False
2012-04-02,1408.469970703125,1422.3800048828125,1404.4599609375,1419.0400390625,1419.0400390625,3572010000,False,False,0.007476626120982405,False
2012-04-03,1418.97998046875,1419.0,1404.6199951171875,1413.3800048828125,1413.3800048828125,3822090000,False,False,-0.003996611820141247,False
2012-04-04,1413.0899658203125,1413.0899658203125,1394.0899658203125,1398.9599609375,1398.9599609375,3938290000,False,False,-0.010254926852538038,False
2012-04-05,1398.7900390625,1401.5999755859375,1392.9200439453125,1398.0799560546875,1398.0799560546875,3303740000,False,False,-0.0006292401524213991,False
2012-04-09,1397.449951171875,1397.449951171875,1378.239990234375,1382.199951171875,1382.199951171875,3468980000,False,False,-0.011423437999542612,False
2012-04-10,1382.1800537109375,1383.010009765625,1357.3800048828125,1358.5899658203125,1358.5899658203125,4631730000,False,False,-0.017229025277185804,False
2012-04-11,1358.97998046875,1374.7099609375,1358.97998046875,1368.7099609375,1368.7099609375,3743040000,False,False,0.007421289800123757,False
2012-04-12,1368.77001953125,1388.1300048828125,1368.77001953125,1387.5699462890625,1387.5699462890625,3618280000,False,False,0.013685315235975748,False
2012-04-13,1387.6099853515625,1387.6099853515625,1369.8499755859375,1370.260009765625,1370.260009765625,3631160000,False,False,-0.012553467125056119,False
2012-04-16,1370.27001953125,1379.6600341796875,1365.3800048828125,1369.5699462890625,1369.5699462890625,3574780000,False,False,-0.0005037272401734527,False
2012-04-17,1369.5699462890625,1392.760009765625,1369.5699462890625,1390.780029296875,1390.780029296875,3456200000,False,False,0.015367979157954645,False
2012-04-18,1390.780029296875,1390.780029296875,1383.2900390625,1385.1400146484375,1385.1400146484375,3463140000,False,False,-0.004063533761746023,False
2012-04-19,1385.0799560546875,1390.4599609375,1370.300048828125,1376.9200439453125,1376.9200439453125,4180020000,False,False,-0.005952075477202332,False
2012-04-20,1376.9599609375,1387.4000244140625,1376.9599609375,1378.530029296875,1378.530029296875,3833320000,False,False,0.0011685826213373295,False
2012-04-23,1378.530029296875,1378.530029296875,1358.7900390625,1366.93994140625,1366.93994140625,3654860000,False,False,-0.008443113102887432,False
2012-04-24,1366.969970703125,1375.5699462890625,1366.8199462890625,1371.969970703125,1371.969970703125,3617100000,False,False,0.003673019641628904,False
2012-04-25,1372.1099853515625,1391.3699951171875,1372.1099853515625,1390.68994140625,1390.68994140625,3998430000,False,False,0.0135523428987414,False
2012-04-26,1390.6400146484375,1402.0899658203125,1387.280029296875,1399.97998046875,1399.97998046875,4034700000,False,False,0.006657952133507798,False
2012-04-27,1400.18994140625,1406.6400146484375,1397.31005859375,1403.3599853515625,1403.3599853515625,3645830000,False,False,0.002411413929023093,False
2012-04-30,1403.260009765625,1403.260009765625,1394.0,1397.9100341796875,1397.9100341796875,3574010000,False,False,-0.0038910622753696145,False
2012-05-01,1397.8599853515625,1415.3199462890625,1395.72998046875,1405.8199462890625,1405.8199462890625,3807950000,False,False,0.005642435719684134,False
2012-05-02,1405.5,1405.5,1393.9200439453125,1402.31005859375,1402.31005859375,3803860000,False,False,-0.0024998055766587628,False
2012-05-03,1402.3199462890625,1403.0699462890625,1388.7099609375,1391.5699462890625,1391.5699462890625,4004910000,False,False,-0.0076883511035068415,False
2012-05-04,1391.510009765625,1391.510009765625,1367.9599609375,1369.0999755859375,1369.0999755859375,3975140000,False,False,-0.016278995721590046,False
2012-05-07,1368.7900390625,1373.9100341796875,1363.93994140625,1369.5799560546875,1369.5799560546875,3559390000,False,False,0.000350519582897646,False
2012-05-08,1369.1600341796875,1369.1600341796875,1347.75,1363.719970703125,1363.719970703125,4261670000,False,False,-0.004287853134969311,False
2012-05-09,1363.199951171875,1363.72998046875,1343.1300048828125,1354.5799560546875,1354.5799560546875,4288540000,False,False,-0.006724827531781949,False
2012-05-10,1354.5799560546875,1365.8800048828125,1354.5799560546875,1357.989990234375,1357.989990234375,3727990000,False,False,0.0025142474063852525,False
2012-05-11,1358.1099853515625,1365.6600341796875,1348.8900146484375,1353.3900146484375,1353.3900146484375,3869070000,False,False,-0.0033930913342817433,False
2012-05-14,1351.9300537109375,1351.9300537109375,1336.6099853515625,1338.3499755859375,1338.3499755859375,3688120000,False,False,-0.011175073102338487,False
2012-05-15,1338.3599853515625,1344.93994140625,1328.4100341796875,1330.6600341796875,1330.6600341796875,4114040000,False,False,-0.005762408276502476,False
2012-05-16,1330.780029296875,1341.780029296875,1324.7900390625,1324.800048828125,1324.800048828125,4280420000,False,False,-0.0044135439289479245,False
2012-05-17,1324.8199462890625,1326.3599853515625,1304.8599853515625,1304.8599853515625,1304.8599853515625,4664280000,False,False,-0.015165797405604461,False
2012-05-18,1305.050048828125,1312.239990234375,1291.97998046875,1295.219970703125,1295.219970703125,4512470000,False,False,-0.007415201826754865,False
2012-05-21,1295.72998046875,1316.3900146484375,1295.72998046875,1315.989990234375,1315.989990234375,3786750000,False,False,0.01590868439583931,False
2012-05-22,1316.0899658203125,1328.489990234375,1310.0400390625,1316.6300048828125,1316.6300048828125,4123680000,False,False,0.00048621879514186843,False
2012-05-23,1316.02001953125,1320.7099609375,1296.530029296875,1318.8599853515625,1318.8599853515625,4108330000,False,False,0.001692270514548765,False
2012-05-24,1318.719970703125,1324.1400146484375,1310.5,1320.6800537109375,1320.6800537109375,3937670000,False,False,0.0013790801585880884,False
2012-05-25,1320.81005859375,1324.199951171875,1314.22998046875,1317.8199462890625,1317.8199462890625,2872660000,False,False,-0.002167980702760717,False
2012-05-29,1318.9000244140625,1334.9300537109375,1318.9000244140625,1332.4200439453125,1332.4200439453125,3441640000,False,False,0.01101805527882847,False
2012-05-30,1331.25,1331.25,1310.760009765625,1313.3199462890625,1313.3199462890625,3534290000,False,False,-0.014438629304797283,False
2012-05-31,1313.0899658203125,1319.739990234375,1298.9000244140625,1310.3299560546875,1310.3299560546875,4557620000,False,False,-0.0022792610600432576,False
2012-06-01,1309.8699951171875,1309.8699951171875,1277.25,1278.0400390625,1278.0400390625,4669350000,False,False,-0.024951295414361523,False
2012-06-04,1278.2900390625,1282.550048828125,1266.739990234375,1278.1800537109375,1278.1800537109375,4011960000,False,False,0.00010954819498779878,False
2012-06-05,1277.8199462890625,1287.6199951171875,1274.1600341796875,1285.5,1285.5,3403230000,False,False,0.005710514594359025,False
2012-06-06,1285.6099853515625,1315.1300048828125,1285.6099853515625,1315.1300048828125,1315.1300048828125,4268360000,False,False,0.022787776048048256,False
2012-06-07,1316.1500244140625,1329.050048828125,1312.6800537109375,1314.989990234375,1314.989990234375,4258140000,False,False,-0.00010647016016737382,False
2012-06-08,1314.989990234375,1325.81005859375,1307.77001953125,1325.6600341796875,1325.6600341796875,3497190000,False,False,0.008081420799989608,False
2012-06-11,1325.719970703125,1335.52001953125,1307.72998046875,1308.9300537109375,1308.9300537109375,3537530000,False,False,-0.012700423815401067,False
2012-06-12,1309.4000244140625,1324.31005859375,1306.6199951171875,1324.1800537109375,1324.1800537109375,3442920000,False,False,0.011583389901239803,False
2012-06-13,1324.02001953125,1327.280029296875,1310.510009765625,1314.8800048828125,1314.8800048828125,3506510000,False,False,-0.007048030071104175,False
2012-06-14,1314.8800048828125,1333.6800537109375,1314.1400146484375,1329.0999755859375,1329.0999755859375,3687720000,False,False,0.010756592649869777,False
2012-06-15,1329.18994140625,1343.3199462890625,1329.18994140625,1342.8399658203125,1342.8399658203125,4401570000,False,False,0.010284745652146795,False
2012-06-18,1342.4200439453125,1348.219970703125,1334.4599609375,1344.780029296875,1344.780029296875,3259430000,False,False,0.0014437039589353582,False
2012-06-19,1344.8299560546875,1363.4599609375,1344.8299560546875,1357.97998046875,1357.97998046875,3815350000,False,False,0.009767834417612748,False
2012-06-20,1358.0400390625,1361.5699462890625,1346.449951171875,1355.68994140625,1355.68994140625,3695700000,False,False,-0.001687780512771723,False
2012-06-21,1355.4300537109375,1358.27001953125,1324.4100341796875,1325.510009765625,1325.510009765625,4094470000,False,False,-0.022513208183375856,False
2012-06-22,1325.9200439453125,1337.8199462890625,1325.9200439453125,1335.02001953125,1335.02001953125,5271490000,False,False,0.00714898923450435,False
2012-06-25,1334.9000244140625,1334.9000244140625,1309.27001953125,1313.719970703125,1313.719970703125,3501820000,False,False,-0.016083502390603004,False
2012-06-26,1314.0899658203125,1324.239990234375,1310.300048828125,1319.989990234375,1319.989990234375,3412940000,False,False,0.004761368161020215,False
2012-06-27,1320.7099609375,1334.4000244140625,1320.7099609375,1331.8499755859375,1331.8499755859375,3286910000,False,False,0.00894478141961743,False
2012-06-28,1331.52001953125,1331.52001953125,1313.2900390625,1329.0400390625,1329.0400390625,3969370000,False,False,-0.0021120283457667526,False
2012-06-29,1330.1199951171875,1362.1700439453125,1330.1199951171875,1362.1600341796875,1362.1600341796875,4590480000,False,False,0.024614793734920246,False
2012-07-02,1362.3299560546875,1366.3499755859375,1355.699951171875,1365.510009765625,1365.510009765625,3301650000,False,False,0.002456292158706836,False
2012-07-03,1365.75,1374.81005859375,1363.530029296875,1374.02001953125,1374.02001953125,2116390000,False,False,0.0062127715684242545,False
2012-07-05,1373.719970703125,1373.8499755859375,1363.02001953125,1367.5799560546875,1367.5799560546875,3041520000,False,False,-0.004698041566321199,False
2012-07-06,1367.0899658203125,1367.0899658203125,1348.030029296875,1354.6800537109375,1354.6800537109375,2745140000,False,False,-0.009477418655581979,False
2012-07-09,1354.6600341796875,1354.8699951171875,1346.6500244140625,1352.4599609375,1352.4599609375,2904860000,False,False,-0.00164017617051813,False
2012-07-10,1352.9599609375,1361.5400390625,1336.27001953125,1341.469970703125,1341.469970703125,3470600000,False,False,-0.00815912178959069,False
2012-07-11,1341.4000244140625,1345.0,1333.25,1341.449951171875,1341.449951171875,3426290000,False,False,-1.4923688990578574e-05,False
2012-07-12,1341.2900390625,1341.2900390625,1325.4100341796875,1334.760009765625,1334.760009765625,3654440000,False,False,-0.004999574352459078,False
2012-07-13,1334.81005859375,1357.699951171875,1334.81005859375,1356.780029296875,1356.780029296875,3212930000,False,False,0.016362759247573275,False
2012-07-16,1356.5,1357.260009765625,1348.510009765625,1353.6400146484375,1353.6400146484375,2862720000,False,False,-0.0023169958916205513,False
2012-07-17,1353.6800537109375,1365.3599853515625,1345.0699462890625,1363.6700439453125,1363.6700439453125,3566680000,False,False,0.00738235580991176,False
2012-07-18,1363.5799560546875,1375.260009765625,1358.9599609375,1372.780029296875,1372.780029296875,3642630000,False,False,0.006658275330085007,False
2012-07-19,1373.010009765625,1380.3900146484375,1371.2099609375,1376.510009765625,1376.510009765625,4043360000,False,False,0.002713415248511383,False
2012-07-20,1376.510009765625,1376.510009765625,1362.18994140625,1362.6600341796875,1362.6600341796875,3925020000,False,False,-0.010112620534169033,False
2012-07-23,1362.3399658203125,1362.3399658203125,1337.56005859375,1350.52001953125,1350.52001953125,3717180000,False,False,-0.008948979003707246,False
2012-07-24,1350.52001953125,1351.530029296875,1329.239990234375,1338.31005859375,1338.31005859375,3891290000,False,False,-0.00908205019242412,False
2012-07-25,1338.3499755859375,1343.97998046875,1331.5,1337.8900146484375,1337.8900146484375,3719170000,False,False,-0.0003139107221179555,False
2012-07-26,1338.1700439453125,1363.1300048828125,1338.1700439453125,1360.02001953125,1360.02001953125,4429300000,False,False,0.01640566286495112,False
2012-07-27,1360.050048828125,1389.18994140625,1360.050048828125,1385.969970703125,1385.969970703125,4399010000,False,False,0.018900814490450273,False
2012-07-30,1385.93994140625,1391.739990234375,1381.3699951171875,1385.300048828125,1385.300048828125,3212060000,False,False,-0.00048347644461061725,False
2012-07-31,1385.27001953125,1387.1600341796875,1379.1700439453125,1379.3199462890625,1379.3199462890625,3821570000,False,False,-0.004326172766220222,False
2012-08-01,1379.3199462890625,1385.030029296875,1373.3499755859375,1375.3199462890625,1375.3199462890625,4440920000,False,False,-0.0029041929017454256,False
2012-08-02,1375.1300048828125,1375.1300048828125,1354.6500244140625,1365.0,1365.0,4193740000,False,False,-0.007531963624136046,False
2012-08-03,1365.449951171875,1394.1600341796875,1365.449951171875,1390.989990234375,1390.989990234375,3751170000,False,False,0.018861288185302486,False
2012-08-06,1391.0400390625,1399.6300048828125,1391.0400390625,1394.22998046875,1394.22998046875,3122050000,False,False,0.002326560724057678,False
2012-08-07,1394.4599609375,1407.1400146484375,1394.4599609375,1401.3499755859375,1401.3499755859375,3682490000,False,False,0.005093762742592908,False
2012-08-08,1401.22998046875,1404.1400146484375,1396.1300048828125,1402.219970703125,1402.219970703125,3221790000,False,False,0.000620633807453193,False
2012-08-09,1402.260009765625,1405.949951171875,1398.800048828125,1402.800048828125,1402.800048828125,3119610000,False,False,0.00041359999517301903,False
2012-08-10,1402.5799560546875,1405.97998046875,1395.6199951171875,1405.8699951171875,1405.8699951171875,2767980000,False,False,0.0021860506671047943,False
2012-08-13,1405.8699951171875,1405.8699951171875,1397.3199462890625,1404.1099853515625,1404.1099853515625,2499990000,False,False,-0.0012526850781939547,False
2012-08-14,1404.3599853515625,1410.030029296875,1400.5999755859375,1403.9300537109375,1403.9300537109375,2930900000,False,False,-0.00012815461201997174,False
2012-08-15,1403.8900146484375,1407.72998046875,1401.8299560546875,1405.530029296875,1405.530029296875,2655750000,False,False,0.0011389916294490677,False
2012-08-16,1405.5699462890625,1417.43994140625,1404.1500244140625,1415.510009765625,1415.510009765625,3114100000,False,False,0.007075420387505465,False
2012-08-17,1415.8399658203125,1418.7099609375,1414.6700439453125,1418.1600341796875,1418.1600341796875,2922990000,False,False,0.0018703837394767023,False
2012-08-20,1417.8499755859375,1418.1300048828125,1412.1199951171875,1418.1300048828125,1418.1300048828125,2766320000,False,False,-2.1175053652821643e-05,False
2012-08-21,1418.1300048828125,1426.6800537109375,1410.8599853515625,1413.1700439453125,1413.1700439453125,3282950000,False,False,-0.003503666814444632,False
2012-08-22,1413.0899658203125,1416.1199951171875,1406.780029296875,1413.489990234375,1413.489990234375,3062690000,False,False,0.00022637762345679676,False
2012-08-23,1413.489990234375,1413.489990234375,1400.5,1402.0799560546875,1402.0799560546875,3008240000,False,False,-0.008104999597722566,False
2012-08-24,1401.989990234375,1413.4599609375,1398.0400390625,1411.1300048828125,1411.1300048828125,2598790000,False,False,0.006433988343262266,False
2012-08-27,1411.1300048828125,1416.1700439453125,1409.1099853515625,1410.43994140625,1410.43994140625,2472500000,False,False,-0.0004891344205224454,False
2012-08-28,1410.43994140625,1413.6300048828125,1405.5899658203125,1409.300048828125,1409.300048828125,2629090000,False,False,-0.0008085090427962799,False
2012-08-29,1409.3199462890625,1413.949951171875,1406.5699462890625,1410.489990234375,1410.489990234375,2571220000,False,False,0.0008439929642994782,False
2012-08-30,1410.0799560546875,1410.0799560546875,1397.010009765625,1399.47998046875,1399.47998046875,2530280000,False,False,-0.007836429729673381,False
2012-08-31,1400.0699462890625,1413.0899658203125,1398.9599609375,1406.5799560546875,1406.5799560546875,2938250000,False,False,0.005060469767645165,False
2012-09-04,1406.5400390625,1409.31005859375,1396.56005859375,1404.93994140625,1404.93994140625,3200310000,False,False,-0.0011666393226880797,False
2012-09-05,1404.93994140625,1408.81005859375,1401.25,1403.43994140625,1403.43994140625,3389110000,False,False,-0.0010682316532888013,False
2012-09-06,1403.739990234375,1432.1199951171875,1403.739990234375,1432.1199951171875,1432.1199951171875,3952870000,False,False,0.020229536612006892,False
2012-09-07,1432.1199951171875,1437.9200439453125,1431.449951171875,1437.9200439453125,1437.9200439453125,3717620000,False,False,0.0040417949889430295,False
2012-09-10,1437.9200439453125,1438.739990234375,1428.97998046875,1429.0799560546875,1429.0799560546875,3223670000,False,False,-0.006166805654652836,False
2012-09-11,1429.1300048828125,1437.760009765625,1429.1300048828125,1433.56005859375,1433.56005859375,3509630000,False,False,0.003130052101452872,False
2012-09-12,1433.56005859375,1439.1500244140625,1432.989990234375,1436.56005859375,1436.56005859375,3641200000,False,False,0.002090505602596938,False
2012-09-13,1436.56005859375,1463.760009765625,1435.3399658203125,1459.989990234375,1459.989990234375,4606550000,False,False,0.01617817215384428,False
2012-09-14,1460.0699462890625,1474.510009765625,1460.0699462890625,1465.77001953125,1465.77001953125,5041990000,False,False,0.003951135292808127,False
2012-09-17,1465.4200439453125,1465.6300048828125,1457.550048828125,1461.18994140625,1461.18994140625,3482430000,False,False,-0.0031295828602655195,False
2012-09-18,1461.18994140625,1461.469970703125,1456.1300048828125,1459.3199462890625,1459.3199462890625,3377390000,False,False,-0.001280595132117327,False
2012-09-19,1459.5,1465.1500244140625,1457.8800048828125,1461.050048828125,1461.050048828125,3451360000,False,False,0.0011848517443742584,False
2012-09-20,1461.050048828125,1461.22998046875,1449.97998046875,1460.260009765625,1460.260009765625,3382520000,False,False,-0.00054087999282134,False
2012-09-21,1460.3399658203125,1467.0699462890625,1459.510009765625,1460.1500244140625,1460.1500244140625,4833870000,False,False,-7.532185571705149e-05,False
2012-09-24,1459.760009765625,1460.719970703125,1452.06005859375,1456.8900146484375,1456.8900146484375,3008920000,False,False,-0.002235150069379947,False
2012-09-25,1456.93994140625,1463.239990234375,1441.5899658203125,1441.5899658203125,1441.5899658203125,3739900000,False,False,-0.010557389418567714,False
2012-09-26,1441.5999755859375,1441.5999755859375,1430.530029296875,1433.3199462890625,1433.3199462890625,3565380000,False,False,-0.005753253211740956,False
2012-09-27,1433.3599853515625,1450.199951171875,1433.3599853515625,1447.1500244140625,1447.1500244140625,3150330000,False,False,0.009602727708234702,False
2012-09-28,1447.1300048828125,1447.1300048828125,1435.5999755859375,1440.6700439453125,1440.6700439453125,3509230000,False,False,-0.004487808236766832,False
2012-10-01,1440.9000244140625,1457.1400146484375,1440.9000244140625,1444.489990234375,1444.489990234375,3505080000,False,False,0.002647997667994667,False
2012-10-02,1444.989990234375,1451.52001953125,1439.010009765625,1445.75,1445.75,3321790000,False,False,0.0008719067272658147,False
2012-10-03,1446.050048828125,1454.300048828125,1441.989990234375,1450.989990234375,1450.989990234375,3531640000,False,False,0.003617857293033645,False
2012-10-04,1451.0799560546875,1463.1400146484375,1451.0799560546875,1461.4000244140625,1461.4000244140625,3615860000,False,False,0.007148821731697362,False
2012-10-05,1461.4000244140625,1470.9599609375,1456.8900146484375,1460.9300537109375,1460.9300537109375,3172940000,False,False,-0.0003216410840751239,False
2012-10-08,1460.9300537109375,1460.9300537109375,1453.0999755859375,1455.8800048828125,1455.8800048828125,2328720000,False,False,-0.0034627238474289053,False
2012-10-09,1455.9000244140625,1455.9000244140625,1441.1800537109375,1441.47998046875,1441.47998046875,3216320000,False,False,-0.009940182135141966,False
2012-10-10,1441.47998046875,1442.52001953125,1430.6400146484375,1432.56005859375,1432.56005859375,3225060000,False,False,-0.0062072555664811424,False
2012-10-11,1432.8199462890625,1443.9000244140625,1432.8199462890625,1432.8399658203125,1432.8399658203125,3672540000,False,False,0.00019537043698457742,False
2012-10-12,1432.8399658203125,1438.4300537109375,1425.530029296875,1428.5899658203125,1428.5899658203125,3134750000,False,False,-0.002970544956016541,False
2012-10-15,1428.75,1441.31005859375,1427.239990234375,1440.1300048828125,1440.1300048828125,3483810000,False,False,0.008045470752666933,False
2012-10-16,1440.31005859375,1455.510009765625,1440.31005859375,1454.9200439453125,1454.9200439453125,3568770000,False,False,0.010217555817170515,False
2012-10-17,1454.219970703125,1462.199951171875,1453.3499755859375,1460.9100341796875,1460.9100341796875,3655320000,False,False,0.004108606125954804,False
2012-10-18,1460.93994140625,1464.02001953125,1452.6300048828125,1457.3399658203125,1457.3399658203125,3880030000,False,False,-0.0024467198768949572,False
2012-10-19,1457.3399658203125,1457.3399658203125,1429.8499755859375,1433.18994140625,1433.18994140625,3875170000,False,False,-0.01671014460003599,False
2012-10-22,1433.2099609375,1435.4599609375,1422.06005859375,1433.8199462890625,1433.8199462890625,3216220000,False,False,0.0004394856785508615,False
2012-10-23,1433.739990234375,1433.739990234375,1407.56005859375,1413.1099853515625,1413.1099853515625,3587670000,False,False,-0.014549234970738009,False
2012-10-24,1413.199951171875,1420.0400390625,1407.0999755859375,1408.75,1408.75,3385970000,False,False,-0.0030901524835878326,False
2012-10-25,1409.739990234375,1421.1199951171875,1405.1400146484375,1412.969970703125,1412.969970703125,3512640000,False,False,0.002991064948394708,False
2012-10-26,1412.969970703125,1417.0899658203125,1403.280029296875,1411.93994140625,1411.93994140625,3284910000,False,False,-0.0007292475686444066,False
2012-10-31,1410.989990234375,1418.760009765625,1405.949951171875,1412.1600341796875,1412.1600341796875,3577110000,False,False,0.00015586755128053293,False
2012-11-01,1412.199951171875,1428.3499755859375,1412.199951171875,1427.5899658203125,1427.5899658203125,3929890000,False,False,0.010867212600985972,False
2012-11-02,1427.5899658203125,1434.27001953125,1412.9100341796875,1414.199951171875,1414.199951171875,3732480000,False,False,-0.009423718242892513,False
2012-11-05,1414.02001953125,1419.9000244140625,1408.1300048828125,1417.260009765625,1417.260009765625,2921040000,False,False,0.002161471345057592,False
2012-11-06,1417.260009765625,1433.3800048828125,1417.260009765625,1428.3900146484375,1428.3900146484375,3306970000,False,False,0.00782250912272711,False
2012-11-07,1428.27001953125,1428.27001953125,1388.1400146484375,1394.530029296875,1394.530029296875,4356490000,False,False,-0.023990484179204748,False
2012-11-08,1394.530029296875,1401.22998046875,1377.510009765625,1377.510009765625,1377.510009765625,3779520000,False,False,-0.0122799333135091,False
2012-11-09,1377.550048828125,1391.3900146484375,1373.030029296875,1379.8499755859375,1379.8499755859375,3647350000,False,False,0.0016972512798215903,False
2012-11-12,1379.8599853515625,1384.8699951171875,1377.18994140625,1380.030029296875,1380.030029296875,2567540000,False,False,0.00013047937654856286,False
2012-11-13,1380.030029296875,1388.81005859375,1371.3900146484375,1374.530029296875,1374.530029296875,3455550000,False,False,-0.003993383474745327,False
2012-11-14,1374.6400146484375,1380.1300048828125,1352.5,1355.489990234375,1355.489990234375,4109510000,False,False,-0.013948870444327605,False
2012-11-15,1355.4100341796875,1360.6199951171875,1348.050048828125,1353.3299560546875,1353.3299560546875,3928870000,False,False,-0.001594815957016726,False
2012-11-16,1353.3599853515625,1362.030029296875,1343.3499755859375,1359.8800048828125,1359.8800048828125,4045910000,False,False,0.004828274735175702,False
2012-11-19,1359.8800048828125,1386.8900146484375,1359.8800048828125,1386.8900146484375,1386.8900146484375,3374800000,False,False,0.01966737673954756,False
2012-11-20,1386.8199462890625,1389.77001953125,1377.0400390625,1387.81005859375,1387.81005859375,3207160000,False,False,0.0006631664358276915,False
2012-11-21,1387.7900390625,1391.25,1386.3900146484375,1391.030029296875,1391.030029296875,2667090000,False,False,0.002317493660971613,False
2012-11-23,1391.030029296875,1409.1600341796875,1391.030029296875,1409.1500244140625,1409.1500244140625,1504960000,False,False,0.012942202068968308,False
2012-11-26,1409.1500244140625,1409.1500244140625,1397.6800537109375,1406.2900390625,1406.2900390625,2948960000,False,False,-0.0020316442693263446,False
2012-11-27,1406.2900390625,1409.010009765625,1398.030029296875,1398.93994140625,1398.93994140625,3323120000,False,False,-0.005240293685227754,False
2012-11-28,1398.77001953125,1410.31005859375,1385.4300537109375,1409.9300537109375,1409.9300537109375,3359250000,False,False,0.007825330760125263,False
2012-11-29,1409.9599609375,1419.699951171875,1409.0400390625,1415.949951171875,1415.949951171875,3356850000,False,False,0.004260553566881813,False
2012-11-30,1415.949951171875,1418.8599853515625,1411.6300048828125,1416.1800537109375,1416.1800537109375,3966000000,False,False,0.0001624943340681183,False
2012-12-03,1416.3399658203125,1423.72998046875,1408.4599609375,1409.4599609375,1409.4599609375,3074280000,False,False,-0.004756519166260062,False
2012-12-04,1409.4599609375,1413.1400146484375,1403.6500244140625,1407.050048828125,1407.050048828125,3247710000,False,False,-0.0017112757910542108,False
2012-12-05,1407.050048828125,1415.56005859375,1398.22998046875,1409.280029296875,1409.280029296875,4253920000,False,False,0.0015836076545869759,False
2012-12-06,1409.4300537109375,1413.949951171875,1405.9300537109375,1413.93994140625,1413.93994140625,3229700000,False,False,0.0033011358587093772,False
2012-12-07,1413.949951171875,1420.3399658203125,1410.9000244140625,1418.0699462890625,1418.0699462890625,3125160000,False,False,0.002916661999350491,False
2012-12-10,1418.0699462890625,1421.6400146484375,1415.6400146484375,1418.550048828125,1418.550048828125,2999430000,False,False,0.0003385032499758963,False
2012-12-11,1418.550048828125,1434.27001953125,1418.550048828125,1427.8399658203125,1427.8399658203125,3650230000,False,False,0.006527531315292975,False
2012-12-12,1427.8399658203125,1438.5899658203125,1426.760009765625,1428.47998046875,1428.47998046875,3709050000,False,False,0.000448139333956705,False
2012-12-13,1428.47998046875,1431.3599853515625,1416.0,1419.449951171875,1419.449951171875,3349960000,False,False,-0.006341489977008348,False
2012-12-14,1419.449951171875,1419.449951171875,1411.8800048828125,1413.5799560546875,1413.5799560546875,3210170000,False,False,-0.004143975679491531,False
2012-12-17,1413.5400390625,1430.6700439453125,1413.5400390625,1430.3599853515625,1430.3599853515625,3455610000,False,False,0.011800688037811027,False
2012-12-18,1430.469970703125,1448.0,1430.469970703125,1446.7900390625,1446.7900390625,4302240000,False,False,0.011421185666775555,False
2012-12-19,1446.7900390625,1447.75,1435.800048828125,1435.81005859375,1435.81005859375,3869800000,False,False,-0.0076181455628212226,False
2012-12-20,1435.81005859375,1443.699951171875,1432.8199462890625,1443.68994140625,1443.68994140625,3686580000,False,False,0.005473104693568626,False
2012-12-21,1443.6700439453125,1443.6700439453125,1422.5799560546875,1430.1500244140625,1430.1500244140625,5229160000,False,False,-0.009422944450144789,False
2012-12-24,1430.1500244140625,1430.1500244140625,1424.6600341796875,1426.6600341796875,1426.6600341796875,1248960000,False,False,-0.0024432789712663986,False
2012-12-26,1426.6600341796875,1429.4200439453125,1416.4300537109375,1419.8299560546875,1419.8299560546875,2285030000,False,False,-0.0047989567899257195,False
2012-12-27,1419.8299560546875,1422.800048828125,1401.800048828125,1418.0999755859375,1418.0999755859375,2830180000,False,False,-0.0012191849162664064,False
2012-12-28,1418.0999755859375,1418.0999755859375,1401.5799560546875,1402.4300537109375,1402.4300537109375,2426680000,False,False,-0.011111445674961485,False
2012-12-31,1402.4300537109375,1426.739990234375,1398.1099853515625,1426.18994140625,1426.18994140625,3204330000,False,False,0.01680002726988578,False
2013-01-02,1426.18994140625,1462.4300537109375,1426.18994140625,1462.4200439453125,1462.4200439453125,4202600000,False,False,0.025086115958697298,False
2013-01-03,1462.4200439453125,1465.469970703125,1455.530029296875,1459.3699951171875,1459.3699951171875,3829730000,False,False,-0.002087795423524574,False
2013-01-04,1459.3699951171875,1467.93994140625,1458.989990234375,1466.469970703125,1466.469970703125,3424290000,False,False,0.0048532999789810665,False
2013-01-07,1466.469970703125,1466.469970703125,1456.6199951171875,1461.8900146484375,1461.8900146484375,3304970000,False,False,-0.003128003259122683,False
2013-01-08,1461.8900146484375,1461.8900146484375,1451.6400146484375,1457.1500244140625,1457.1500244140625,3601600000,False,False,-0.0032476391807331087,False
2013-01-09,1457.1500244140625,1464.72998046875,1457.1500244140625,1461.02001953125,1461.02001953125,3674390000,False,False,0.00265234535868163,False
2013-01-10,1461.02001953125,1472.300048828125,1461.02001953125,1472.1199951171875,1472.1199951171875,4081840000,False,False,0.00756870010921085,False
2013-01-11,1472.1199951171875,1472.75,1467.5799560546875,1472.050048828125,1472.050048828125,3340650000,False,False,-4.751511497752233e-05,False
2013-01-14,1472.050048828125,1472.050048828125,1465.68994140625,1470.6800537109375,1470.6800537109375,3003010000,False,False,-0.0009311049049197806,False
2013-01-15,1470.6700439453125,1473.31005859375,1463.760009765625,1472.3399658203125,1472.3399658203125,3135350000,False,False,0.001128033295304306,False
2013-01-16,1472.3299560546875,1473.9599609375,1467.5999755859375,1472.6300048828125,1472.6300048828125,3384080000,False,False,0.0001969725099562613,False
2013-01-17,1472.6300048828125,1485.1600341796875,1472.6300048828125,1480.93994140625,1480.93994140625,3706710000,False,False,0.0056270605413545815,False
2013-01-18,1480.949951171875,1485.97998046875,1475.81005859375,1485.97998046875,1485.97998046875,3795740000,False,False,0.003397492378151099,False
2013-01-22,1485.97998046875,1492.56005859375,1481.1600341796875,1492.56005859375,1492.56005859375,3570950000,False,False,0.00441833162771152,False
2013-01-23,1492.56005859375,1496.1300048828125,1489.9000244140625,1494.81005859375,1494.81005859375,3552010000,False,False,0.001506341924293118,False
2013-01-24,1494.81005859375,1502.27001953125,1489.4599609375,1494.8199462890625,1494.8199462890625,3699430000,False,False,6.61466154430249e-06,False
2013-01-25,1494.8199462890625,1503.260009765625,1494.8199462890625,1502.9599609375,1502.9599609375,3476290000,False,False,0.005430708661868184,False
2013-01-28,1502.9599609375,1503.22998046875,1496.3299560546875,1500.1800537109375,1500.1800537109375,3388540000,False,False,-0.0018513342747921247,False
2013-01-29,1500.1800537109375,1509.3499755859375,1498.0899658203125,1507.8399658203125,1507.8399658203125,3949640000,False,False,0.005093003781205059,False
2013-01-30,1507.8399658203125,1509.93994140625,1500.1099853515625,1501.9599609375,1501.9599609375,3726810000,False,False,-0.003907244671751714,False
2013-01-31,1501.9599609375,1504.18994140625,1496.760009765625,1498.1099853515625,1498.1099853515625,3999880000,False,False,-0.002566591958392015,False
2013-02-01,1498.1099853515625,1514.4100341796875,1498.1099853515625,1513.1700439453125,1513.1700439453125,3836320000,False,False,0.010002513224009682,False
2013-02-04,1513.1700439453125,1513.1700439453125,1495.02001953125,1495.7099609375,1495.7099609375,3390000000,False,False,-0.0116058327096515,False
2013-02-05,1495.7099609375,1514.9599609375,1495.7099609375,1511.2900390625,1511.2900390625,3618360000,False,False,0.010362632222059643,False
2013-02-06,1511.2900390625,1512.530029296875,1504.7099609375,1512.1199951171875,1512.1199951171875,3611570000,False,False,0.0005490198591339299,False
2013-02-07,1512.1199951171875,1512.9000244140625,1498.489990234375,1509.3900146484375,1509.3900146484375,3614580000,False,False,-0.001807031055856767,False
2013-02-08,1509.3900146484375,1518.31005859375,1509.3900146484375,1517.9300537109375,1517.9300537109375,2986150000,False,False,0.0056419945850431485,False
2013-02-11,1517.9300537109375,1518.31005859375,1513.6099853515625,1517.010009765625,1517.010009765625,2684100000,False,False,-0.0006063012476382776,False
2013-02-12,1517.010009765625,1522.2900390625,1515.6099853515625,1519.4300537109375,1519.4300537109375,3414370000,False,False,0.0015940011376042063,False
2013-02-13,1519.4300537109375,1524.68994140625,1515.9300537109375,1520.3299560546875,1520.3299560546875,3385880000,False,False,0.0005920877747906565,False
2013-02-14,1520.3299560546875,1523.1400146484375,1514.02001953125,1521.3800048828125,1521.3800048828125,3759740000,False,False,0.000690433265053607,False
2013-02-15,1521.3800048828125,1524.239990234375,1514.1400146484375,1519.7900390625,1519.7900390625,3838510000,False,False,-0.001045627796013619,False
2013-02-19,1519.7900390625,1530.93994140625,1519.7900390625,1530.93994140625,1530.93994140625,3748910000,False,False,0.007309694441361245,False
2013-02-20,1530.93994140625,1530.93994140625,1511.4100341796875,1511.949951171875,1511.949951171875,4240570000,False,False,-0.012481711430005843,False
2013-02-21,1511.949951171875,1511.949951171875,1497.2900390625,1502.4200439453125,1502.4200439453125,4274600000,False,False,-0.00632300546566533,False
2013-02-22,1502.4200439453125,1515.6400146484375,1502.4200439453125,1515.5999755859375,1515.5999755859375,3419320000,False,False,0.008734213386774423,False
2013-02-25,1515.5999755859375,1525.8399658203125,1487.8499755859375,1487.8499755859375,1487.8499755859375,4011050000,False,False,-0.01847927558477439,False
2013-02-26,1487.8499755859375,1498.989990234375,1485.010009765625,1496.93994140625,1496.93994140625,3975280000,False,False,0.006090876862567387,False
2013-02-27,1496.93994140625,1520.0799560546875,1494.8800048828125,1515.989990234375,1515.989990234375,3551850000,False,False,0.012645699119019574,False
2013-02-28,1515.989990234375,1525.3399658203125,1514.4599609375,1514.6800537109375,1514.6800537109375,3912320000,False,False,-0.0008644534614572404,False
2013-03-01,1514.6800537109375,1519.989990234375,1501.47998046875,1518.199951171875,1518.199951171875,3695610000,False,False,0.002321159449526721,False
2013-03-04,1518.199951171875,1525.27001953125,1512.2900390625,1525.199951171875,1525.199951171875,3414430000,False,False,0.004600126548349631,False
2013-03-05,1525.199951171875,1543.469970703125,1525.199951171875,1539.7900390625,1539.7900390625,3610690000,False,False,0.009520551872499975,False
2013-03-06,1539.7900390625,1545.25,1538.1099853515625,1541.4599609375,1541.4599609375,3676890000,False,False,0.0010839250554146814,False
2013-03-07,1541.4599609375,1545.780029296875,1541.4599609375,1544.260009765625,1544.260009765625,3634710000,False,False,0.0018148436172064244,False
2013-03-08,1544.260009765625,1552.47998046875,1542.93994140625,1551.1800537109375,1551.1800537109375,3652260000,False,False,0.00447112871295497,False
2013-03-11,1551.1500244140625,1556.27001953125,1547.3599853515625,1556.219970703125,1556.219970703125,3091080000,False,False,0.0032438188658736856,False
2013-03-12,1556.219970703125,1556.77001953125,1548.239990234375,1552.47998046875,1552.47998046875,3274910000,False,False,-0.002406145396801988,False
2013-03-13,1552.47998046875,1556.3900146484375,1548.25,1554.52001953125,1554.52001953125,3073830000,False,False,0.0013131891571707575,False
2013-03-14,1554.52001953125,1563.3199462890625,1554.52001953125,1563.22998046875,1563.22998046875,3459260000,False,False,0.005587352158971998,False
2013-03-15,1563.2099609375,1563.6199951171875,1555.739990234375,1560.699951171875,1560.699951171875,5175850000,False,False,-0.0016197737499887566,False
2013-03-18,1560.699951171875,1560.699951171875,1545.1300048828125,1552.0999755859375,1552.0999755859375,3164560000,False,False,-0.005525570335024047,False
2013-03-19,1552.0999755859375,1557.25,1538.5699462890625,1548.3399658203125,1548.3399658203125,3796210000,False,False,-0.0024254697268762293,False
2013-03-20,1548.3399658203125,1561.56005859375,1548.3399658203125,1558.7099609375,1558.7099609375,3349090000,False,False,0.006675163815817943,False
2013-03-21,1558.7099609375,1558.7099609375,1543.550048828125,1545.800048828125,1545.800048828125,3243270000,False,False,-0.008316923756005078,False
2013-03-22,1545.9000244140625,1557.739990234375,1545.9000244140625,1556.8900146484375,1556.8900146484375,2948380000,False,False,0.007148643803299891,False
2013-03-25,1556.8900146484375,1564.9100341796875,1546.219970703125,1551.68994140625,1551.68994140625,3178170000,False,False,-0.003345629300947282,False
2013-03-26,1551.68994140625,1563.949951171875,1551.68994140625,1563.77001953125,1563.77001953125,2869260000,False,False,0.007754963194634991,False
2013-03-27,1563.75,1564.0699462890625,1551.9000244140625,1562.8499755859375,1562.8499755859375,2914210000,False,False,-0.0005885230525645966,False
2013-03-28,1562.8599853515625,1570.280029296875,1561.0799560546875,1569.18994140625,1569.18994140625,3304440000,False,False,0.004048463396191122,False
2013-04-01,1569.1800537109375,1570.5699462890625,1558.469970703125,1562.1700439453125,1562.1700439453125,2753110000,False,False,-0.004483616865356026,False
2013-04-02,1562.1700439453125,1573.6600341796875,1562.1700439453125,1570.25,1570.25,3312160000,False,False,0.005158933898853431,False
2013-04-03,1570.25,1571.469970703125,1549.800048828125,1553.68994140625,1553.68994140625,4060610000,False,False,-0.010602133218841155,False
2013-04-04,1553.68994140625,1562.5999755859375,1552.52001953125,1559.97998046875,1559.97998046875,3350670000,False,False,0.004040279012737101,False
2013-04-05,1559.97998046875,1559.97998046875,1539.5,1553.280029296875,1553.280029296875,3515410000,False,False,-0.004304145168907639,False
2013-04-08,1553.260009765625,1563.0699462890625,1548.6300048828125,1563.0699462890625,1563.0699462890625,2887120000,False,False,0.006282958765270947,False
2013-04-09,1563.1099853515625,1573.8900146484375,1560.9200439453125,1568.6099853515625,1568.6099853515625,3252780000,False,False,0.003538065806577469,False
2013-04-10,1568.6099853515625,1589.0699462890625,1568.6099853515625,1587.72998046875,1587.72998046875,3453350000,False,False,0.012115443329548888,False
2013-04-11,1587.72998046875,1597.3499755859375,1586.1700439453125,1593.3699951171875,1593.3699951171875,3393950000,False,False,0.0035459561795765683,False
2013-04-12,1593.300048828125,1593.300048828125,1579.969970703125,1588.8499755859375,1588.8499755859375,3206290000,False,False,-0.0028407983185492532,False
2013-04-15,1588.8399658203125,1588.8399658203125,1552.280029296875,1552.3599853515625,1552.3599853515625,4660130000,False,False,-0.02323412455036433,False
2013-04-16,1552.3599853515625,1575.3499755859375,1552.3599853515625,1574.5699462890625,1574.5699462890625,3654700000,False,False,0.014205840828064486,False
2013-04-17,1574.5699462890625,1574.5699462890625,1543.68994140625,1552.010009765625,1552.010009765625,4250310000,False,False,-0.014431313685984552,False
2013-04-18,1552.030029296875,1554.3800048828125,1536.030029296875,1541.6099853515625,1541.6099853515625,3890800000,False,False,-0.0067235559695443025,False
2013-04-19,1541.6099853515625,1555.8900146484375,1539.4000244140625,1555.25,1555.25,3569870000,False,False,0.008808989051054724,False
2013-04-22,1555.25,1565.550048828125,1548.18994140625,1562.5,1562.5,2979880000,False,False,0.004650798215427389,False
2013-04-23,1562.5,1579.5799560546875,1562.5,1578.780029296875,1578.780029296875,3565150000,False,False,0.01036531280555277,False
2013-04-24,1578.780029296875,1583.0,1575.800048828125,1578.7900390625,1578.7900390625,3598240000,False,False,6.340170072840042e-06,False
2013-04-25,1578.9300537109375,1592.6400146484375,1578.9300537109375,1585.1600341796875,1585.1600341796875,3908580000,False,False,0.004026614564991384,False
2013-04-26,1585.1600341796875,1585.780029296875,1577.56005859375,1582.239990234375,1582.239990234375,3198620000,False,False,-0.0018438118015177635,False
2013-04-29,1582.3399658203125,1596.6500244140625,1582.3399658203125,1593.6099853515625,1593.6099853515625,2891200000,False,False,0.00716031536940742,False
2013-04-30,1593.5799560546875,1597.5699462890625,1586.5,1597.5699462890625,1597.5699462890625,3745070000,False,False,0.00248181741858196,False
2013-05-01,1597.550048828125,1597.550048828125,1581.280029296875,1582.699951171875,1582.699951171875,3530320000,False,False,-0.009351472649564404,False
2013-05-02,1582.77001953125,1598.5999755859375,1582.77001953125,1597.5899658203125,1597.5899658203125,3366950000,False,False,0.009364003810320709,False
2013-05-03,1597.5999755859375,1618.4599609375,1597.5999755859375,1614.4200439453125,1614.4200439453125,3603910000,False,False,0.01047956394817034,False
2013-05-06,1614.4000244140625,1619.77001953125,1614.2099609375,1617.5,1617.5,3062240000,False,False,0.001905961128483939,False
2013-05-07,1617.550048828125,1626.030029296875,1616.6400146484375,1625.9599609375,1625.9599609375,3309580000,False,False,0.005216639159837863,False
2013-05-08,1625.949951171875,1632.780029296875,1622.699951171875,1632.68994140625,1632.68994140625,3554700000,False,False,0.004130538866696586,False
2013-05-09,1632.68994140625,1635.010009765625,1623.0899658203125,1626.6700439453125,1626.6700439453125,3457400000,False,False,-0.00369391802877331,False
2013-05-10,1626.68994140625,1633.699951171875,1623.7099609375,1633.699951171875,1633.699951171875,3086470000,False,False,0.004312343771584845,False
2013-05-13,1632.0999755859375,1636.0,1626.739990234375,1633.77001953125,1633.77001953125,2910600000,False,False,4.288844886953105e-05,False
2013-05-14,1633.75,1651.0999755859375,1633.75,1650.3399658203125,1650.3399658203125,3457790000,False,False,0.010091066969150287,False
2013-05-15,1649.1300048828125,1661.489990234375,1646.6800537109375,1658.780029296875,1658.780029296875,3657440000,False,False,0.005101103490210887,False
2013-05-16,1658.0699462890625,1660.510009765625,1648.5999755859375,1650.469970703125,1650.469970703125,3513130000,False,False,-0.005022331985410747,False
2013-05-17,1652.449951171875,1667.469970703125,1652.449951171875,1667.469970703125,1667.469970703125,3440710000,False,False,0.010247411986562578,False
2013-05-20,1665.7099609375,1672.8399658203125,1663.52001953125,1666.2900390625,1666.2900390625,3275080000,False,False,-0.0007078684047072334,False
2013-05-21,1666.199951171875,1674.9300537109375,1662.6700439453125,1669.1600341796875,1669.1600341796875,3513560000,False,False,0.001720904683002348,False
2013-05-22,1669.3900146484375,1687.1800537109375,1648.8599853515625,1655.3499755859375,1655.3499755859375,4361020000,False,False,-0.008308074265778554,False
2013-05-23,1651.6199951171875,1655.5,1635.530029296875,1650.510009765625,1650.510009765625,3945510000,False,False,-0.0029281151046060853,False
2013-05-24,1646.6700439453125,1649.780029296875,1636.8800048828125,1649.5999755859375,1649.5999755859375,2758080000,False,False,-0.0005515174989888943,False
2013-05-28,1652.6300048828125,1674.2099609375,1652.6300048828125,1660.06005859375,1660.06005859375,3457400000,False,False,0.006320962109160131,False
2013-05-29,1656.5699462890625,1656.5699462890625,1640.050048828125,1648.3599853515625,1648.3599853515625,3587140000,False,False,-0.007072936243165862,False
2013-05-30,1649.1400146484375,1661.9100341796875,1648.6099853515625,1654.4100341796875,1654.4100341796875,3498620000,False,False,0.003663625114313425,False
2013-05-31,1652.1300048828125,1658.989990234375,1630.739990234375,1630.739990234375,1630.739990234375,4099600000,False,False,-0.014410576921857085,False
2013-06-03,1631.7099609375,1640.4200439453125,1622.719970703125,1640.4200439453125,1640.4200439453125,3952070000,False,False,0.005918439859741687,False
2013-06-04,1640.72998046875,1646.530029296875,1623.6199951171875,1631.3800048828125,1631.3800048828125,3653840000,False,False,-0.005526048005605536,False
2013-06-05,1629.050048828125,1629.31005859375,1607.0899658203125,1608.9000244140625,1608.9000244140625,3632350000,False,False,-0.013875554543922225,False
2013-06-06,1609.2900390625,1622.56005859375,1598.22998046875,1622.56005859375,1622.56005859375,3547380000,False,False,0.008454454144230643,False
2013-06-07,1625.27001953125,1644.4000244140625,1625.27001953125,1643.3800048828125,1643.3800048828125,3371990000,False,False,0.01274991452694569,False
2013-06-10,1644.6700439453125,1648.68994140625,1639.260009765625,1642.81005859375,1642.81005859375,2978730000,False,False,-0.0003468736036370341,False
2013-06-11,1638.6400146484375,1640.1300048828125,1622.9200439453125,1626.1300048828125,1626.1300048828125,3435710000,False,False,-0.01020526418482108,False
2013-06-12,1629.93994140625,1637.7099609375,1610.9200439453125,1612.52001953125,1612.52001953125,3202550000,False,False,-0.008404776908050976,False
2013-06-13,1612.1500244140625,1639.25,1608.0699462890625,1636.3599853515625,1636.3599853515625,3378620000,False,False,0.014676069097359318,False
2013-06-14,1635.52001953125,1640.800048828125,1623.9599609375,1626.72998046875,1626.72998046875,2939400000,False,False,-0.005902401062457968,False
2013-06-17,1630.6400146484375,1646.5,1630.3399658203125,1639.0400390625,1639.0400390625,3137080000,False,False,0.007538875562714677,False
2013-06-18,1639.77001953125,1654.18994140625,1639.77001953125,1651.81005859375,1651.81005859375,3120980000,False,False,0.0077609634287832945,False
2013-06-19,1651.8299560546875,1652.449951171875,1628.9100341796875,1628.9300537109375,1628.9300537109375,3545060000,False,False,-0.013948301328481997,False
2013-06-20,1624.6199951171875,1624.6199951171875,1584.3199462890625,1588.18994140625,1588.18994140625,4858850000,False,False,-0.02532842439229829,False
2013-06-21,1588.6199951171875,1599.18994140625,1577.699951171875,1592.4300537109375,1592.4300537109375,5797280000,False,False,0.002666219053525561,False
2013-06-24,1588.77001953125,1588.77001953125,1560.3299560546875,1573.0899658203125,1573.0899658203125,4733660000,False,False,-0.01221936895962692,False
2013-06-25,1577.52001953125,1593.7900390625,1577.0899658203125,1588.030029296875,1588.030029296875,3761170000,False,False,0.009452456559302368,False
2013-06-26,1592.27001953125,1606.8299560546875,1592.27001953125,1603.260009765625,1603.260009765625,3558340000,False,False,0.009544789666190033,False
2013-06-27,1606.43994140625,1620.0699462890625,1606.43994140625,1613.199951171875,1613.199951171875,3364540000,False,False,0.006180691300296602,False
2013-06-28,1611.1199951171875,1615.93994140625,1601.06005859375,1606.280029296875,1606.280029296875,4977190000,False,False,-0.004298788980467904,False
2013-07-01,1609.780029296875,1626.6099853515625,1609.780029296875,1614.9599609375,1614.9599609375,3104690000,False,False,0.005389199609389811,False
2013-07-02,1614.2900390625,1624.260009765625,1606.77001953125,1614.0799560546875,1614.0799560546875,3317130000,False,False,-0.0005450566900508968,False
2013-07-03,1611.47998046875,1618.969970703125,1604.5699462890625,1615.4100341796875,1615.4100341796875,1966050000,False,False,0.0008237078945754475,False
2013-07-05,1618.6500244140625,1632.0699462890625,1614.7099609375,1631.8900146484375,1631.8900146484375,2634140000,False,False,0.010150045703225963,False
2013-07-08,1634.199951171875,1644.6800537109375,1634.199951171875,1640.4599609375,1640.4599609375,3514590000,False,False,0.00523780521383603,False
2013-07-09,1642.8900146484375,1654.1800537109375,1642.8900146484375,1652.3199462890625,1652.3199462890625,3155360000,False,False,0.007203661934863007,False
2013-07-10,1651.56005859375,1657.9200439453125,1647.6600341796875,1652.6199951171875,1652.6199951171875,3011010000,False,False,0.00018157596462801376,False
2013-07-11,1657.4100341796875,1676.6300048828125,1657.4100341796875,1675.02001953125,1675.02001953125,3446340000,False,False,0.013463212765353812,False
2013-07-12,1675.260009765625,1680.18994140625,1672.3299560546875,1680.18994140625,1680.18994140625,3039070000,False,False,0.0030817302206288433,False
2013-07-15,1679.5899658203125,1684.510009765625,1677.8900146484375,1682.5,1682.5,2623200000,False,False,0.0013739351515561534,False
2013-07-16,1682.699951171875,1683.72998046875,1671.8399658203125,1676.260009765625,1676.260009765625,3081710000,False,False,-0.0037156554177069927,False
2013-07-17,1677.9100341796875,1684.75,1677.9100341796875,1680.9100341796875,1680.9100341796875,3153440000,False,False,0.0027702066483981415,False
2013-07-18,1681.050048828125,1693.1199951171875,1681.050048828125,1689.3699951171875,1689.3699951171875,3452370000,False,False,0.0050203417120067255,False
2013-07-19,1686.1500244140625,1692.0899658203125,1684.0799560546875,1692.0899658203125,1692.0899658203125,3302580000,False,False,0.0016087555796456545,False
2013-07-22,1694.4100341796875,1697.6099853515625,1690.6700439453125,1695.530029296875,1695.530029296875,2779130000,False,False,0.0020309625424268186,False
2013-07-23,1696.6300048828125,1698.780029296875,1691.1300048828125,1692.3900146484375,1692.3900146484375,3096180000,False,False,-0.0018536538683364202,False
2013-07-24,1696.06005859375,1698.3800048828125,1682.5699462890625,1685.93994140625,1685.93994140625,3336120000,False,False,-0.0038185027297184216,False
2013-07-25,1685.2099609375,1690.93994140625,1680.0699462890625,1690.25,1690.25,3322500000,False,False,0.002553209985188819,False
2013-07-26,1687.31005859375,1691.8499755859375,1676.030029296875,1691.6500244140625,1691.6500244140625,2762770000,False,False,0.0008279514379092263,False
2013-07-29,1690.3199462890625,1690.9200439453125,1681.8599853515625,1685.3299560546875,1685.3299560546875,2840520000,False,False,-0.0037430341753677174,False
2013-07-30,1687.9200439453125,1693.18994140625,1682.4200439453125,1685.9599609375,1685.9599609375,3320530000,False,False,0.00037374708533409457,False
2013-07-31,1687.760009765625,1698.4300537109375,1684.93994140625,1685.72998046875,1685.72998046875,3847390000,False,False,-0.0001364185159984208,False
2013-08-01,1689.4200439453125,1707.8499755859375,1689.4200439453125,1706.8699951171875,1706.8699951171875,3775170000,False,False,0.012462588230416578,False
2013-08-02,1706.0999755859375,1709.6700439453125,1700.6800537109375,1709.6700439453125,1709.6700439453125,3136630000,False,False,0.0016391140879470276,False
2013-08-05,1708.010009765625,1709.239990234375,1703.550048828125,1707.1400146484375,1707.1400146484375,2529300000,False,False,-0.0014809308775636419,False
2013-08-06,1705.7900390625,1705.7900390625,1693.2900390625,1697.3699951171875,1697.3699951171875,3141210000,False,False,-0.00573947283055402,False
2013-08-07,1695.300048828125,1695.300048828125,1684.9100341796875,1690.9100341796875,1690.9100341796875,3010230000,False,False,-0.0038131256619417632,False
2013-08-08,1693.3499755859375,1700.1800537109375,1688.3800048828125,1697.47998046875,1697.47998046875,3271660000,False,False,0.0038779210740465357,False
2013-08-09,1696.0999755859375,1699.4200439453125,1686.02001953125,1691.4200439453125,1691.4200439453125,2957670000,False,False,-0.0035763480414268737,False
2013-08-12,1688.3699951171875,1691.489990234375,1683.3499755859375,1689.469970703125,1689.469970703125,2789160000,False,False,-0.0011535858605248943,False
2013-08-13,1690.6500244140625,1696.81005859375,1682.6199951171875,1694.1600341796875,1694.1600341796875,3035560000,False,False,0.002772210007268357,False
2013-08-14,1693.8800048828125,1695.52001953125,1684.8299560546875,1685.3900146484375,1685.3900146484375,2871430000,False,False,-0.005190063227858108,False
2013-08-15,1679.6099853515625,1679.6099853515625,1658.5899658203125,1661.3199462890625,1661.3199462890625,3426690000,False,False,-0.014384564947961866,False
2013-08-16,1661.219970703125,1663.5999755859375,1652.6099853515625,1655.8299560546875,1655.8299560546875,3211450000,False,False,-0.003310067623478068,False
2013-08-19,1655.25,1659.1800537109375,1645.8399658203125,1646.06005859375,1646.06005859375,2904530000,False,False,-0.005917777957153822,False
2013-08-20,1646.81005859375,1658.9200439453125,1646.0799560546875,1652.3499755859375,1652.3499755859375,2994090000,False,False,0.0038139130983711445,False
2013-08-21,1650.6600341796875,1656.989990234375,1639.4300537109375,1642.800048828125,1642.800048828125,2932180000,False,False,-0.005796369467346862,False
2013-08-22,1645.030029296875,1659.550048828125,1645.030029296875,1656.9599609375,1656.9599609375,2537460000,False,False,0.008582441743413965,False
2013-08-23,1659.9200439453125,1664.8499755859375,1654.81005859375,1663.5,1663.5,2582670000,False,False,0.00393924191021318,False
2013-08-26,1664.2900390625,1669.510009765625,1656.02001953125,1656.780029296875,1656.780029296875,2430670000,False,False,-0.004047839230058562,False
2013-08-27,1652.5400390625,1652.5400390625,1629.050048828125,1630.47998046875,1630.47998046875,3219190000,False,False,-0.01600153922918335,False
2013-08-28,1630.25,1641.1800537109375,1627.469970703125,1634.9599609375,1634.9599609375,2784010000,False,False,0.0027438773089689754,False
2013-08-29,1633.5,1646.4100341796875,1630.8800048828125,1638.1700439453125,1638.1700439453125,2527550000,False,False,0.0019614766490956537,False
2013-08-30,1638.8900146484375,1640.0799560546875,1628.050048828125,1632.969970703125,1632.969970703125,2734300000,False,False,-0.0031793671926351754,False
2013-09-03,1635.949951171875,1651.3499755859375,1633.4100341796875,1639.77001953125,1639.77001953125,3731610000,False,False,0.004155575226959593,False
2013-09-04,1640.719970703125,1655.719970703125,1637.4100341796875,1653.0799560546875,1653.0799560546875,3312150000,False,False,0.008084187928560308,False
2013-09-05,1653.280029296875,1659.1700439453125,1653.0699462890625,1655.0799560546875,1655.0799560546875,2957110000,False,False,0.0012091315394673384,False
2013-09-06,1657.43994140625,1664.8299560546875,1640.6199951171875,1655.1700439453125,1655.1700439453125,3123880000,False,False,5.442965978223178e-05,False
2013-09-09,1656.8499755859375,1672.4000244140625,1656.8499755859375,1671.7099609375,1671.7099609375,3102780000,False,False,0.009943282138970118,False
2013-09-10,1675.1099853515625,1684.0899658203125,1675.1099853515625,1683.989990234375,1683.989990234375,3691800000,False,False,0.007318940484802409,False
2013-09-11,1681.0400390625,1689.1300048828125,1678.699951171875,1689.1300048828125,1689.1300048828125,3135460000,False,False,0.0030476346138184848,False
2013-09-12,1689.2099609375,1689.969970703125,1681.9599609375,1683.4200439453125,1683.4200439453125,3106290000,False,False,-0.0033861418278017777,False
2013-09-13,1685.0400390625,1688.72998046875,1682.219970703125,1687.989990234375,1687.989990234375,2736500000,False,False,0.002711001653103429,False
2013-09-16,1691.699951171875,1704.949951171875,1691.699951171875,1697.5999755859375,1697.5999755859375,3079800000,False,False,0.005677008295820802,False
2013-09-17,1697.72998046875,1705.52001953125,1697.72998046875,1704.760009765625,1704.760009765625,2774240000,False,False,0.00420886959655227,False
2013-09-18,1705.739990234375,1729.43994140625,1700.3499755859375,1725.52001953125,1725.52001953125,3989760000,False,False,0.012104121558415792,False
2013-09-19,1727.3399658203125,1729.8599853515625,1720.199951171875,1722.3399658203125,1722.3399658203125,3740130000,False,False,-0.0018446541484815583,False
2013-09-20,1722.43994140625,1725.22998046875,1708.8900146484375,1709.9100341796875,1709.9100341796875,5074030000,False,False,-0.007243053962847499,False
2013-09-23,1711.43994140625,1711.43994140625,1697.0999755859375,1701.8399658203125,1701.8399658203125,3126950000,False,False,-0.004730758941951058,False
2013-09-24,1702.5999755859375,1707.6300048828125,1694.9000244140625,1697.4200439453125,1697.4200439453125,3268930000,False,False,-0.002600521497731875,False
2013-09-25,1698.02001953125,1701.7099609375,1691.8800048828125,1692.77001953125,1692.77001953125,3148730000,False,False,-0.0027432251543777135,False
2013-09-26,1694.050048828125,1703.8499755859375,1693.1099853515625,1698.6700439453125,1698.6700439453125,2813930000,False,False,0.0034793658479979504,False
2013-09-27,1695.52001953125,1695.52001953125,1687.1099853515625,1691.75,1691.75,2951700000,False,False,-0.004082121663443529,False
2013-09-30,1687.260009765625,1687.260009765625,1674.989990234375,1681.550048828125,1681.550048828125,3308630000,False,False,-0.006047479981190951,False
2013-10-01,1682.4100341796875,1696.550048828125,1682.0699462890625,1695.0,1695.0,3238690000,False,False,0.007966724683406784,False
2013-10-02,1691.9000244140625,1693.8699951171875,1680.3399658203125,1693.8699951171875,1693.8699951171875,3148600000,False,False,-0.0006668918703408628,False
2013-10-03,1692.3499755859375,1692.3499755859375,1670.3599853515625,1678.6600341796875,1678.6600341796875,3279650000,False,False,-0.009019972500552986,False
2013-10-04,1678.7900390625,1691.93994140625,1677.3299560546875,1690.5,1690.5,2880270000,False,False,0.007028466704283861,False
2013-10-07,1687.1500244140625,1687.1500244140625,1674.699951171875,1676.1199951171875,1676.1199951171875,2678490000,False,False,-0.008542747536819599,False
2013-10-08,1676.219970703125,1676.7900390625,1655.030029296875,1655.449951171875,1655.449951171875,3569230000,False,False,-0.012408749931083476,False
2013-10-09,1656.989990234375,1662.469970703125,1646.469970703125,1656.4000244140625,1656.4000244140625,3577840000,False,False,0.0005737417306057981,False
2013-10-10,1660.8800048828125,1692.56005859375,1660.8800048828125,1692.56005859375,1692.56005859375,3362300000,False,False,0.021595622882836497,False
2013-10-11,1691.0899658203125,1703.43994140625,1688.52001953125,1703.199951171875,1703.199951171875,2944670000,False,False,0.006266595617327234,False
2013-10-14,1699.8599853515625,1711.030029296875,1692.1300048828125,1710.1400146484375,1710.1400146484375,2580580000,False,False,0.004066441145288558,False
2013-10-15,1709.1700439453125,1711.5699462890625,1695.9300537109375,1698.06005859375,1698.06005859375,3327740000,False,False,-0.007088789613758755,False
2013-10-16,1700.489990234375,1721.760009765625,1700.489990234375,1721.5400390625,1721.5400390625,3486180000,False,False,0.013732804307132302,False
2013-10-17,1720.1700439453125,1733.449951171875,1714.1199951171875,1733.1500244140625,1733.1500244140625,3453590000,False,False,0.0067213144137370845,False
2013-10-18,1736.719970703125,1745.31005859375,1735.739990234375,1744.5,1744.5,3664890000,False,False,0.00652740546362272,False
2013-10-21,1745.199951171875,1747.7900390625,1740.6700439453125,1744.6600341796875,1744.6600341796875,3052710000,False,False,9.173220960465485e-05,False
2013-10-22,1746.47998046875,1759.3299560546875,1746.47998046875,1754.6700439453125,1754.6700439453125,3850840000,False,False,0.005721116239627231,False
2013-10-23,1752.27001953125,1752.27001953125,1740.5,1746.3800048828125,1746.3800048828125,3713380000,False,False,-0.004735753240036749,False
2013-10-24,1747.47998046875,1753.93994140625,1745.5,1752.0699462890625,1752.0699462890625,3671700000,False,False,0.003252838544355574,False
2013-10-25,1756.010009765625,1759.8199462890625,1752.449951171875,1759.77001953125,1759.77001953125,3175720000,False,False,0.0043852143927746775,False
2013-10-28,1759.4200439453125,1764.989990234375,1757.6700439453125,1762.1099853515625,1762.1099853515625,3282300000,False,False,0.0013288165192369688,False
2013-10-29,1762.9300537109375,1772.0899658203125,1762.9300537109375,1771.949951171875,1771.949951171875,3358460000,False,False,0.0055686612140941685,False
2013-10-30,1772.27001953125,1775.219970703125,1757.239990234375,1763.31005859375,1763.31005859375,3523040000,False,False,-0.0048878496945693045,False
2013-10-31,1763.239990234375,1768.530029296875,1755.719970703125,1756.5400390625,1756.5400390625,3826530000,False,False,-0.003846770567938354,False
2013-11-01,1758.699951171875,1765.6700439453125,1752.699951171875,1761.6400146484375,1761.6400146484375,3686290000,False,False,0.0028992144122096126,False
2013-11-04,1763.4000244140625,1768.780029296875,1761.56005859375,1767.9300537109375,1767.9300537109375,3194870000,False,False,0.0035641993780981683,False
2013-11-05,1765.6700439453125,1767.030029296875,1755.760009765625,1762.969970703125,1762.969970703125,3516680000,False,False,-0.0028095308483402836,False
2013-11-06,1765.0,1773.739990234375,1764.4000244140625,1770.489990234375,1770.489990234375,3322100000,False,False,0.004256468712287575,False
2013-11-07,1770.739990234375,1774.5400390625,1746.199951171875,1747.1500244140625,1747.1500244140625,4143200000,False,False,-0.013270435999594777,False
2013-11-08,1748.3699951171875,1770.780029296875,1747.6300048828125,1770.6099853515625,1770.6099853515625,3837170000,False,False,0.013338208792264144,False
2013-11-11,1769.9599609375,1773.43994140625,1767.8499755859375,1771.8900146484375,1771.8900146484375,2534060000,False,False,0.0007226700649729084,False
2013-11-12,1769.510009765625,1771.780029296875,1762.2900390625,1767.68994140625,1767.68994140625,3221030000,False,False,-0.002373205445619954,False
2013-11-13,1764.3699951171875,1782.0,1760.6400146484375,1782.0,1782.0,3327480000,False,False,0.008062752720499361,False
2013-11-14,1782.75,1791.530029296875,1780.219970703125,1790.6199951171875,1790.6199951171875,3139060000,False,False,0.004825596820450657,False
2013-11-15,1790.6600341796875,1798.219970703125,1790.6600341796875,1798.1800537109375,1798.1800537109375,3254820000,False,False,0.004213146273881077,False
2013-11-18,1798.8199462890625,1802.3299560546875,1788.0,1791.530029296875,1791.530029296875,3168520000,False,False,-0.0037050524235046974,False
2013-11-19,1790.7900390625,1795.510009765625,1784.719970703125,1787.8699951171875,1787.8699951171875,3224450000,False,False,-0.0020450552776006604,False
2013-11-20,1789.5899658203125,1795.72998046875,1777.22998046875,1781.3699951171875,1781.3699951171875,3109140000,False,False,-0.003642235996161311,False
2013-11-21,1783.52001953125,1797.1600341796875,1783.52001953125,1795.8499755859375,1795.8499755859375,3256630000,False,False,0.0080957054207559,False
2013-11-22,1797.2099609375,1804.8399658203125,1794.699951171875,1804.760009765625,1804.760009765625,3055140000,False,False,0.0049491905000291735,False
2013-11-25,1806.3299560546875,1808.0999755859375,1800.5799560546875,1802.47998046875,1802.47998046875,2998540000,False,False,-0.0012641407872397545,False
2013-11-26,1802.8699951171875,1808.4200439453125,1800.77001953125,1802.75,1802.75,3427120000,False,False,0.00014979323550383503,False
2013-11-27,1803.47998046875,1808.27001953125,1802.77001953125,1807.22998046875,1807.22998046875,2613590000,False,False,0.002481998677460743,False
2013-11-29,1808.68994140625,1813.550048828125,1803.97998046875,1805.81005859375,1805.81005859375,1598300000,False,False,-0.0007859984571164318,False
2013-12-02,1806.550048828125,1810.02001953125,1798.5999755859375,1800.9000244140625,1800.9000244140625,3095430000,False,False,-0.002722723534716429,False
2013-12-03,1800.0999755859375,1800.0999755859375,1787.8499755859375,1795.1500244140625,1795.1500244140625,3475680000,False,False,-0.0031979559918936147,False
2013-12-04,1793.1500244140625,1799.800048828125,1779.0899658203125,1792.81005859375,1792.81005859375,3610540000,False,False,-0.0013043434697867973,False
2013-12-05,1792.8199462890625,1792.8199462890625,1783.3800048828125,1785.030029296875,1785.030029296875,3336880000,False,False,-0.004349015813080098,False
2013-12-06,1788.3599853515625,1806.0400390625,1788.3599853515625,1805.0899658203125,1805.0899658203125,3150030000,False,False,0.011175194876875877,False
2013-12-09,1806.2099609375,1811.52001953125,1806.2099609375,1808.3699951171875,1808.3699951171875,3129500000,False,False,0.0018154512479509814,False
2013-12-10,1807.5999755859375,1808.52001953125,1801.75,1802.6199951171875,1802.6199951171875,3117150000,False,False,-0.0031847248956570497,False
2013-12-11,1802.760009765625,1802.969970703125,1780.0899658203125,1782.219970703125,1782.219970703125,3472240000,False,False,-0.011381397674606988,False
2013-12-12,1781.7099609375,1782.989990234375,1772.280029296875,1775.5,1775.5,3306640000,False,False,-0.0037776883791563434,False
2013-12-13,1777.97998046875,1780.9200439453125,1772.449951171875,1775.3199462890625,1775.3199462890625,3061070000,False,False,-0.00010141528650587885,False
2013-12-16,1777.47998046875,1792.219970703125,1777.47998046875,1786.5400390625,1786.5400390625,3209890000,False,False,0.006300152129396221,False
2013-12-17,1786.469970703125,1786.77001953125,1777.050048828125,1781.0,1781.0,3270030000,False,False,-0.0031058059363714124,False
2013-12-18,1781.4599609375,1811.0799560546875,1767.989990234375,1810.6500244140625,1810.6500244140625,4327770000,False,False,0.01651090600917418,False
2013-12-19,1809.0,1810.8800048828125,1801.3499755859375,1809.5999755859375,1809.5999755859375,3497210000,False,False,-0.0005800974283937316,False
2013-12-20,1810.3900146484375,1823.75,1810.25,1818.3199462890625,1818.3199462890625,5097700000,False,False,0.004807155440690711,False
2013-12-23,1822.9200439453125,1829.75,1822.9200439453125,1827.989990234375,1827.989990234375,2851540000,False,False,0.0053040288862060605,False
2013-12-24,1828.02001953125,1833.3199462890625,1828.02001953125,1833.3199462890625,1833.3199462890625,1307630000,False,False,0.002911504304306033,False
2013-12-26,1834.9599609375,1842.8399658203125,1834.9599609375,1842.02001953125,1842.02001953125,1982270000,False,False,0.004734304621132077,False
2013-12-27,1842.969970703125,1844.8900146484375,1839.81005859375,1841.4000244140625,1841.4000244140625,2052920000,False,False,-0.0003366410106074713,False
2013-12-30,1841.469970703125,1842.469970703125,1838.77001953125,1841.0699462890625,1841.0699462890625,2293860000,False,False,-0.00017926996201467877,False
2013-12-31,1842.6099853515625,1849.43994140625,1842.4100341796875,1848.3599853515625,1848.3599853515625,2312840000,False,False,0.003951856349111548,False
2014-01-02,1845.8599853515625,1845.8599853515625,1827.739990234375,1831.97998046875,1831.97998046875,3080600000,False,False,-0.008901413016629188,False
2014-01-03,1833.2099609375,1838.239990234375,1829.1300048828125,1831.3699951171875,1831.3699951171875,2774270000,False,False,-0.00033302052016060914,False
2014-01-06,1832.31005859375,1837.1600341796875,1823.72998046875,1826.77001953125,1826.77001953125,3294850000,False,False,-0.0025149272537594355,False
2014-01-07,1828.7099609375,1840.0999755859375,1828.7099609375,1837.8800048828125,1837.8800048828125,3511750000,False,False,0.006063345375391041,False
2014-01-08,1837.9000244140625,1840.02001953125,1831.4000244140625,1837.489990234375,1837.489990234375,3652140000,False,False,-0.0002122315034510835,False
2014-01-09,1839.0,1843.22998046875,1830.3800048828125,1838.1300048828125,1838.1300048828125,3581150000,False,False,0.0003482485435141758,False
2014-01-10,1840.06005859375,1843.1500244140625,1832.4300537109375,1842.3699951171875,1842.3699951171875,3335710000,False,False,0.002304030490455301,False
2014-01-13,1841.260009765625,1843.449951171875,1815.52001953125,1819.199951171875,1819.199951171875,3591350000,False,False,-0.012655966458794009,False
2014-01-14,1821.3599853515625,1839.260009765625,1821.3599853515625,1838.8800048828125,1838.8800048828125,3353270000,False,False,0.010759876119934082,False
2014-01-15,1840.52001953125,1850.8399658203125,1840.52001953125,1848.3800048828125,1848.3800048828125,3777800000,False,False,0.005152889134682223,False
2014-01-16,1847.989990234375,1847.989990234375,1840.300048828125,1845.8900146484375,1845.8900146484375,3491310000,False,False,-0.0013480284864258142,False
2014-01-17,1844.22998046875,1846.0400390625,1835.22998046875,1838.699951171875,1838.699951171875,3626120000,False,False,-0.0039027803200150837,False
2014-01-21,1841.050048828125,1849.31005859375,1832.3800048828125,1843.800048828125,1843.800048828125,3782470000,False,False,0.0027699122428176707,False
2014-01-22,1844.7099609375,1846.8699951171875,1840.8800048828125,1844.8599853515625,1844.8599853515625,3374170000,False,False,0.0005747000497681626,False
2014-01-23,1842.2900390625,1842.2900390625,1820.06005859375,1828.4599609375,1828.4599609375,3972250000,False,False,-0.00892932476457093,False
2014-01-24,1826.9599609375,1826.9599609375,1790.2900390625,1790.2900390625,1790.2900390625,4618450000,False,False,-0.02109642142734084,False
2014-01-27,1791.030029296875,1795.97998046875,1772.8800048828125,1781.56005859375,1781.56005859375,4045200000,False,False,-0.004888221853339347,False
2014-01-28,1783.0,1793.8699951171875,1779.489990234375,1792.5,1792.5,3437830000,False,False,0.006121875622432071,False
2014-01-29,1790.1500244140625,1790.1500244140625,1770.449951171875,1774.199951171875,1774.199951171875,3964020000,False,False,-0.01026170390849596,False
2014-01-30,1777.1700439453125,1798.77001953125,1777.1700439453125,1794.18994140625,1794.18994140625,3547510000,False,False,0.011204044372218206,False
2014-01-31,1790.8800048828125,1793.8800048828125,1772.260009765625,1782.5899658203125,1782.5899658203125,4059690000,False,False,-0.006486290214250376,False
2014-02-03,1782.6800537109375,1784.8299560546875,1739.6600341796875,1741.8900146484375,1741.8900146484375,4726040000,False,False,-0.023096604704486576,False
2014-02-04,1743.8199462890625,1758.72998046875,1743.8199462890625,1755.199951171875,1755.199951171875,4068410000,False,False,0.007612043683081426,False
2014-02-05,1753.3800048828125,1755.7900390625,1737.9200439453125,1751.6400146484375,1751.6400146484375,3984290000,False,False,-0.0020302824086565886,False
2014-02-06,1752.989990234375,1774.06005859375,1752.989990234375,1773.4300537109375,1773.4300537109375,3825410000,False,False,0.012363054453375717,False
2014-02-07,1776.010009765625,1798.030029296875,1776.010009765625,1797.02001953125,1797.02001953125,3775990000,False,False,0.013214193504296921,False
2014-02-10,1796.199951171875,1799.93994140625,1791.8299560546875,1799.8399658203125,1799.8399658203125,3312160000,False,False,0.0015680048032540356,False
2014-02-11,1800.449951171875,1823.5400390625,1800.4100341796875,1819.75,1819.75,3699380000,False,False,0.011001375944254965,False
2014-02-12,1820.1199951171875,1826.550048828125,1815.969970703125,1819.260009765625,1819.260009765625,3326380000,False,False,-0.00026929864772088686,False
2014-02-13,1814.8199462890625,1830.25,1809.219970703125,1829.8299560546875,1829.8299560546875,3289510000,False,False,0.005793211978776681,False
2014-02-14,1828.4599609375,1841.6500244140625,1825.5899658203125,1838.6300048828125,1838.6300048828125,3114750000,False,False,0.004797689385548304,False
2014-02-18,1839.030029296875,1842.8699951171875,1835.010009765625,1840.760009765625,1840.760009765625,3421110000,False,False,0.0011578033925587676,False
2014-02-19,1838.9000244140625,1847.5,1826.989990234375,1828.75,1828.75,3661570000,False,False,-0.0065458617731959995,False
2014-02-20,1829.239990234375,1842.7900390625,1824.5799560546875,1839.780029296875,1839.780029296875,3404980000,False,False,0.006013341826934013,False
2014-02-21,1841.0699462890625,1846.1300048828125,1835.5999755859375,1836.25,1836.25,3403880000,False,False,-0.0019205666731810659,False
2014-02-24,1836.780029296875,1858.7099609375,1836.780029296875,1847.6099853515625,1847.6099853515625,4014530000,False,False,0.006167455552331448,False
2014-02-25,1847.6600341796875,1852.9100341796875,1840.18994140625,1845.1199951171875,1845.1199951171875,3515560000,False,False,-0.0013485906767746498,False
2014-02-26,1845.7900390625,1852.6500244140625,1840.6600341796875,1845.1600341796875,1845.1600341796875,3716730000,False,False,2.1699742124629578e-05,False
2014-02-27,1844.9000244140625,1854.530029296875,1841.1300048828125,1854.2900390625,1854.2900390625,3547460000,False,False,0.004935881408416543,False
2014-02-28,1855.1199951171875,1867.9200439453125,1847.6700439453125,1859.449951171875,1859.449951171875,3917450000,False,False,0.0027788242813380905,False
2014-03-03,1857.6800537109375,1857.6800537109375,1834.43994140625,1845.72998046875,1845.72998046875,3428220000,False,False,-0.007405866200454787,False
2014-03-04,1849.22998046875,1876.22998046875,1849.22998046875,1873.9100341796875,1873.9100341796875,3765770000,False,False,0.015152322676141788,False
2014-03-05,1874.050048828125,1876.530029296875,1871.1099853515625,1873.81005859375,1873.81005859375,3392990000,False,False,-5.335274966455346e-05,False
2014-03-06,1874.1800537109375,1881.93994140625,1874.1800537109375,1877.030029296875,1877.030029296875,3360450000,False,False,0.0017169334968570882,False
2014-03-07,1878.52001953125,1883.5699462890625,1870.56005859375,1878.0400390625,1878.0400390625,3564740000,False,False,0.0005379445771157059,False
2014-03-10,1877.8599853515625,1877.8699951171875,1867.0400390625,1877.1700439453125,1877.1700439453125,3021350000,False,False,-0.0004633536412194934,False
2014-03-11,1878.260009765625,1882.3499755859375,1863.8800048828125,1867.6300048828125,1867.6300048828125,3392400000,False,False,-0.005095096975215844,False
2014-03-12,1866.1500244140625,1868.3800048828125,1854.3800048828125,1868.199951171875,1868.199951171875,3270860000,False,False,0.0003051243232100062,False
2014-03-13,1869.06005859375,1874.4000244140625,1841.8599853515625,1846.3399658203125,1846.3399658203125,3670990000,False,False,-0.011770091695883623,False
2014-03-14,1845.0699462890625,1852.43994140625,1839.5699462890625,1841.1300048828125,1841.1300048828125,3285460000,False,False,-0.002825766417445165,False
2014-03-17,1842.81005859375,1862.300048828125,1842.81005859375,1858.8299560546875,1858.8299560546875,2860490000,False,False,0.009567717695038962,False
2014-03-18,1858.9200439453125,1873.760009765625,1858.9200439453125,1872.25,1872.25,2930190000,False,False,0.0071936822454731885,False
2014-03-19,1872.25,1874.1400146484375,1850.3499755859375,1860.77001953125,1860.77001953125,3289210000,False,False,-0.006150525096734505,False
2014-03-20,1860.0899658203125,1873.489990234375,1854.6300048828125,1872.010009765625,1872.010009765625,3327540000,False,False,0.0060223340875217475,False
2014-03-21,1874.530029296875,1883.969970703125,1863.4599609375,1866.52001953125,1866.52001953125,5270710000,False,False,-0.002936980116608755,False
2014-03-24,1867.6700439453125,1873.3399658203125,1849.68994140625,1857.43994140625,1857.43994140625,3409000000,False,False,-0.004876580959363224,False
2014-03-25,1859.47998046875,1871.8699951171875,1855.9599609375,1865.6199951171875,1865.6199951171875,3200560000,False,False,0.0043942708488222335,False
2014-03-26,1867.0899658203125,1875.9200439453125,1852.56005859375,1852.56005859375,1852.56005859375,3480850000,False,False,-0.007024936954876045,False
2014-03-27,1852.1099853515625,1855.550048828125,1842.1099853515625,1849.0400390625,1849.0400390625,3733430000,False,False,-0.0019018913439770551,False
2014-03-28,1850.0699462890625,1866.6300048828125,1850.0699462890625,1857.6199951171875,1857.6199951171875,2955520000,False,False,0.004629489243409657,False
2014-03-31,1859.1600341796875,1875.1800537109375,1859.1600341796875,1872.3399658203125,1872.3399658203125,3274300000,False,False,0.007892871384796676,False
2014-04-01,1873.9599609375,1885.8399658203125,1873.9599609375,1885.52001953125,1885.52001953125,3336190000,False,False,0.007014688044213445,False
2014-04-02,1886.6099853515625,1893.1700439453125,1883.7900390625,1890.9000244140625,1890.9000244140625,3131660000,False,False,0.0028492638318384613,False
2014-04-03,1891.4300537109375,1893.800048828125,1882.6500244140625,1888.77001953125,1888.77001953125,3055600000,False,False,-0.0011270852130106552,False
2014-04-04,1890.25,1897.280029296875,1863.260009765625,1865.0899658203125,1865.0899658203125,3583750000,False,False,-0.012616542925313997,False
2014-04-07,1863.9200439453125,1864.0400390625,1841.47998046875,1845.0400390625,1845.0400390625,3801540000,False,False,-0.010808312332149784,False
2014-04-08,1845.47998046875,1854.949951171875,1837.489990234375,1851.9599609375,1851.9599609375,3721450000,False,False,0.0037435379801772804,False
2014-04-09,1852.6400146484375,1872.4300537109375,1852.3800048828125,1872.1800537109375,1872.1800537109375,3308650000,False,False,0.010859039341965573,False
2014-04-10,1872.280029296875,1872.530029296875,1830.8699951171875,1833.0799560546875,1833.0799560546875,3758780000,False,False,-0.02110596773738724,False
2014-04-11,1830.6500244140625,1835.0699462890625,1814.3599853515625,1815.68994140625,1815.68994140625,3743460000,False,False,-0.009532059739897396,False
2014-04-14,1818.1800537109375,1834.18994140625,1815.800048828125,1830.6099853515625,1830.6099853515625,3111540000,False,False,0.008183708150740607,False
2014-04-15,1831.449951171875,1844.02001953125,1816.2900390625,1842.97998046875,1842.97998046875,3736440000,False,False,0.006734579517703411,False
2014-04-16,1846.010009765625,1862.31005859375,1846.010009765625,1862.31005859375,1862.31005859375,3155080000,False,False,0.010433867948766148,False
2014-04-17,1861.72998046875,1869.6300048828125,1856.719970703125,1864.8499755859375,1864.8499755859375,3341430000,False,False,0.0013629237070939353,False
2014-04-21,1865.7900390625,1871.8900146484375,1863.1800537109375,1871.8900146484375,1871.8900146484375,2642500000,False,False,0.003768015655572547,False
2014-04-22,1872.5699462890625,1884.8900146484375,1872.5699462890625,1879.550048828125,1879.550048828125,3215440000,False,False,0.004083788996127826,False
2014-04-23,1879.3199462890625,1879.75,1873.9100341796875,1875.3900146484375,1875.3900146484375,3085720000,False,False,-0.0022157668625220617,False
2014-04-24,1881.969970703125,1884.06005859375,1870.239990234375,1878.6099853515625,1878.6099853515625,3191830000,False,False,0.001715488275330875,False
2014-04-25,1877.719970703125,1877.719970703125,1859.699951171875,1863.4000244140625,1863.4000244140625,3213020000,False,False,-0.008129344743501644,False
2014-04-28,1865.0,1877.010009765625,1850.6099853515625,1869.4300537109375,1869.4300537109375,4034680000,False,False,0.003230811162502344,False
2014-04-29,1870.780029296875,1880.5999755859375,1870.780029296875,1878.3299560546875,1878.3299560546875,3647820000,False,False,0.004749460504633521,False
2014-04-30,1877.0999755859375,1885.199951171875,1872.68994140625,1883.949951171875,1883.949951171875,3779230000,False,False,0.00298754980270127,False
2014-05-01,1884.3900146484375,1888.5899658203125,1878.0400390625,1883.6800537109375,1883.6800537109375,3416740000,False,False,-0.00014327174433229932,False
2014-05-02,1885.300048828125,1891.3299560546875,1878.5,1881.1400146484375,1881.1400146484375,3159560000,False,False,-0.0013493550298709083,False
2014-05-05,1879.449951171875,1885.510009765625,1866.77001953125,1884.6600341796875,1884.6600341796875,2733730000,False,False,0.0018694675823397822,False
2014-05-06,1883.68994140625,1883.68994140625,1867.719970703125,1867.719970703125,1867.719970703125,3327260000,False,False,-0.009029031461991046,False
2014-05-07,1868.530029296875,1878.8299560546875,1859.7900390625,1878.2099609375,1878.2099609375,3632950000,False,False,0.005600754871033284,False
2014-05-08,1877.3900146484375,1889.0699462890625,1870.050048828125,1875.6300048828125,1875.6300048828125,3393420000,False,False,-0.0013745692327864058,False
2014-05-09,1875.27001953125,1878.5699462890625,1867.02001953125,1878.47998046875,1878.47998046875,3025020000,False,False,0.0015183231948788392,False
2014-05-12,1880.030029296875,1897.1300048828125,1880.030029296875,1896.6500244140625,1896.6500244140625,3005740000,False,False,0.009626256172315509,False
2014-05-13,1896.75,1902.1700439453125,1896.06005859375,1897.449951171875,1897.449951171875,2915680000,False,False,0.0004216687882830338,False
2014-05-14,1897.1300048828125,1897.1300048828125,1885.77001953125,1888.530029296875,1888.530029296875,2822060000,False,False,-0.004712089565017091,False
2014-05-15,1888.1600341796875,1888.1600341796875,1862.3599853515625,1870.8499755859375,1870.8499755859375,3552640000,False,False,-0.009405904183934792,False
2014-05-16,1871.18994140625,1878.280029296875,1864.8199462890625,1877.8599853515625,1877.8599853515625,3173650000,False,False,0.0037399628190006033,False
2014-05-19,1876.6600341796875,1886.0,1872.4200439453125,1885.0799560546875,1885.0799560546875,2664250000,False,False,0.003837414189704193,False
2014-05-20,1884.8800048828125,1884.8800048828125,1868.1400146484375,1872.8299560546875,1872.8299560546875,3007700000,False,False,-0.006519604608543308,False
2014-05-21,1873.3399658203125,1888.800048828125,1873.3399658203125,1888.030029296875,1888.030029296875,2777140000,False,False,0.008083340547746922,False
2014-05-22,1888.18994140625,1896.3299560546875,1885.3900146484375,1892.489990234375,1892.489990234375,2759800000,False,False,0.0023594441947138818,False
2014-05-23,1893.3199462890625,1901.260009765625,1893.3199462890625,1900.530029296875,1900.530029296875,2396280000,False,False,0.004239392917884754,False
2014-05-27,1902.010009765625,1912.280029296875,1902.010009765625,1911.9100341796875,1911.9100341796875,2911020000,False,False,0.0059699502115288725,False
2014-05-28,1911.77001953125,1914.4599609375,1907.300048828125,1909.780029296875,1909.780029296875,2976450000,False,False,-0.0011146927500584232,False
2014-05-29,1910.5999755859375,1920.030029296875,1909.8199462890625,1920.030029296875,1920.030029296875,2709050000,False,False,0.005352758657361124,False
2014-05-30,1920.3299560546875,1924.030029296875,1916.6400146484375,1923.5699462890625,1923.5699462890625,3263490000,False,False,0.0018419804431013698,False
2014-06-02,1923.8699951171875,1925.8800048828125,1915.97998046875,1924.969970703125,1924.969970703125,2509020000,False,False,0.0007275613640587,False
2014-06-03,1923.0699462890625,1925.0699462890625,1918.7900390625,1924.239990234375,1924.239990234375,2867180000,False,False,-0.0003792884695348666,False
2014-06-04,1923.06005859375,1928.6300048828125,1918.5999755859375,1927.8800048828125,1927.8800048828125,2793920000,False,False,0.0018898766063629325,False
2014-06-05,1928.52001953125,1941.739990234375,1922.9300537109375,1940.4599609375,1940.4599609375,3113270000,False,False,0.006504082119662981,False
2014-06-06,1942.4100341796875,1949.43994140625,1942.4100341796875,1949.43994140625,1949.43994140625,2864300000,False,False,0.00461708354801898,False
2014-06-09,1948.969970703125,1955.550048828125,1947.1600341796875,1951.27001953125,1951.27001953125,2812180000,False,False,0.0009383308564868176,False
2014-06-10,1950.3399658203125,1950.8599853515625,1944.6400146484375,1950.7900390625,1950.7900390625,2702360000,False,False,-0.0002460138818795375,False
2014-06-11,1949.3699951171875,1949.3699951171875,1940.0799560546875,1943.8900146484375,1943.8900146484375,2710620000,False,False,-0.0035433111516659397,False
2014-06-12,1943.3499755859375,1943.3499755859375,1925.780029296875,1930.1099853515625,1930.1099853515625,3040480000,False,False,-0.00711413908891029,False
2014-06-13,1930.800048828125,1937.300048828125,1927.68994140625,1936.1600341796875,1936.1600341796875,2598230000,False,False,0.0031296591990707602,False
2014-06-16,1934.8399658203125,1941.1500244140625,1930.9100341796875,1937.780029296875,1937.780029296875,2926130000,False,False,0.0008363553307868065,False
2014-06-17,1937.1500244140625,1943.68994140625,1933.550048828125,1941.989990234375,1941.989990234375,2971260000,False,False,0.0021702124448891515,False
2014-06-18,1942.72998046875,1957.739990234375,1939.2900390625,1956.97998046875,1956.97998046875,3065220000,False,False,0.007689243160729406,False
2014-06-19,1957.5,1959.8699951171875,1952.260009765625,1959.47998046875,1959.47998046875,2952150000,False,False,0.001276663295165036,False
2014-06-20,1960.449951171875,1963.9100341796875,1959.1700439453125,1962.8699951171875,1962.8699951171875,4336240000,False,False,0.0017285634956760601,False
2014-06-23,1962.9200439453125,1963.739990234375,1958.8900146484375,1962.6099853515625,1962.6099853515625,2717630000,False,False,-0.0001324728528989271,False
2014-06-24,1961.969970703125,1968.1700439453125,1948.3399658203125,1949.97998046875,1949.97998046875,3089700000,False,False,-0.006456106498617479,False
2014-06-25,1949.27001953125,1960.8299560546875,1947.489990234375,1959.530029296875,1959.530029296875,3106710000,False,False,0.004885557422717193,False
2014-06-26,1959.8900146484375,1959.8900146484375,1944.68994140625,1957.219970703125,1957.219970703125,2778840000,False,False,-0.0011795794276391145,False
2014-06-27,1956.56005859375,1961.469970703125,1952.1800537109375,1960.9599609375,1960.9599609375,4290590000,False,False,0.0019090452380837368,False
2014-06-30,1960.7900390625,1964.239990234375,1958.219970703125,1960.22998046875,1960.22998046875,3037350000,False,False,-0.00037232599700135415,False
2014-07-01,1962.2900390625,1978.5799560546875,1962.2900390625,1973.3199462890625,1973.3199462890625,3188240000,False,False,0.006655572896822518,False
2014-07-02,1973.06005859375,1976.6700439453125,1972.5799560546875,1974.6199951171875,1974.6199951171875,2851480000,False,False,0.0006585960751231936,False
2014-07-03,1975.8800048828125,1985.5899658203125,1975.8800048828125,1985.43994140625,1985.43994140625,1998090000,False,False,0.005464550227672394,False
2014-07-07,1984.219970703125,1984.219970703125,1974.8800048828125,1977.6500244140625,1977.6500244140625,2681260000,False,False,-0.003931239054323629,False
2014-07-08,1976.3900146484375,1976.3900146484375,1959.4599609375,1963.7099609375,1963.7099609375,3302430000,False,False,-0.007073762181680688,False
2014-07-09,1965.0999755859375,1974.1500244140625,1965.0999755859375,1972.8299560546875,1972.8299560546875,2858800000,False,False,0.004633516553259208,False
2014-07-10,1966.6700439453125,1969.8399658203125,1952.8599853515625,1964.6800537109375,1964.6800537109375,3165690000,False,False,-0.004139628324473722,False
2014-07-11,1965.760009765625,1968.6700439453125,1959.6300048828125,1967.5699462890625,1967.5699462890625,2684630000,False,False,0.0014698419980472353,False
2014-07-14,1969.8599853515625,1979.8499755859375,1969.8599853515625,1977.0999755859375,1977.0999755859375,2744920000,False,False,0.004831860726996926,False
2014-07-15,1977.3599853515625,1982.52001953125,1965.3399658203125,1973.280029296875,1973.280029296875,3328740000,False,False,-0.0019339645679456246,False
2014-07-16,1976.3499755859375,1983.93994140625,1975.6700439453125,1981.5699462890625,1981.5699462890625,3390950000,False,False,0.004192285009448555,False
2014-07-17,1979.75,1981.800048828125,1955.5899658203125,1958.1199951171875,1958.1199951171875,3381680000,False,False,-0.011904605927478003,False
2014-07-18,1961.5400390625,1979.9100341796875,1960.8199462890625,1978.219970703125,1978.219970703125,3106060000,False,False,0.010212608899671183,False
2014-07-21,1976.9300537109375,1976.9300537109375,1965.77001953125,1973.6300048828125,1973.6300048828125,2611160000,False,False,-0.002322946423904652,False
2014-07-22,1975.6500244140625,1986.239990234375,1975.6500244140625,1983.530029296875,1983.530029296875,2890480000,False,False,0.005003611167300126,False
2014-07-23,1985.3199462890625,1989.22998046875,1982.43994140625,1987.010009765625,1987.010009765625,2869720000,False,False,0.001752900777012884,False
2014-07-24,1988.0699462890625,1991.3900146484375,1985.7900390625,1987.97998046875,1987.97998046875,3203530000,False,False,0.00048803681255066896,False
2014-07-25,1984.5999755859375,1984.5999755859375,1974.3699951171875,1978.3399658203125,1978.3399658203125,2638960000,False,False,-0.004860946046109087,False
2014-07-28,1978.25,1981.52001953125,1967.31005859375,1978.9100341796875,1978.9100341796875,2803320000,False,False,0.0002881133935528325,False
2014-07-29,1980.030029296875,1984.8499755859375,1969.949951171875,1969.949951171875,1969.949951171875,3183300000,False,False,-0.004538068413714011,False
2014-07-30,1973.2099609375,1978.9000244140625,1962.4200439453125,1970.0699462890625,1970.0699462890625,3448250000,False,False,6.091091941020138e-05,False
2014-07-31,1965.1400146484375,1965.1400146484375,1930.6700439453125,1930.6700439453125,1930.6700439453125,4193000000,False,False,-0.02020193215523012,False
2014-08-01,1929.800048828125,1937.3499755859375,1916.3699951171875,1925.1500244140625,1925.1500244140625,3789660000,False,False,-0.002863216231298331,False
2014-08-04,1926.6199951171875,1942.9200439453125,1921.199951171875,1938.989990234375,1938.989990234375,3072920000,False,False,0.007163314449646609,False
2014-08-05,1936.3399658203125,1936.3399658203125,1913.77001953125,1920.2099609375,1920.2099609375,3462520000,False,False,-0.009732679197336652,False
2014-08-06,1917.2900390625,1927.9100341796875,1911.449951171875,1920.239990234375,1920.239990234375,3539150000,False,False,1.5638426360123552e-05,False
2014-08-07,1923.030029296875,1928.8900146484375,1904.780029296875,1909.5699462890625,1909.5699462890625,3230520000,False,False,-0.005572115446733026,False
2014-08-08,1910.3499755859375,1932.3800048828125,1909.010009765625,1931.5899658203125,1931.5899658203125,2902280000,False,False,0.011465422557972033,False
2014-08-11,1933.4300537109375,1944.9000244140625,1933.4300537109375,1936.9200439453125,1936.9200439453125,2784890000,False,False,0.0027556250258418476,False
2014-08-12,1935.72998046875,1939.6500244140625,1928.2900390625,1933.75,1933.75,2611700000,False,False,-0.0016379823741559415,False
2014-08-13,1935.5999755859375,1948.4100341796875,1935.5999755859375,1946.719970703125,1946.719970703125,2718020000,False,False,0.006684767102510805,False
2014-08-14,1947.4100341796875,1955.22998046875,1947.4100341796875,1955.1800537109375,1955.1800537109375,2609460000,False,False,0.004336398273697699,False
2014-08-15,1958.8699951171875,1964.0400390625,1941.5,1955.06005859375,1955.06005859375,3023380000,False,False,-6.137480757126603e-05,False
2014-08-18,1958.3599853515625,1971.989990234375,1958.3599853515625,1971.739990234375,1971.739990234375,2638160000,False,False,0.0084954832196601,False
2014-08-19,1972.72998046875,1982.5699462890625,1972.72998046875,1981.5999755859375,1981.5999755859375,2656430000,False,False,0.004988190179197795,False
2014-08-20,1980.4599609375,1988.5699462890625,1977.6800537109375,1986.510009765625,1986.510009765625,2579560000,False,False,0.0024747482825436223,False
2014-08-21,1986.8199462890625,1994.760009765625,1986.8199462890625,1992.3699951171875,1992.3699951171875,2638920000,False,False,0.002945547280270624,False
2014-08-22,1992.5999755859375,1993.5400390625,1984.760009765625,1988.4000244140625,1988.4000244140625,2301860000,False,False,-0.0019945749188226202,False
2014-08-25,1991.739990234375,2001.949951171875,1991.739990234375,1997.9200439453125,1997.9200439453125,2233880000,False,False,0.004776353863603847,False
2014-08-26,1998.5899658203125,2005.0400390625,1998.5899658203125,2000.02001953125,2000.02001953125,2451950000,False,False,0.0010505288952435787,False
2014-08-27,2000.5400390625,2002.1400146484375,1996.199951171875,2000.1199951171875,2000.1199951171875,2344350000,False,False,4.998604328455613e-05,False
2014-08-28,1997.4200439453125,1998.550048828125,1990.52001953125,1996.739990234375,1996.739990234375,2282400000,False,False,-0.0016913305449461642,False
2014-08-29,1998.449951171875,2003.3800048828125,1994.6500244140625,2003.3699951171875,2003.3699951171875,2259130000,False,False,0.0033149143290199016,False
2014-09-02,2004.0699462890625,2006.1199951171875,1994.8499755859375,2002.280029296875,2002.280029296875,2819980000,False,False,-0.0005442142177026967,False
2014-09-03,2003.5699462890625,2009.280029296875,1998.1400146484375,2000.719970703125,2000.719970703125,2809980000,False,False,-0.0007794447528015455,False
2014-09-04,2001.6700439453125,2011.1700439453125,1992.5400390625,1997.6500244140625,1997.6500244140625,3072410000,False,False,-0.001535599204712169,False
2014-09-05,1998.0,2007.7099609375,1990.0999755859375,2007.7099609375,2007.7099609375,2818300000,False,False,0.005023247704958486,False
2014-09-08,2007.1700439453125,2007.1700439453125,1995.5999755859375,2001.5400390625,2001.5400390625,2789090000,False,False,-0.003077845854315851,False
2014-09-09,2000.72998046875,2001.010009765625,1984.6099853515625,1988.43994140625,1988.43994140625,2882830000,False,False,-0.006566521532685439,False
2014-09-10,1988.4100341796875,1996.6600341796875,1982.989990234375,1995.68994140625,1995.68994140625,2912430000,False,False,0.0036394436003678032,False
2014-09-11,1992.8499755859375,1997.6500244140625,1985.9300537109375,1997.449951171875,1997.449951171875,2941690000,False,False,0.0008815167647232053,False
2014-09-12,1996.739990234375,1996.739990234375,1980.260009765625,1985.5400390625,1985.5400390625,3206570000,False,False,-0.0059804054920065425,False
2014-09-15,1986.0400390625,1987.1800537109375,1978.47998046875,1984.1300048828125,1984.1300048828125,2776530000,False,False,-0.0007104037481093734,False
2014-09-16,1981.9300537109375,2002.280029296875,1979.06005859375,1998.97998046875,1998.97998046875,3160310000,False,False,0.007456507324556423,False
2014-09-17,1999.300048828125,2010.739990234375,1993.2900390625,2001.5699462890625,2001.5699462890625,3209420000,False,False,0.0012948050790884346,False
2014-09-18,2003.0699462890625,2012.3399658203125,2003.0699462890625,2011.3599853515625,2011.3599853515625,3235340000,False,False,0.004879257127339826,False
2014-09-19,2012.739990234375,2019.260009765625,2006.5899658203125,2010.4000244140625,2010.4000244140625,4880220000,False,False,-0.00047738351040339826,False
2014-09-22,2009.0799560546875,2009.0799560546875,1991.010009765625,1994.2900390625,1994.2900390625,3349670000,False,False,-0.0080456025302185,False
2014-09-23,1992.780029296875,1995.4100341796875,1982.77001953125,1982.77001953125,1982.77001953125,3279350000,False,False,-0.0057932500796262516,False
2014-09-24,1983.3399658203125,1999.7900390625,1978.6300048828125,1998.300048828125,1998.300048828125,3313850000,False,False,0.0078019767586544365,False
2014-09-25,1997.3199462890625,1997.3199462890625,1965.989990234375,1965.989990234375,1965.989990234375,3273050000,False,False,-0.016300913265170507,False
2014-09-26,1966.219970703125,1986.3699951171875,1966.219970703125,1982.8499755859375,1982.8499755859375,2929440000,False,False,0.00853926112400154,False
2014-09-29,1978.9599609375,1981.280029296875,1964.0400390625,1977.800048828125,1977.800048828125,3094440000,False,False,-0.0025500508569158233,False
2014-09-30,1978.2099609375,1985.1700439453125,1968.9599609375,1972.2900390625,1972.2900390625,3951100000,False,False,-0.0027898165443120183,False
2014-10-01,1971.43994140625,1971.43994140625,1941.719970703125,1946.1600341796875,1946.1600341796875,4188590000,False,False,-0.013337106112637435,False
2014-10-02,1945.8299560546875,1952.3199462890625,1926.030029296875,1946.1700439453125,1946.1700439453125,4012510000,False,False,5.143328250229687e-06,False
2014-10-03,1948.1199951171875,1971.18994140625,1948.1199951171875,1967.9000244140625,1967.9000244140625,3560970000,False,False,0.011103635523902509,False
2014-10-06,1970.010009765625,1977.8399658203125,1958.4300537109375,1964.8199462890625,1964.8199462890625,3358220000,False,False,-0.0015663860013981836,False
2014-10-07,1962.3599853515625,1962.3599853515625,1934.8699951171875,1935.0999755859375,1935.0999755859375,3687870000,False,False,-0.015241618619128634,False
2014-10-08,1935.550048828125,1970.3599853515625,1925.25,1968.8900146484375,1968.8900146484375,4441890000,False,False,0.01731094749805919,False
2014-10-09,1967.6800537109375,1967.6800537109375,1927.56005859375,1928.2099609375,1928.2099609375,4344020000,False,False,-0.02087784845431496,False
2014-10-10,1925.6300048828125,1936.97998046875,1906.050048828125,1906.1300048828125,1906.1300048828125,4550540000,False,False,-0.011517080026210946,False
2014-10-13,1905.6500244140625,1912.0899658203125,1874.1400146484375,1874.739990234375,1874.739990234375,4352580000,False,False,-0.016605033202522507,False
2014-10-14,1877.1099853515625,1898.7099609375,1871.7900390625,1877.699951171875,1877.699951171875,4812010000,False,False,0.001577619680866768,False
2014-10-15,1874.1800537109375,1874.1800537109375,1820.6600341796875,1862.489990234375,1862.489990234375,6090800000,False,False,-0.008133300726077349,False
2014-10-16,1855.949951171875,1876.010009765625,1835.02001953125,1862.760009765625,1862.760009765625,5073150000,False,False,0.0001449672004417697,False
2014-10-17,1864.9100341796875,1898.1600341796875,1864.9100341796875,1886.760009765625,1886.760009765625,4482120000,False,False,0.012801813377146141,False
2014-10-20,1885.6199951171875,1905.030029296875,1882.300048828125,1904.010009765625,1904.010009765625,3331210000,False,False,0.009101116121281314,False
2014-10-21,1909.3800048828125,1942.449951171875,1909.3800048828125,1941.280029296875,1941.280029296875,3987090000,False,False,0.01938537082775091,False
2014-10-22,1941.2900390625,1949.31005859375,1926.8299560546875,1927.1099853515625,1927.1099853515625,3761930000,False,False,-0.007326100661612184,False
2014-10-23,1931.02001953125,1961.949951171875,1931.02001953125,1950.8199462890625,1950.8199462890625,3789250000,False,False,0.012228305721599457,False
2014-10-24,1951.5899658203125,1965.27001953125,1946.27001953125,1964.5799560546875,1964.5799560546875,3078380000,False,False,0.007028690175716194,False
2014-10-27,1962.969970703125,1964.6400146484375,1951.3699951171875,1961.6300048828125,1961.6300048828125,3538860000,False,False,-0.001502696878837878,False
2014-10-28,1964.1400146484375,1985.050048828125,1964.1400146484375,1985.050048828125,1985.050048828125,3653260000,False,False,0.011868364566910393,False
2014-10-29,1983.2900390625,1991.4000244140625,1969.0400390625,1982.300048828125,1982.300048828125,3740350000,False,False,-0.0013863159906425204,False
2014-10-30,1979.489990234375,1999.4000244140625,1974.75,1994.6500244140625,1994.6500244140625,3586150000,False,False,0.006210797247873184,False
2014-10-31,2001.199951171875,2018.18994140625,2001.199951171875,2018.050048828125,2018.050048828125,4292290000,False,False,0.011663114233148569,False
2014-11-03,2018.2099609375,2024.4599609375,2013.6800537109375,2017.81005859375,2017.81005859375,3555440000,False,False,-0.00011892891639947338,False
2014-11-04,2015.81005859375,2015.97998046875,2001.010009765625,2012.0999755859375,2012.0999755859375,3956260000,False,False,-0.0028338532526650333,False
2014-11-05,2015.2900390625,2023.77001953125,2014.4200439453125,2023.5699462890625,2023.5699462890625,3766590000,False,False,0.005684311060804489,False
2014-11-06,2023.3299560546875,2031.6099853515625,2015.8599853515625,2031.2099609375,2031.2099609375,3669770000,False,False,0.003768403644328259,False
2014-11-07,2032.3599853515625,2034.260009765625,2025.0699462890625,2031.9200439453125,2031.9200439453125,3704280000,False,False,0.00034952512678080786,False
2014-11-10,2032.010009765625,2038.699951171875,2030.1700439453125,2038.260009765625,2038.260009765625,3284940000,False,False,0.003115327019558855,False
2014-11-11,2038.199951171875,2041.280029296875,2035.280029296875,2039.6800537109375,2039.6800537109375,2958320000,False,False,0.0006964516302874351,False
2014-11-12,2037.75,2040.3299560546875,2031.949951171875,2038.25,2038.25,3246650000,False,False,-0.0007013625789179808,False
2014-11-13,2039.2099609375,2046.1800537109375,2030.43994140625,2039.3299560546875,2039.3299560546875,3455270000,False,False,0.0005297044284002311,False
2014-11-14,2039.739990234375,2042.219970703125,2035.199951171875,2039.8199462890625,2039.8199462890625,3227130000,False,False,0.0002402413485468054,False
2014-11-17,2038.2900390625,2043.0699462890625,2034.4599609375,2041.3199462890625,2041.3199462890625,3152890000,False,False,0.0007350887776586797,False
2014-11-18,2041.47998046875,2056.080078125,2041.47998046875,2051.800048828125,2051.800048828125,3416190000,False,False,0.005120849353688389,False
2014-11-19,2051.159912109375,2052.139892578125,2040.3699951171875,2048.719970703125,2048.719970703125,3390850000,False,False,-0.0015022868756188182,False
2014-11-20,2045.8699951171875,2053.840087890625,2040.489990234375,2052.75,2052.75,3128290000,False,False,0.001965164013202754,False
2014-11-21,2057.4599609375,2071.4599609375,2056.75,2063.5,2063.5,3916420000,False,False,0.0052232126037382535,False
2014-11-24,2065.070068359375,2070.169921875,2065.070068359375,2069.409912109375,2069.409912109375,3128060000,False,False,0.00285992981373923,False
2014-11-25,2070.14990234375,2074.2099609375,2064.75,2067.030029296875,2067.030029296875,3392940000,False,False,-0.0011506914684172845,False
2014-11-26,2067.360107421875,2073.2900390625,2066.6201171875,2072.830078125,2072.830078125,2745260000,False,False,0.0028020524716035632,False
2014-11-28,2074.780029296875,2075.760009765625,2065.06005859375,2067.56005859375,2067.56005859375,2504640000,False,False,-0.0025456646370122207,False
2014-12-01,2065.780029296875,2065.780029296875,2049.570068359375,2053.43994140625,2053.43994140625,4159010000,False,False,-0.006852789344834434,False
2014-12-02,2053.77001953125,2068.77001953125,2053.77001953125,2066.550048828125,2066.550048828125,3686650000,False,False,0.006364166758848178,False
2014-12-03,2067.449951171875,2076.280029296875,2066.64990234375,2074.330078125,2074.330078125,3612680000,False,False,0.0037576738340269794,False
2014-12-04,2073.639892578125,2077.340087890625,2062.340087890625,2071.919921875,2071.919921875,3408340000,False,False,-0.0011625717317858438,False
2014-12-05,2072.780029296875,2079.469970703125,2070.81005859375,2075.3701171875,2075.3701171875,3419620000,False,False,0.0016638315989210529,False
2014-12-08,2074.840087890625,2075.780029296875,2054.27001953125,2060.31005859375,2060.31005859375,3800990000,False,False,-0.007283022149715385,False
2014-12-09,2056.550048828125,2060.60009765625,2034.1700439453125,2059.820068359375,2059.820068359375,3970150000,False,False,-0.00023785182583414743,False
2014-12-10,2058.860107421875,2058.860107421875,2024.260009765625,2026.1400146484375,2026.1400146484375,4114440000,False,False,-0.016486121183048656,False
2014-12-11,2027.9200439453125,2055.530029296875,2027.9200439453125,2035.3299560546875,2035.3299560546875,3917950000,False,False,0.004525433971620777,False
2014-12-12,2030.3599853515625,2032.25,2002.3299560546875,2002.3299560546875,2002.3299560546875,4157650000,False,False,-0.01634646579165845,False
2014-12-15,2005.030029296875,2018.68994140625,1982.260009765625,1989.6300048828125,1989.6300048828125,4361990000,False,False,-0.006362786271721939,False
2014-12-16,1986.7099609375,2016.8900146484375,1972.56005859375,1972.739990234375,1972.739990234375,4958680000,False,False,-0.008525259865380821,False
2014-12-17,1973.77001953125,2016.75,1973.77001953125,2012.8900146484375,2012.8900146484375,4942370000,False,False,0.02014807324329562,False
2014-12-18,2018.97998046875,2061.22998046875,2018.97998046875,2061.22998046875,2061.22998046875,4703380000,False,False,0.02373137488570905,False
2014-12-19,2061.0400390625,2077.85009765625,2061.030029296875,2070.64990234375,2070.64990234375,6465530000,False,False,0.004559637967419008,False
2014-12-22,2069.280029296875,2078.760009765625,2069.280029296875,2078.5400390625,2078.5400390625,3369520000,False,False,0.003803222479927145,False
2014-12-23,2081.47998046875,2086.72998046875,2079.77001953125,2082.169921875,2082.169921875,3043950000,False,False,0.0017448386297044874,False
2014-12-24,2083.25,2087.56005859375,2081.860107421875,2081.8798828125,2081.8798828125,1416980000,False,False,-0.0001393062410745646,False
2014-12-26,2084.300048828125,2092.699951171875,2084.300048828125,2088.77001953125,2088.77001953125,1735230000,False,False,0.0033041099821209488,False
2014-12-29,2087.6298828125,2093.550048828125,2085.75,2090.570068359375,2090.570068359375,2452360000,False,False,0.000861403428089447,False
2014-12-30,2088.489990234375,2088.489990234375,2079.530029296875,2080.35009765625,2080.35009765625,2440280000,False,False,-0.004900593034504285,False
2014-12-31,2082.110107421875,2085.580078125,2057.93994140625,2058.89990234375,2058.89990234375,2606070000,False,False,-0.01036438356125046,False
2015-01-02,2058.89990234375,2072.360107421875,2046.0400390625,2058.199951171875,2058.199951171875,2708700000,False,False,-0.0003400214731352804,False
2015-01-05,2054.43994140625,2054.43994140625,2017.3399658203125,2020.5799560546875,2020.5799560546875,3799120000,False,False,-0.01844721353258727,False
2015-01-06,2022.1500244140625,2030.25,1992.43994140625,2002.6099853515625,2002.6099853515625,4460110000,False,False,-0.00893325469070017,False
2015-01-07,2005.550048828125,2029.6099853515625,2005.550048828125,2025.9000244140625,2025.9000244140625,3805480000,False,False,0.011562735844876304,False
2015-01-08,2030.6099853515625,2064.080078125,2030.6099853515625,2062.139892578125,2062.139892578125,3934010000,False,False,0.017730168127155693,False
2015-01-09,2063.449951171875,2064.429931640625,2038.3299560546875,2044.81005859375,2044.81005859375,3364140000,False,False,-0.008439322147078786,False
2015-01-12,2046.1300048828125,2049.300048828125,2022.5799560546875,2028.260009765625,2028.260009765625,3456460000,False,False,-0.008126616843470486,False
2015-01-13,2031.5799560546875,2056.929931640625,2008.25,2023.030029296875,2023.030029296875,4107300000,False,False,-0.0025818854358163217,False
2015-01-14,2018.4000244140625,2018.4000244140625,1988.43994140625,2011.27001953125,2011.27001953125,4378680000,False,False,-0.00583002896797565,False
2015-01-15,2013.75,2021.3499755859375,1991.469970703125,1992.6700439453125,1992.6700439453125,4276720000,False,False,-0.009290903004567546,False
2015-01-16,1992.25,2020.4599609375,1988.1199951171875,2019.4200439453125,2019.4200439453125,4056410000,False,False,0.013334893186267299,False
2015-01-20,2020.760009765625,2028.93994140625,2004.489990234375,2022.550048828125,2022.550048828125,3944340000,False,False,0.001548752433400387,False
2015-01-21,2020.18994140625,2038.2900390625,2012.0400390625,2032.1199951171875,2032.1199951171875,3730070000,False,False,0.004720465022189361,False
2015-01-22,2034.300048828125,2064.6201171875,2026.3800048828125,2063.14990234375,2063.14990234375,4176050000,False,False,0.015154313070630327,False
2015-01-23,2062.97998046875,2062.97998046875,2050.5400390625,2051.820068359375,2051.820068359375,3573560000,False,False,-0.005506656279301935,False
2015-01-26,2050.419921875,2057.6201171875,2040.969970703125,2057.090087890625,2057.090087890625,3465760000,False,False,0.0025651679986232745,False
2015-01-27,2047.8599853515625,2047.8599853515625,2019.9100341796875,2029.550048828125,2029.550048828125,3329810000,False,False,-0.013478287815857576,False
2015-01-28,2032.3399658203125,2042.489990234375,2001.489990234375,2002.1600341796875,2002.1600341796875,4067530000,False,False,-0.01358750281102202,False
2015-01-29,2002.449951171875,2024.6400146484375,1989.1800537109375,2021.25,2021.25,4127140000,False,False,0.00948951705826357,False
2015-01-30,2019.3499755859375,2023.3199462890625,1993.3800048828125,1994.989990234375,1994.989990234375,4568650000,False,False,-0.013077099006318498,False
2015-02-02,1996.6700439453125,2021.6600341796875,1980.9000244140625,2020.8499755859375,2020.8499755859375,4008330000,False,False,0.012879170000215516,False
2015-02-03,2022.7099609375,2050.300048828125,2022.7099609375,2050.030029296875,2050.030029296875,4615900000,False,False,0.014336238577453099,False
2015-02-04,2048.860107421875,2054.739990234375,2036.719970703125,2041.510009765625,2041.510009765625,4141920000,False,False,-0.0041647065724529616,False
2015-02-05,2043.449951171875,2063.550048828125,2043.449951171875,2062.52001953125,2062.52001953125,3821990000,False,False,0.010238810710909235,False
2015-02-06,2062.280029296875,2072.39990234375,2049.969970703125,2055.469970703125,2055.469970703125,4232970000,False,False,-0.00342402761187852,False
2015-02-09,2053.469970703125,2056.159912109375,2041.8800048828125,2046.739990234375,2046.739990234375,3549540000,False,False,-0.004256239310481708,False
2015-02-10,2049.3798828125,2070.860107421875,2048.6201171875,2068.590087890625,2068.590087890625,3669850000,False,False,0.010618979554062366,False
2015-02-11,2068.550048828125,2073.47998046875,2057.989990234375,2068.530029296875,2068.530029296875,3596860000,False,False,-2.9034010158247172e-05,False
2015-02-12,2069.97998046875,2088.530029296875,2069.97998046875,2088.47998046875,2088.47998046875,3788350000,False,False,0.009598295065916026,False
2015-02-13,2088.780029296875,2097.030029296875,2086.699951171875,2096.989990234375,2096.989990234375,3527450000,False,False,0.004066459227779422,False
2015-02-17,2096.469970703125,2101.300048828125,2089.800048828125,2100.340087890625,2100.340087890625,3361750000,False,False,0.0015962996977983961,False
2015-02-18,2099.159912109375,2100.22998046875,2092.14990234375,2099.679931640625,2099.679931640625,3370020000,False,False,-0.00031435862322874816,False
2015-02-19,2099.25,2102.1298828125,2090.7900390625,2097.449951171875,2097.449951171875,3247100000,False,False,-0.0010626217157189283,False
2015-02-20,2097.64990234375,2110.610107421875,2085.43994140625,2110.300048828125,2110.300048828125,3281600000,False,False,0.006107842721055837,False
2015-02-23,2109.830078125,2110.050048828125,2103.0,2109.659912109375,2109.659912109375,3093680000,False,False,-0.000303385211985694,False
2015-02-24,2109.10009765625,2117.93994140625,2105.8701171875,2115.47998046875,2115.47998046875,3199840000,False,False,0.002754972468831103,False
2015-02-25,2115.300048828125,2119.590087890625,2109.889892578125,2113.860107421875,2113.860107421875,3312340000,False,False,-0.0007660169636026022,False
2015-02-26,2113.909912109375,2113.909912109375,2103.760009765625,2110.739990234375,2110.739990234375,3408690000,False,False,-0.00147711863025381,False
2015-02-27,2110.8798828125,2112.739990234375,2103.75,2104.5,2104.5,3547380000,False,False,-0.0029606830486323707,False
2015-03-02,2105.22998046875,2117.52001953125,2104.5,2117.389892578125,2117.389892578125,3409490000,False,False,0.0061062381811330165,False
2015-03-03,2115.760009765625,2115.760009765625,2098.260009765625,2107.780029296875,2107.780029296875,3262300000,False,False,-0.004548872603817568,False
2015-03-04,2107.719970703125,2107.719970703125,2094.489990234375,2098.530029296875,2098.530029296875,3421110000,False,False,-0.004398161230154572,False
2015-03-05,2098.5400390625,2104.25,2095.219970703125,2101.0400390625,2101.0400390625,3103030000,False,False,0.001195365251036089,False
2015-03-06,2100.909912109375,2100.909912109375,2067.27001953125,2071.260009765625,2071.260009765625,3853570000,False,False,-0.014275356362467066,False
2015-03-09,2072.25,2083.489990234375,2072.2099609375,2079.429931640625,2079.429931640625,3349090000,False,False,0.003936662357975969,False
2015-03-10,2076.139892578125,2076.139892578125,2044.1600341796875,2044.1600341796875,2044.1600341796875,3668900000,False,False,-0.017106820937141425,False
2015-03-11,2044.68994140625,2050.080078125,2039.68994140625,2040.239990234375,2040.239990234375,3406570000,False,False,-0.001919520676484767,False
2015-03-12,2041.0999755859375,2066.409912109375,2041.0999755859375,2065.949951171875,2065.949951171875,3405860000,False,False,0.012522702206037068,False
2015-03-13,2064.56005859375,2064.56005859375,2041.1700439453125,2053.39990234375,2053.39990234375,3498560000,False,False,-0.006093237090196838,False
2015-03-16,2055.35009765625,2081.409912109375,2055.35009765625,2081.18994140625,2081.18994140625,3295600000,False,False,0.013442909023855906,False
2015-03-17,2080.590087890625,2080.590087890625,2065.080078125,2074.280029296875,2074.280029296875,3221840000,False,False,-0.0033256977077820026,False
2015-03-18,2072.840087890625,2106.85009765625,2061.22998046875,2099.5,2099.5,4128210000,False,False,0.012085101501628708,False
2015-03-19,2098.68994140625,2098.68994140625,2085.56005859375,2089.27001953125,2089.27001953125,3305220000,False,False,-0.004884489126950175,False
2015-03-20,2090.320068359375,2113.919921875,2090.320068359375,2108.10009765625,2108.10009765625,5554120000,False,False,0.008972382193259682,False
2015-03-23,2107.989990234375,2114.860107421875,2104.419921875,2104.419921875,2104.419921875,3267960000,False,False,-0.0017472566067133015,False
2015-03-24,2103.93994140625,2107.6298828125,2091.5,2091.5,2091.5,3189820000,False,False,-0.006158345701590925,False
2015-03-25,2093.10009765625,2097.429931640625,2061.050048828125,2061.050048828125,2061.050048828125,3521140000,False,False,-0.014665926527239062,False
2015-03-26,2059.93994140625,2067.14990234375,2045.5,2056.14990234375,2056.14990234375,3510670000,False,False,-0.0023803307374738966,False
2015-03-27,2055.780029296875,2062.830078125,2052.9599609375,2061.02001953125,2061.02001953125,3008550000,False,False,0.0023657607295033602,False
2015-03-30,2064.110107421875,2088.969970703125,2064.110107421875,2086.239990234375,2086.239990234375,2917690000,False,False,0.012162382647149434,False
2015-03-31,2084.050048828125,2084.050048828125,2067.0400390625,2067.889892578125,2067.889892578125,3376550000,False,False,-0.008834686217530795,False
2015-04-01,2067.6298828125,2067.6298828125,2048.3798828125,2059.68994140625,2059.68994140625,3543270000,False,False,-0.0039732542018475255,False
2015-04-02,2060.030029296875,2072.169921875,2057.320068359375,2066.9599609375,2066.9599609375,3095960000,False,False,0.0035234523037141535,False
2015-04-06,2064.8701171875,2086.989990234375,2056.52001953125,2080.6201171875,2080.6201171875,3302970000,False,False,0.006587072647165644,False
2015-04-07,2080.7900390625,2089.81005859375,2076.10009765625,2076.330078125,2076.330078125,3065510000,False,False,-0.002064032708587167,False
2015-04-08,2076.93994140625,2086.68994140625,2073.300048828125,2081.89990234375,2081.89990234375,3265330000,False,False,0.0026789415573472003,False
2015-04-09,2081.2900390625,2093.31005859375,2074.2900390625,2091.179931640625,2091.179931640625,3172360000,False,False,0.004447575873625805,False
2015-04-10,2091.510009765625,2102.610107421875,2091.510009765625,2102.06005859375,2102.06005859375,3156200000,False,False,0.005189376899456221,False
2015-04-13,2102.030029296875,2107.64990234375,2092.330078125,2092.429931640625,2092.429931640625,2908420000,False,False,-0.004591806820961145,False
2015-04-14,2092.280029296875,2098.6201171875,2083.239990234375,2095.840087890625,2095.840087890625,3301270000,False,False,0.00162843225851382,False
2015-04-15,2097.820068359375,2111.909912109375,2097.820068359375,2106.6298828125,2106.6298828125,4013760000,False,False,0.005134989044995592,False
2015-04-16,2105.9599609375,2111.300048828125,2100.02001953125,2104.989990234375,2104.989990234375,3434120000,False,False,-0.0007787467579851993,False
2015-04-17,2102.580078125,2102.580078125,2072.3701171875,2081.179931640625,2081.179931640625,3627600000,False,False,-0.01137570418905323,False
2015-04-20,2084.110107421875,2103.93994140625,2084.110107421875,2100.39990234375,2100.39990234375,3000160000,False,False,0.009192748586536723,False
2015-04-21,2102.820068359375,2109.639892578125,2094.3798828125,2097.2900390625,2097.2900390625,3243410000,False,False,-0.001481702504767951,False
2015-04-22,2098.27001953125,2109.97998046875,2091.050048828125,2107.9599609375,2107.9599609375,3348480000,False,False,0.005074582853386292,False
2015-04-23,2107.2099609375,2120.489990234375,2103.18994140625,2112.929931640625,2112.929931640625,3636670000,False,False,0.0023549408425523675,False
2015-04-24,2112.800048828125,2120.919921875,2112.800048828125,2117.68994140625,2117.68994140625,3375780000,False,False,0.0022502668247534868,False
2015-04-27,2119.2900390625,2125.919921875,2107.0400390625,2108.919921875,2108.919921875,3438750000,False,False,-0.004149913240734652,False
2015-04-28,2108.35009765625,2116.0400390625,2094.889892578125,2114.760009765625,2114.760009765625,3546270000,False,False,0.0027654044373465075,False
2015-04-29,2112.489990234375,2113.64990234375,2097.409912109375,2106.85009765625,2106.85009765625,4074970000,False,False,-0.003747348127573222,False
2015-04-30,2105.52001953125,2105.52001953125,2077.590087890625,2085.510009765625,2085.510009765625,4509680000,False,False,-0.010180553033248205,False
2015-05-01,2087.3798828125,2108.409912109375,2087.3798828125,2108.2900390625,2108.2900390625,3379390000,False,False,0.010863776563455257,False
2015-05-04,2110.22998046875,2120.949951171875,2110.22998046875,2114.489990234375,2114.489990234375,3091580000,False,False,0.0029364331477630206,False
2015-05-05,2112.6298828125,2115.239990234375,2088.4599609375,2089.4599609375,2089.4599609375,3793950000,False,False,-0.0119080033585301,False
2015-05-06,2091.260009765625,2098.419921875,2067.929931640625,2080.14990234375,2080.14990234375,3792210000,False,False,-0.004465681140931977,False
2015-05-07,2079.9599609375,2092.89990234375,2074.989990234375,2088.0,2088.0,3676640000,False,False,0.003766710469475405,False
2015-05-08,2092.1298828125,2117.659912109375,2092.1298828125,2116.10009765625,2116.10009765625,3399440000,False,False,0.013368147987361164,False
2015-05-11,2115.56005859375,2117.68994140625,2104.580078125,2105.330078125,2105.330078125,2992670000,False,False,-0.005102556456082039,False
2015-05-12,2102.8701171875,2105.06005859375,2085.570068359375,2099.1201171875,2099.1201171875,3139520000,False,False,-0.002953996439367266,False
2015-05-13,2099.6201171875,2110.18994140625,2096.0400390625,2098.47998046875,2098.47998046875,3374260000,False,False,-0.0003050012906516677,False
2015-05-14,2100.429931640625,2121.449951171875,2100.429931640625,2121.10009765625,2121.10009765625,3225740000,False,False,0.010721604261760033,False
2015-05-15,2122.070068359375,2123.889892578125,2116.81005859375,2122.72998046875,2122.72998046875,3092080000,False,False,0.0007681188278664758,False
2015-05-18,2121.300048828125,2131.780029296875,2120.010009765625,2129.199951171875,2129.199951171875,2888190000,False,False,0.003043312472570502,False
2015-05-19,2129.449951171875,2133.02001953125,2124.5,2127.830078125,2127.830078125,3296030000,False,False,-0.0006435815978420154,False
2015-05-20,2127.7900390625,2134.719970703125,2122.590087890625,2125.85009765625,2125.85009765625,3025880000,False,False,-0.0009309494507940488,False
2015-05-21,2125.550048828125,2134.280029296875,2122.949951171875,2130.820068359375,2130.820068359375,3070460000,False,False,0.0023351459087448084,False
2015-05-22,2130.360107421875,2132.14990234375,2126.06005859375,2126.06005859375,2126.06005859375,2571860000,False,False,-0.0022363851494835974,False
2015-05-26,2125.340087890625,2125.340087890625,2099.179931640625,2104.199951171875,2104.199951171875,3342130000,False,False,-0.010335204907502334,False
2015-05-27,2105.1298828125,2126.219970703125,2105.1298828125,2123.47998046875,2123.47998046875,3127960000,False,False,0.009120918929110081,False
2015-05-28,2122.27001953125,2122.27001953125,2112.860107421875,2120.7900390625,2120.7900390625,2980350000,False,False,-0.0012675639174870542,False
2015-05-29,2120.659912109375,2120.659912109375,2104.889892578125,2107.389892578125,2107.389892578125,3927390000,False,False,-0.006338515184097658,False
2015-06-01,2108.639892578125,2119.14990234375,2102.5400390625,2111.72998046875,2111.72998046875,3011710000,False,False,0.002057343499147661,False
2015-06-02,2110.409912109375,2117.590087890625,2099.139892578125,2109.60009765625,2109.60009765625,3049350000,False,False,-0.0010091051653478204,False
2015-06-03,2110.639892578125,2121.919921875,2109.610107421875,2114.070068359375,2114.070068359375,3099980000,False,False,0.0021166294697559994,False
2015-06-04,2112.35009765625,2112.889892578125,2093.22998046875,2095.840087890625,2095.840087890625,3200050000,False,False,-0.008660562215101069,False
2015-06-05,2095.090087890625,2100.989990234375,2085.669921875,2092.830078125,2092.830078125,3243690000,False,False,-0.0014372152327325357,False
2015-06-08,2092.340087890625,2093.010009765625,2079.110107421875,2079.280029296875,2079.280029296875,2917150000,False,False,-0.006495560338305542,False
2015-06-09,2079.070068359375,2085.6201171875,2072.139892578125,2080.14990234375,2080.14990234375,3034580000,False,False,0.00041826551900276467,False
2015-06-10,2081.1201171875,2108.5,2081.1201171875,2105.199951171875,2105.199951171875,3414320000,False,False,0.011970491752514406,False
2015-06-11,2106.239990234375,2115.02001953125,2106.239990234375,2108.860107421875,2108.860107421875,3128600000,False,False,0.0017371167565281324,False
2015-06-12,2107.429931640625,2107.429931640625,2091.330078125,2094.110107421875,2094.110107421875,2719400000,False,False,-0.007018874653102703,False
2015-06-15,2091.340087890625,2091.340087890625,2072.489990234375,2084.429931640625,2084.429931640625,3061570000,False,False,-0.004633289621771348,False
2015-06-16,2084.260009765625,2097.39990234375,2082.10009765625,2096.2900390625,2096.2900390625,2919900000,False,False,0.005673730515753803,False
2015-06-17,2097.39990234375,2106.7900390625,2088.860107421875,2100.43994140625,2100.43994140625,3222240000,False,False,0.0019776843950728407,False
2015-06-18,2101.580078125,2126.64990234375,2101.580078125,2121.239990234375,2121.239990234375,3520360000,False,False,0.009854000054008836,False
2015-06-19,2121.06005859375,2121.639892578125,2109.449951171875,2109.989990234375,2109.989990234375,4449810000,False,False,-0.00531761523794962,False
2015-06-22,2112.5,2129.8701171875,2112.5,2122.85009765625,2122.85009765625,3030020000,False,False,0.006076367981542122,False
2015-06-23,2123.159912109375,2128.030029296875,2119.889892578125,2124.199951171875,2124.199951171875,3091190000,False,False,0.0006356664251933869,False
2015-06-24,2123.64990234375,2125.10009765625,2108.580078125,2108.580078125,2108.580078125,3102480000,False,False,-0.007380465718305258,False
2015-06-25,2109.9599609375,2116.0400390625,2101.780029296875,2102.31005859375,2102.31005859375,3214610000,False,False,-0.0029780041565964136,False
2015-06-26,2102.6201171875,2108.919921875,2095.3798828125,2101.489990234375,2101.489990234375,5025470000,False,False,-0.00039015574492238484,False
2015-06-29,2098.6298828125,2098.6298828125,2056.639892578125,2057.639892578125,2057.639892578125,3678960000,False,False,-0.02108696950861153,False
2015-06-30,2061.18994140625,2074.280029296875,2056.320068359375,2063.110107421875,2063.110107421875,4078540000,False,False,0.0026549623524674106,False
2015-07-01,2067.0,2082.780029296875,2067.0,2077.419921875,2077.419921875,3727260000,False,False,0.006912096434637041,False
2015-07-02,2078.030029296875,2085.06005859375,2071.02001953125,2076.780029296875,2076.780029296875,2996540000,False,False,-0.00030807018954653404,False
2015-07-06,2073.949951171875,2078.610107421875,2058.39990234375,2068.760009765625,2068.760009765625,3486360000,False,False,-0.003869232698897424,False
2015-07-07,2069.52001953125,2083.739990234375,2044.02001953125,2081.340087890625,2081.340087890625,4458660000,False,False,0.006062560593868743,False
2015-07-08,2077.659912109375,2077.659912109375,2044.6600341796875,2046.6800537109375,2046.6800537109375,3608780000,False,False,-0.016792964912141516,False
2015-07-09,2049.72998046875,2074.280029296875,2049.72998046875,2051.31005859375,2051.31005859375,3446810000,False,False,0.0022596476448199895,False
2015-07-10,2052.739990234375,2081.31005859375,2052.739990234375,2076.6201171875,2076.6201171875,3065070000,False,False,0.012262986385007718,False
2015-07-13,2080.030029296875,2100.669921875,2080.030029296875,2099.60009765625,2099.60009765625,3096730000,False,False,0.011005268507355188,False
2015-07-14,2099.719970703125,2111.97998046875,2098.179931640625,2108.949951171875,2108.949951171875,3002120000,False,False,0.00444327323650017,False
2015-07-15,2109.010009765625,2114.139892578125,2102.489990234375,2107.39990234375,2107.39990234375,3261810000,False,False,-0.0007352563007372865,False
2015-07-16,2110.550048828125,2124.419921875,2110.550048828125,2124.2900390625,2124.2900390625,3227080000,False,False,0.007982733444475738,False
2015-07-17,2126.800048828125,2128.909912109375,2119.8798828125,2126.639892578125,2126.639892578125,3362750000,False,False,0.00110557162445071,False
2015-07-20,2126.85009765625,2132.820068359375,2123.659912109375,2128.280029296875,2128.280029296875,3245870000,False,False,0.0007709366240016023,False
2015-07-21,2127.550048828125,2128.489990234375,2115.39990234375,2119.2099609375,2119.2099609375,3343690000,False,False,-0.004270796242723094,False
2015-07-22,2118.2099609375,2118.510009765625,2110.0,2114.14990234375,2114.14990234375,3694070000,False,False,-0.00239056502019028,False
2015-07-23,2114.159912109375,2116.8701171875,2098.6298828125,2102.14990234375,2102.14990234375,3772810000,False,False,-0.0056922102113794535,False
2015-07-24,2102.239990234375,2106.010009765625,2077.090087890625,2079.64990234375,2079.64990234375,3870040000,False,False,-0.010761020696661188,False
2015-07-27,2078.18994140625,2078.18994140625,2063.52001953125,2067.639892578125,2067.639892578125,3836750000,False,False,-0.005791755065064178,False
2015-07-28,2070.75,2095.60009765625,2069.090087890625,2093.25,2093.25,4117740000,False,False,0.012310073801889353,False
2015-07-29,2094.699951171875,2110.60009765625,2094.080078125,2108.570068359375,2108.570068359375,4038900000,False,False,0.007292142927383681,False
2015-07-30,2106.780029296875,2110.47998046875,2094.969970703125,2108.6298828125,2108.6298828125,3579410000,False,False,2.836690402236809e-05,False
2015-07-31,2111.60009765625,2114.239990234375,2102.070068359375,2103.840087890625,2103.840087890625,3681340000,False,False,-0.002274103801051709,False
2015-08-03,2104.489990234375,2105.699951171875,2087.31005859375,2098.0400390625,2098.0400390625,3476770000,False,False,-0.0027606939449045503,False
2015-08-04,2097.679931640625,2102.510009765625,2088.60009765625,2093.320068359375,2093.320068359375,3546710000,False,False,-0.0022522391669328678,False
2015-08-05,2095.27001953125,2112.659912109375,2095.27001953125,2099.840087890625,2099.840087890625,3968680000,False,False,0.003109838185490679,False
2015-08-06,2100.75,2103.320068359375,2075.530029296875,2083.56005859375,2083.56005859375,4246570000,False,False,-0.007783195922562142,False
2015-08-07,2082.610107421875,2082.610107421875,2067.909912109375,2077.570068359375,2077.570068359375,3602320000,False,False,-0.0028790228563377145,False
2015-08-10,2080.97998046875,2105.35009765625,2080.97998046875,2104.179931640625,2104.179931640625,3514460000,False,False,0.012726835632025084,False
2015-08-11,2102.659912109375,2102.659912109375,2076.489990234375,2084.070068359375,2084.070068359375,3708880000,False,False,-0.00960306468018227,False
2015-08-12,2081.10009765625,2089.06005859375,2052.090087890625,2086.050048828125,2086.050048828125,4269130000,False,False,0.0009496036382146948,False
2015-08-13,2086.18994140625,2092.929931640625,2078.260009765625,2083.389892578125,2083.389892578125,3221300000,False,False,-0.0012760258683812036,False
2015-08-14,2083.14990234375,2092.449951171875,2080.610107421875,2091.5400390625,2091.5400390625,2795590000,False,False,0.0039043322743591373,False
2015-08-17,2089.699951171875,2102.8701171875,2079.300048828125,2102.43994140625,2102.43994140625,2867690000,False,False,0.005197891709402951,False
2015-08-18,2101.989990234375,2103.469970703125,2094.139892578125,2096.919921875,2096.919921875,2949990000,False,False,-0.0026289829356331003,False
2015-08-19,2095.68994140625,2096.169921875,2070.530029296875,2079.610107421875,2079.610107421875,3512920000,False,False,-0.008289136409597112,False
2015-08-20,2076.610107421875,2076.610107421875,2035.72998046875,2035.72998046875,2035.72998046875,3922470000,False,False,-0.021325960454146156,False
2015-08-21,2034.0799560546875,2034.0799560546875,1970.8900146484375,1970.8900146484375,1970.8900146484375,5018240000,False,False,-0.03236924252187817,False
2015-08-24,1965.1500244140625,1965.1500244140625,1867.010009765625,1893.2099609375,1893.2099609375,6612690000,False,False,-0.04021144434651928,False
2015-08-25,1898.0799560546875,1948.0400390625,1867.0799560546875,1867.6099853515625,1867.6099853515625,5183560000,False,False,-0.013614249742655897,False
2015-08-26,1872.75,1943.0899658203125,1872.75,1940.510009765625,1940.510009765625,5338250000,False,False,0.03829129943453164,False
2015-08-27,1942.77001953125,1989.5999755859375,1942.77001953125,1987.6600341796875,1987.6600341796875,5006390000,False,False,0.02400725448969004,False
2015-08-28,1986.06005859375,1993.47998046875,1975.18994140625,1988.8699951171875,1988.8699951171875,3949080000,False,False,0.0006085511568762156,False
2015-08-31,1986.72998046875,1986.72998046875,1965.97998046875,1972.1800537109375,1972.1800537109375,3915100000,False,False,-0.008427078663984055,False
2015-09-01,1970.0899658203125,1970.0899658203125,1903.0699462890625,1913.8499755859375,1913.8499755859375,4371850000,False,False,-0.030022649842427997,False
2015-09-02,1916.52001953125,1948.9100341796875,1916.52001953125,1948.8599853515625,1948.8599853515625,3742620000,False,False,0.01812767142321464,False
2015-09-03,1950.7900390625,1975.010009765625,1944.719970703125,1951.1300048828125,1951.1300048828125,3520700000,False,False,0.0011641156994188924,False
2015-09-04,1947.760009765625,1947.760009765625,1911.2099609375,1921.219970703125,1921.219970703125,3167090000,False,False,-0.015448308754276238,False
2015-09-08,1927.300048828125,1970.4200439453125,1927.300048828125,1969.4100341796875,1969.4100341796875,3548650000,False,False,0.024773637197038505,False
2015-09-09,1971.449951171875,1988.6300048828125,1937.8800048828125,1942.0400390625,1942.0400390625,3652120000,False,False,-0.013995035769084717,False
2015-09-10,1941.5899658203125,1965.2900390625,1937.18994140625,1952.2900390625,1952.2900390625,3626320000,False,False,0.005264075444935658,False
2015-09-11,1951.449951171875,1961.050048828125,1939.18994140625,1961.050048828125,1961.050048828125,3218590000,False,False,0.004477006444986281,False
2015-09-14,1963.06005859375,1963.06005859375,1948.27001953125,1953.030029296875,1953.030029296875,3000200000,False,False,-0.00409804122304381,False
2015-09-15,1955.0999755859375,1983.18994140625,1954.300048828125,1978.0899658203125,1978.0899658203125,3239860000,False,False,0.01274968763143236,False
2015-09-16,1978.02001953125,1997.260009765625,1977.9300537109375,1995.31005859375,1995.31005859375,3630680000,False,False,0.0086677407153759,False
2015-09-17,1995.3299560546875,2020.8599853515625,1986.72998046875,1990.199951171875,1990.199951171875,4183790000,False,False,-0.002564344442560099,False
2015-09-18,1989.6600341796875,1989.6600341796875,1953.449951171875,1958.030029296875,1958.030029296875,6021240000,False,False,-0.01629623095438354,False
2015-09-21,1960.8399658203125,1979.6400146484375,1955.800048828125,1966.969970703125,1966.969970703125,3269350000,False,False,0.004555392033672697,False
2015-09-22,1961.3900146484375,1961.3900146484375,1929.219970703125,1942.739990234375,1942.739990234375,3808260000,False,False,-0.012394930019378313,False
2015-09-23,1943.239990234375,1949.52001953125,1932.5699462890625,1938.760009765625,1938.760009765625,3190530000,False,False,-0.002050744229593947,False
2015-09-24,1934.81005859375,1937.1700439453125,1908.9200439453125,1932.239990234375,1932.239990234375,4091530000,False,False,-0.00336865187130644,False
2015-09-25,1935.9300537109375,1952.8900146484375,1921.5,1931.3399658203125,1931.3399658203125,3721870000,False,False,-0.00046590180122054944,False
2015-09-28,1929.1800537109375,1929.1800537109375,1879.2099609375,1881.77001953125,1881.77001953125,4326660000,False,False,-0.026001211162809106,False
2015-09-29,1881.9000244140625,1899.47998046875,1871.9100341796875,1884.0899658203125,1884.0899658203125,4132390000,False,False,0.001232093912981713,False
2015-09-30,1887.1400146484375,1920.530029296875,1887.1400146484375,1920.030029296875,1920.030029296875,4525070000,False,False,0.01889589860356512,False
2015-10-01,1919.6500244140625,1927.2099609375,1900.699951171875,1923.8199462890625,1923.8199462890625,3983600000,False,False,0.001971938678337173,False
2015-10-02,1921.77001953125,1951.3599853515625,1893.699951171875,1951.3599853515625,1951.3599853515625,4378570000,False,False,0.014213793016405511,False
2015-10-05,1954.3299560546875,1989.1700439453125,1954.3299560546875,1987.050048828125,1987.050048828125,4334490000,False,False,0.018124593518502156,False
2015-10-06,1986.6300048828125,1991.6199951171875,1971.989990234375,1979.9200439453125,1979.9200439453125,4202400000,False,False,-0.0035946893441432997,False
2015-10-07,1982.3399658203125,1999.31005859375,1976.43994140625,1995.8299560546875,1995.8299560546875,4666470000,False,False,0.008003519857552759,False
2015-10-08,1994.010009765625,2016.5,1987.530029296875,2013.4300537109375,2013.4300537109375,3939140000,False,False,0.008779780144558488,False
2015-10-09,2013.72998046875,2020.1300048828125,2007.6099853515625,2014.8900146484375,2014.8900146484375,3706900000,False,False,0.0007248485605153577,False
2015-10-12,2015.6500244140625,2018.6600341796875,2010.550048828125,2017.4599609375,2017.4599609375,2893250000,False,False,0.0012746644773328382,False
2015-10-13,2015.0,2022.3399658203125,2001.780029296875,2003.68994140625,2003.68994140625,3401920000,False,False,-0.006848823690127077,False
2015-10-14,2003.6600341796875,2009.56005859375,1990.72998046875,1994.239990234375,1994.239990234375,3644590000,False,False,-0.0047274309119391435,False
2015-10-15,1996.469970703125,2024.1500244140625,1996.469970703125,2023.8599853515625,2023.8599853515625,3746290000,False,False,0.014743551351355088,False
2015-10-16,2024.3699951171875,2033.5400390625,2020.4599609375,2033.1099853515625,2033.1099853515625,3595430000,False,False,0.004560061373697022,False
2015-10-19,2031.72998046875,2034.449951171875,2022.31005859375,2033.6600341796875,2033.6600341796875,3287320000,False,False,0.0002705089438730595,False
2015-10-20,2033.1300048828125,2039.1199951171875,2026.6099853515625,2030.77001953125,2030.77001953125,3331500000,False,False,-0.0014221010558937615,False
2015-10-21,2033.469970703125,2037.969970703125,2017.219970703125,2018.93994140625,2018.93994140625,3627790000,False,False,-0.005842448911134253,False
2015-10-22,2021.8800048828125,2055.199951171875,2021.8800048828125,2052.510009765625,2052.510009765625,4430850000,False,False,0.016490847012594123,False
2015-10-23,2058.18994140625,2079.739990234375,2058.18994140625,2075.14990234375,2075.14990234375,4108460000,False,False,0.010969953969042788,False
2015-10-26,2075.080078125,2075.139892578125,2066.530029296875,2071.179931640625,2071.179931640625,3385800000,False,False,-0.0019149330011001104,False
2015-10-27,2068.75,2070.3701171875,2058.840087890625,2065.889892578125,2065.889892578125,4216880000,False,False,-0.00255738586508774,False
2015-10-28,2066.47998046875,2090.35009765625,2063.110107421875,2090.35009765625,2090.35009765625,4698110000,False,False,0.011770488488143476,False
2015-10-29,2088.35009765625,2092.52001953125,2082.6298828125,2089.409912109375,2089.409912109375,4008940000,False,False,-0.00044987538066072313,False
2015-10-30,2090.0,2094.320068359375,2079.340087890625,2079.360107421875,2079.360107421875,4256200000,False,False,-0.004821481688425431,False
2015-11-02,2080.760009765625,2106.199951171875,2080.760009765625,2104.050048828125,2104.050048828125,3760020000,False,False,0.011803876338814608,False
2015-11-03,2102.6298828125,2116.47998046875,2097.510009765625,2109.7900390625,2109.7900390625,4272060000,False,False,0.0027243529250675206,False
2015-11-04,2110.60009765625,2114.590087890625,2096.97998046875,2102.31005859375,2102.31005859375,4078870000,False,False,-0.003551666939647187,False
2015-11-05,2101.679931640625,2108.780029296875,2090.409912109375,2099.929931640625,2099.929931640625,4051890000,False,False,-0.0011327897564983025,False
2015-11-06,2098.60009765625,2101.909912109375,2083.739990234375,2099.199951171875,2099.199951171875,4369020000,False,False,-0.00034768178002366065,False
2015-11-09,2096.56005859375,2096.56005859375,2068.239990234375,2078.580078125,2078.580078125,3882350000,False,False,-0.009871290656502512,False
2015-11-10,2077.18994140625,2083.669921875,2069.909912109375,2081.719970703125,2081.719970703125,3821440000,False,False,0.0015094551534496445,False
2015-11-11,2083.409912109375,2086.93994140625,2074.85009765625,2075.0,2075.0,3692410000,False,False,-0.003233307321568946,False
2015-11-12,2072.2900390625,2072.2900390625,2045.6600341796875,2045.969970703125,2045.969970703125,4016370000,False,False,-0.014089163336632673,False
2015-11-13,2044.6400146484375,2044.6400146484375,2022.02001953125,2023.0400390625,2023.0400390625,4278750000,False,False,-0.011270640432155438,False
2015-11-16,2022.0799560546875,2053.219970703125,2019.3900146484375,2053.18994140625,2053.18994140625,3741240000,False,False,0.014793302794234362,False
2015-11-17,2053.669921875,2066.68994140625,2045.9000244140625,2050.43994140625,2050.43994140625,4427350000,False,False,-0.0013402770182465746,False
2015-11-18,2051.989990234375,2085.31005859375,2051.989990234375,2083.580078125,2083.580078125,3926390000,False,False,0.016033229877172244,False
2015-11-19,2083.699951171875,2086.739990234375,2078.760009765625,2081.239990234375,2081.239990234375,3628110000,False,False,-0.0011237403289792015,False
2015-11-20,2082.820068359375,2097.06005859375,2082.820068359375,2089.169921875,2089.169921875,3929600000,False,False,0.0038029552801494165,False
2015-11-23,2089.409912109375,2095.610107421875,2081.389892578125,2086.590087890625,2086.590087890625,3587980000,False,False,-0.0012356238416840882,False
2015-11-24,2084.419921875,2094.1201171875,2070.2900390625,2089.139892578125,2089.139892578125,3884930000,False,False,0.0012212499449607925,False
2015-11-25,2089.300048828125,2093.0,2086.300048828125,2088.8701171875,2088.8701171875,2852940000,False,False,-0.00012914061496715576,False
2015-11-27,2088.820068359375,2093.2900390625,2084.1298828125,2090.110107421875,2090.110107421875,1466840000,False,False,0.0005934415594808398,False
2015-11-30,2090.949951171875,2093.81005859375,2080.409912109375,2080.409912109375,2080.409912109375,4275030000,False,False,-0.004651800139618441,False
2015-12-01,2082.929931640625,2103.3701171875,2082.929931640625,2102.6298828125,2102.6298828125,3712120000,False,False,0.01062393894673922,False
2015-12-02,2101.7099609375,2104.27001953125,2077.110107421875,2079.510009765625,2079.510009765625,3950640000,False,False,-0.011056592639448921,False
2015-12-03,2080.7099609375,2085.0,2042.3499755859375,2049.6201171875,2049.6201171875,4306490000,False,False,-0.014477826444150087,False
2015-12-04,2051.239990234375,2093.840087890625,2051.239990234375,2091.68994140625,2091.68994140625,4214910000,False,False,0.02031785636385123,False
2015-12-07,2090.419921875,2090.419921875,2066.780029296875,2077.070068359375,2077.070068359375,4043820000,False,False,-0.007014043960397749,False
2015-12-08,2073.389892578125,2073.85009765625,2052.320068359375,2063.590087890625,2063.590087890625,4173570000,False,False,-0.006511052625594547,False
2015-12-09,2061.169921875,2080.330078125,2036.530029296875,2047.6199951171875,2047.6199951171875,4385250000,False,False,-0.007769086365692726,False
2015-12-10,2047.9300537109375,2067.64990234375,2045.6700439453125,2052.22998046875,2052.22998046875,3715150000,False,False,0.0022488565785946774,False
2015-12-11,2047.27001953125,2047.27001953125,2008.800048828125,2012.3699951171875,2012.3699951171875,4301060000,False,False,-0.01961386775581532,False
2015-12-14,2013.3699951171875,2022.9200439453125,1993.260009765625,2021.93994140625,2021.93994140625,4612440000,False,False,0.0047442880640680245,False
2015-12-15,2025.550048828125,2053.8701171875,2025.550048828125,2043.4100341796875,2043.4100341796875,4353540000,False,False,0.010562580105914385,False
2015-12-16,2046.5,2076.719970703125,2042.4300537109375,2073.070068359375,2073.070068359375,4635450000,False,False,0.014410635650771483,False
2015-12-17,2073.760009765625,2076.3701171875,2041.6600341796875,2041.8900146484375,2041.8900146484375,4327390000,False,False,-0.015154776635876313,False
2015-12-18,2040.81005859375,2040.81005859375,2005.3299560546875,2005.550048828125,2005.550048828125,6683070000,False,False,-0.017957495007106937,False
2015-12-21,2010.27001953125,2022.9000244140625,2005.9300537109375,2021.1500244140625,2021.1500244140625,3760280000,False,False,0.0077483067271562,False
2015-12-22,2023.1500244140625,2042.739990234375,2020.489990234375,2038.969970703125,2038.969970703125,3520860000,False,False,0.008778095591568889,False
2015-12-23,2042.199951171875,2064.72998046875,2042.199951171875,2064.2900390625,2064.2900390625,3484090000,False,False,0.012341596527553888,False
2015-12-24,2063.52001953125,2067.360107421875,2058.72998046875,2060.989990234375,2060.989990234375,1411860000,False,False,-0.0015999154038633197,False
2015-12-28,2057.77001953125,2057.77001953125,2044.199951171875,2056.5,2056.5,2492510000,False,False,-0.002180936456306017,False
2015-12-29,2060.5400390625,2081.56005859375,2060.5400390625,2078.360107421875,2078.360107421875,2542000000,False,False,0.010573664173022947,False
2015-12-30,2077.340087890625,2077.340087890625,2061.969970703125,2063.360107421875,2063.360107421875,2367430000,False,False,-0.007243398783778549,False
2015-12-31,2060.590087890625,2062.5400390625,2043.6199951171875,2043.93994140625,2043.93994140625,2655330000,False,False,-0.009456485041467845,False
2016-01-04,2038.199951171875,2038.199951171875,1989.6800537109375,2012.6600341796875,2012.6600341796875,4304880000,False,False,-0.015422041797805928,False
2016-01-05,2013.780029296875,2021.93994140625,2004.1700439453125,2016.7099609375,2016.7099609375,3706620000,False,False,0.0020102041393599396,False
2016-01-06,2011.7099609375,2011.7099609375,1979.050048828125,1990.260009765625,1990.260009765625,4336660000,False,False,-0.01320216300262602,False
2016-01-07,1985.3199462890625,1985.3199462890625,1938.8299560546875,1943.0899658203125,1943.0899658203125,5076590000,False,False,-0.023985816519344776,False
2016-01-08,1945.969970703125,1960.4000244140625,1918.4599609375,1922.030029296875,1922.030029296875,4664940000,False,False,-0.010897537445847908,False
2016-01-11,1926.1199951171875,1935.6500244140625,1901.0999755859375,1923.6700439453125,1923.6700439453125,4607290000,False,False,0.0008529082958226729,False
2016-01-12,1927.8299560546875,1947.3800048828125,1914.3499755859375,1938.6800537109375,1938.6800537109375,4887260000,False,False,0.00777251411777486,False
2016-01-13,1940.3399658203125,1950.3299560546875,1886.4100341796875,1890.280029296875,1890.280029296875,5087030000,False,False,-0.025282375077909022,False
2016-01-14,1891.6800537109375,1934.469970703125,1878.9300537109375,1921.8399658203125,1921.8399658203125,5241110000,False,False,0.016558060934383972,False
2016-01-15,1916.6800537109375,1916.6800537109375,1857.8299560546875,1880.3299560546875,1880.3299560546875,5468460000,False,False,-0.021835772698162375,False
2016-01-19,1888.6600341796875,1901.43994140625,1864.5999755859375,1881.3299560546875,1881.3299560546875,4928350000,False,False,0.0005316801874288286,False
2016-01-20,1876.1800537109375,1876.1800537109375,1812.2900390625,1859.3299560546875,1859.3299560546875,6416070000,False,False,-0.011762766025898373,False
2016-01-21,1861.4599609375,1889.8499755859375,1848.97998046875,1868.989990234375,1868.989990234375,5078810000,False,False,0.005181988635948063,False
2016-01-22,1877.4000244140625,1908.8499755859375,1877.4000244140625,1906.9000244140625,1906.9000244140625,4901760000,False,False,0.02008072688221347,False
2016-01-25,1906.280029296875,1906.280029296875,1875.969970703125,1877.0799560546875,1877.0799560546875,4401380000,False,False,-0.015761545172821467,False
2016-01-26,1878.7900390625,1906.72998046875,1878.7900390625,1903.6300048828125,1903.6300048828125,4357940000,False,False,0.014045237830367907,False
2016-01-27,1902.52001953125,1916.989990234375,1872.699951171875,1882.949951171875,1882.949951171875,4754040000,False,False,-0.010922922300528425,False
2016-01-28,1885.219970703125,1902.9599609375,1873.6500244140625,1893.3599853515625,1893.3599853515625,4693010000,False,False,0.005513350717591524,False
2016-01-29,1894.0,1940.239990234375,1894.0,1940.239990234375,1940.239990234375,5497570000,False,False,0.024458650994556432,False
2016-02-01,1936.93994140625,1947.199951171875,1920.300048828125,1939.3800048828125,1939.3800048828125,4322530000,False,False,-0.00044333484554180534,False
2016-02-02,1935.260009765625,1935.260009765625,1897.2900390625,1903.030029296875,1903.030029296875,4463190000,False,False,-0.01892096871823143,False
2016-02-03,1907.0699462890625,1918.010009765625,1872.22998046875,1912.530029296875,1912.530029296875,5172950000,False,False,0.0049796200215740235,False
2016-02-04,1911.6700439453125,1927.3499755859375,1900.52001953125,1915.449951171875,1915.449951171875,5193320000,False,False,0.0015255682925234377,False
2016-02-05,1913.0699462890625,1913.0699462890625,1872.6500244140625,1880.050048828125,1880.050048828125,4929940000,False,False,-0.018654158276351848,False
2016-02-08,1873.25,1873.25,1828.4599609375,1853.43994140625,1853.43994140625,5636460000,False,False,-0.014255057923057347,False
2016-02-09,1848.4599609375,1868.25,1834.93994140625,1852.2099609375,1852.2099609375,5183220000,False,False,-0.0006638406467602255,False
2016-02-10,1857.0999755859375,1881.5999755859375,1850.3199462890625,1851.8599853515625,1851.8599853515625,4471170000,False,False,-0.00018896813076091644,False
2016-02-11,1847.0,1847.0,1810.0999755859375,1829.0799560546875,1829.0799560546875,5500800000,False,False,-0.012377447329256216,False
2016-02-12,1833.4000244140625,1864.780029296875,1833.4000244140625,1864.780029296875,1864.780029296875,4696920000,False,False,0.01933001520704595,False
2016-02-16,1871.43994140625,1895.77001953125,1871.43994140625,1895.5799560546875,1895.5799560546875,4570670000,False,False,0.016381737741684915,False
2016-02-17,1898.800048828125,1930.6800537109375,1898.800048828125,1926.8199462890625,1926.8199462890625,5011540000,False,False,0.016346110625641338,False
2016-02-18,1927.5699462890625,1930.0,1915.0899658203125,1917.8299560546875,1917.8299560546875,4436490000,False,False,-0.004676632123934705,False
2016-02-19,1916.739990234375,1918.780029296875,1902.1700439453125,1917.780029296875,1917.780029296875,4142850000,False,False,-2.60332818018429e-05,False
2016-02-22,1924.43994140625,1946.699951171875,1924.43994140625,1945.5,1945.5,4054710000,False,False,0.014350731099076084,False
2016-02-23,1942.3800048828125,1942.3800048828125,1919.43994140625,1921.27001953125,1921.27001953125,3890650000,False,False,-0.01253257757078849,False
2016-02-24,1917.56005859375,1932.0799560546875,1891.0,1929.800048828125,1929.800048828125,4317250000,False,False,0.0044299600346319485,False
2016-02-25,1931.8699951171875,1951.8299560546875,1925.4100341796875,1951.699951171875,1951.699951171875,4118210000,False,False,0.011284366730450844,False
2016-02-26,1954.949951171875,1962.9599609375,1945.780029296875,1948.050048828125,1948.050048828125,4348510000,False,False,-0.0018718653295646535,False
2016-02-29,1947.1300048828125,1958.27001953125,1931.81005859375,1932.22998046875,1932.22998046875,4588180000,False,False,-0.008154131091571704,False
2016-03-01,1937.0899658203125,1978.3499755859375,1937.0899658203125,1978.3499755859375,1978.3499755859375,4819750000,False,False,0.023588385401618943,False
2016-03-02,1976.5999755859375,1986.510009765625,1968.800048828125,1986.449951171875,1986.449951171875,4666610000,False,False,0.0040859498611017005,False
2016-03-03,1985.5999755859375,1993.68994140625,1977.3699951171875,1993.4000244140625,1993.4000244140625,5081700000,False,False,0.003492634320316937,False
2016-03-04,1994.010009765625,2009.1300048828125,1986.77001953125,1999.989990234375,1999.989990234375,6049930000,False,False,0.0033004398659416986,False
2016-03-07,1996.1099853515625,2006.1199951171875,1989.3800048828125,2001.760009765625,2001.760009765625,4968180000,False,False,0.0008846228008639487,False
2016-03-08,1996.8800048828125,1996.8800048828125,1977.4300537109375,1979.260009765625,1979.260009765625,4641650000,False,False,-0.011303756056006186,False
2016-03-09,1981.43994140625,1992.68994140625,1979.8399658203125,1989.260009765625,1989.260009765625,4038120000,False,False,0.00503967278281425,False
2016-03-10,1990.969970703125,2005.0799560546875,1969.25,1989.5699462890625,1989.5699462890625,4376790000,False,False,0.00015579279712262694,False
2016-03-11,1994.7099609375,2022.3699951171875,1994.7099609375,2022.18994140625,2022.18994140625,4078620000,False,False,0.016262545588851488,False
2016-03-14,2019.27001953125,2024.5699462890625,2012.050048828125,2019.6400146484375,2019.6400146484375,3487850000,False,False,-0.0012617686166117468,False
2016-03-15,2015.27001953125,2015.93994140625,2005.22998046875,2015.9300537109375,2015.9300537109375,3560280000,False,False,-0.0018386309343179589,False
2016-03-16,2014.239990234375,2032.02001953125,2010.0400390625,2027.219970703125,2027.219970703125,4057020000,False,False,0.005584727881779697,False
2016-03-17,2026.9000244140625,2046.239990234375,2022.1600341796875,2040.5899658203125,2040.5899658203125,4530480000,False,False,0.006573583068596323,False
2016-03-18,2041.1600341796875,2052.360107421875,2041.1600341796875,2049.580078125,2049.580078125,6503140000,False,False,0.004395967251026178,False
2016-03-21,2047.8800048828125,2053.909912109375,2043.1400146484375,2051.60009765625,2051.60009765625,3376600000,False,False,0.0009850919042923014,False
2016-03-22,2048.639892578125,2056.60009765625,2040.5699462890625,2049.800048828125,2049.800048828125,3418460000,False,False,-0.0008777728967722512,False
2016-03-23,2048.550048828125,2048.550048828125,2034.8599853515625,2036.7099609375,2036.7099609375,3639510000,False,False,-0.00640650953066712,False
2016-03-24,2032.47998046875,2036.0400390625,2022.489990234375,2035.93994140625,2035.93994140625,3407720000,False,False,-0.0003781417793768198,False
2016-03-28,2037.8900146484375,2042.6700439453125,2031.9599609375,2037.050048828125,2037.050048828125,2809090000,False,False,0.000545106888072358,False
2016-03-29,2035.75,2055.909912109375,2028.31005859375,2055.010009765625,2055.010009765625,3822330000,False,False,0.00877801205423741,False
2016-03-30,2058.27001953125,2072.2099609375,2058.27001953125,2063.949951171875,2063.949951171875,3590310000,False,False,0.0043408799935662195,False
2016-03-31,2063.77001953125,2067.919921875,2057.4599609375,2059.739990234375,2059.739990234375,3715280000,False,False,-0.0020418423596207116,False
2016-04-01,2056.6201171875,2075.070068359375,2043.97998046875,2072.780029296875,2072.780029296875,3749990000,False,False,0.006310959066599757,False
2016-04-04,2073.18994140625,2074.02001953125,2062.570068359375,2066.1298828125,2066.1298828125,3485710000,False,False,-0.003213480045854618,False
2016-04-05,2062.5,2062.5,2042.56005859375,2045.1700439453125,2045.1700439453125,4154920000,False,False,-0.01019629841179453,False
2016-04-06,2045.56005859375,2067.330078125,2043.0899658203125,2066.659912109375,2066.659912109375,3750800000,False,False,0.01045279793201316,False
2016-04-07,2063.010009765625,2063.010009765625,2033.800048828125,2041.9100341796875,2041.9100341796875,3801250000,False,False,-0.012048073970004866,False
2016-04-08,2045.5400390625,2060.6298828125,2041.68994140625,2047.5999755859375,2047.5999755859375,3359530000,False,False,0.002782702604616504,False
2016-04-11,2050.22998046875,2062.929931640625,2041.8800048828125,2041.989990234375,2041.989990234375,3567840000,False,False,-0.0027435458896039448,False
2016-04-12,2043.719970703125,2065.050048828125,2039.739990234375,2061.719970703125,2061.719970703125,4239740000,False,False,0.009615753881389974,False
2016-04-13,2065.919921875,2083.179931640625,2065.919921875,2082.419921875,2082.419921875,4191830000,False,False,0.009990069768557895,False
2016-04-14,2082.889892578125,2087.840087890625,2078.1298828125,2082.780029296875,2082.780029296875,3765870000,False,False,0.00017291243013242585,False
2016-04-15,2083.10009765625,2083.219970703125,2076.31005859375,2080.72998046875,2080.72998046875,3701450000,False,False,-0.000984769576145959,False
2016-04-18,2078.830078125,2094.659912109375,2073.64990234375,2094.340087890625,2094.340087890625,3316880000,False,False,0.006519725613797989,False
2016-04-19,2096.050048828125,2104.050048828125,2091.679931640625,2100.800048828125,2100.800048828125,3896830000,False,False,0.0030797379028665328,False
2016-04-20,2101.52001953125,2111.050048828125,2096.320068359375,2102.39990234375,2102.39990234375,4184880000,False,False,0.0007612550492345003,False
2016-04-21,2102.090087890625,2103.780029296875,2088.52001953125,2091.47998046875,2091.47998046875,4175290000,False,False,-0.005207562857292034,False
2016-04-22,2091.489990234375,2094.320068359375,2081.199951171875,2091.580078125,2091.580078125,3790580000,False,False,4.785857954074228e-05,False
2016-04-25,2089.3701171875,2089.3701171875,2077.52001953125,2087.7900390625,2087.7900390625,3319740000,False,False,-0.0018136896207629953,False
2016-04-26,2089.840087890625,2096.8701171875,2085.800048828125,2091.699951171875,2091.699951171875,3557190000,False,False,0.0018710001742369307,False
2016-04-27,2092.330078125,2099.889892578125,2082.31005859375,2095.14990234375,2095.14990234375,4100110000,False,False,0.0016479941117468401,False
2016-04-28,2090.929931640625,2099.300048828125,2071.6201171875,2075.81005859375,2075.81005859375,4309840000,False,False,-0.00927363606156167,False
2016-04-29,2071.820068359375,2073.85009765625,2052.280029296875,2065.300048828125,2065.300048828125,4704720000,False,False,-0.005075949230557177,False
2016-05-02,2067.169921875,2083.419921875,2066.110107421875,2081.429931640625,2081.429931640625,3841110000,False,False,0.007779606697244105,False
2016-05-03,2077.179931640625,2077.179931640625,2054.889892578125,2063.3701171875,2063.3701171875,4173390000,False,False,-0.008714499388395887,False
2016-05-04,2060.300048828125,2060.300048828125,2045.550048828125,2051.1201171875,2051.1201171875,4058560000,False,False,-0.00595458270547255,False
2016-05-05,2052.949951171875,2060.22998046875,2045.77001953125,2050.6298828125,2050.6298828125,4008530000,False,False,-0.00023903669279415213,False
2016-05-06,2047.77001953125,2057.719970703125,2039.449951171875,2057.139892578125,2057.139892578125,3796350000,False,False,0.0031696105535526063,False
2016-05-09,2057.550048828125,2064.14990234375,2054.31005859375,2058.68994140625,2058.68994140625,3788620000,False,False,0.0007532133076099479,False
2016-05-10,2062.6298828125,2084.8701171875,2062.6298828125,2084.389892578125,2084.389892578125,3600200000,False,False,0.012406365236037333,False
2016-05-11,2083.2900390625,2083.2900390625,2064.4599609375,2064.4599609375,2064.4599609375,3821980000,False,False,-0.009607522877868724,False
2016-05-12,2067.169921875,2073.989990234375,2053.1298828125,2064.110107421875,2064.110107421875,3782390000,False,False,-0.00016947926796424465,False
2016-05-13,2062.5,2066.7900390625,2043.1300048828125,2046.6099853515625,2046.6099853515625,3579880000,False,False,-0.008514434161752484,False
2016-05-16,2046.530029296875,2071.8798828125,2046.530029296875,2066.659912109375,2066.659912109375,3501360000,False,False,0.009748976389612767,False
2016-05-17,2065.0400390625,2065.68994140625,2040.8199462890625,2047.2099609375,2047.2099609375,4108960000,False,False,-0.009455863552162807,False
2016-05-18,2044.3800048828125,2060.610107421875,2034.489990234375,2047.6300048828125,2047.6300048828125,4101320000,False,False,0.00020515768640127935,False
2016-05-19,2044.2099609375,2044.2099609375,2025.9100341796875,2040.0400390625,2040.0400390625,3846770000,False,False,-0.0037135945227206248,False
2016-05-20,2041.8800048828125,2058.35009765625,2041.8800048828125,2052.320068359375,2052.320068359375,3507650000,False,False,0.006001459222804671,False
2016-05-23,2052.22998046875,2055.580078125,2047.260009765625,2048.0400390625,2048.0400390625,3055480000,False,False,-0.0020876365681016884,False
2016-05-24,2052.64990234375,2079.669921875,2052.64990234375,2076.06005859375,2076.06005859375,3627340000,False,False,0.013588637533990108,False
2016-05-25,2078.929931640625,2094.72998046875,2078.929931640625,2090.5400390625,2090.5400390625,3859160000,False,False,0.006950529651583447,False
2016-05-26,2091.43994140625,2094.300048828125,2087.080078125,2090.10009765625,2090.10009765625,3230990000,False,False,-0.0002104660499285901,False
2016-05-27,2090.06005859375,2099.06005859375,2090.06005859375,2099.06005859375,2099.06005859375,3079150000,False,False,0.004277694939439437,False
2016-05-31,2100.1298828125,2103.47998046875,2088.659912109375,2096.949951171875,2096.949951171875,4514410000,False,False,-0.0010057686205899895,False
2016-06-01,2093.93994140625,2100.969970703125,2085.10009765625,2099.330078125,2099.330078125,3525170000,False,False,0.001134398653926189,False
2016-06-02,2097.7099609375,2105.260009765625,2088.590087890625,2105.260009765625,2105.260009765625,3632720000,False,False,0.002820696166986195,False
2016-06-03,2104.070068359375,2104.070068359375,2085.360107421875,2099.1298828125,2099.1298828125,3627780000,False,False,-0.002916062236694851,False
2016-06-06,2100.830078125,2113.360107421875,2100.830078125,2109.409912109375,2109.409912109375,3442020000,False,False,0.004885328519363624,False
2016-06-07,2110.179931640625,2119.219970703125,2110.179931640625,2112.1298828125,2112.1298828125,3534730000,False,False,0.001288615629197613,False
2016-06-08,2112.7099609375,2120.550048828125,2112.7099609375,2119.1201171875,2119.1201171875,3562060000,False,False,0.0033041019719547236,False
2016-06-09,2115.64990234375,2117.639892578125,2107.72998046875,2115.47998046875,2115.47998046875,3290320000,False,False,-0.0017192355978938075,False
2016-06-10,2109.570068359375,2109.570068359375,2089.9599609375,2096.070068359375,2096.070068359375,3515010000,False,False,-0.009217532410166119,False
2016-06-13,2091.75,2098.1201171875,2078.4599609375,2079.06005859375,2079.06005859375,3392030000,False,False,-0.008148298789709478,False
2016-06-14,2076.64990234375,2081.300048828125,2064.10009765625,2075.320068359375,2075.320068359375,3759770000,False,False,-0.0018005050719719037,False
2016-06-15,2077.60009765625,2085.64990234375,2069.800048828125,2071.5,2071.5,3544720000,False,False,-0.0018424090638101951,False
2016-06-16,2066.360107421875,2079.6201171875,2050.3701171875,2077.989990234375,2077.989990234375,3628280000,False,False,0.0031280931110455722,False
2016-06-17,2078.199951171875,2078.199951171875,2062.840087890625,2071.219970703125,2071.219970703125,4952630000,False,False,-0.003263284144608922,False
2016-06-20,2075.580078125,2100.659912109375,2075.580078125,2083.25,2083.25,3467440000,False,False,0.0057913827784231015,False
2016-06-21,2085.18994140625,2093.659912109375,2083.02001953125,2088.89990234375,2088.89990234375,3232880000,False,False,0.002708390604209703,False
2016-06-22,2089.75,2099.7099609375,2084.360107421875,2085.449951171875,2085.449951171875,3168160000,False,False,-0.00165292899657585,False
2016-06-23,2092.800048828125,2113.320068359375,2092.800048828125,2113.320068359375,2113.320068359375,3297940000,False,False,0.013275567071955107,False
2016-06-24,2103.81005859375,2103.81005859375,2032.5699462890625,2037.4100341796875,2037.4100341796875,7597450000,False,False,-0.03658079280558263,False
2016-06-27,2031.449951171875,2031.449951171875,1991.6800537109375,2000.5400390625,2000.5400390625,5431220000,False,False,-0.018262246511702756,False
2016-06-28,2006.6700439453125,2036.0899658203125,2006.6700439453125,2036.0899658203125,2036.0899658203125,4385810000,False,False,0.01761412160408792,False
2016-06-29,2042.68994140625,2073.1298828125,2042.68994140625,2070.77001953125,2070.77001953125,4241740000,False,False,0.016889242971253916,False
2016-06-30,2073.169921875,2098.93994140625,2070.0,2098.860107421875,2098.860107421875,4622820000,False,False,0.013473863149466128,False
2016-07-01,2099.340087890625,2108.7099609375,2097.89990234375,2102.949951171875,2102.949951171875,3458890000,False,False,0.0019467062930320223,False
2016-07-05,2095.050048828125,2095.050048828125,2080.860107421875,2088.550048828125,2088.550048828125,3658380000,False,False,-0.006871028985598719,False
2016-07-06,2084.429931640625,2100.719970703125,2074.02001953125,2099.72998046875,2099.72998046875,3909380000,False,False,0.0053386870582759595,False
2016-07-07,2100.419921875,2109.080078125,2089.389892578125,2097.89990234375,2097.89990234375,3604550000,False,False,-0.0008719578867330009,False
2016-07-08,2106.969970703125,2131.7099609375,2106.969970703125,2129.89990234375,2129.89990234375,3607500000,False,False,0.0151381865659924,False
2016-07-11,2131.719970703125,2143.159912109375,2131.719970703125,2137.159912109375,2137.159912109375,3253340000,False,False,0.0034028193119982385,False
2016-07-12,2139.5,2155.39990234375,2139.5,2152.139892578125,2152.139892578125,4097820000,False,False,0.006984842307345719,False
2016-07-13,2153.81005859375,2156.449951171875,2146.2099609375,2152.429931640625,2152.429931640625,3502320000,False,False,0.00013475867498170382,False
2016-07-14,2157.8798828125,2168.989990234375,2157.8798828125,2163.75,2163.75,3465610000,False,False,0.005245422801696999,False
2016-07-15,2165.1298828125,2169.050048828125,2155.7900390625,2161.739990234375,2161.739990234375,3122600000,False,False,-0.0009293790598711438,False
2016-07-18,2162.0400390625,2168.35009765625,2159.6298828125,2166.889892578125,2166.889892578125,3009310000,False,False,0.0023794618218687365,False
2016-07-19,2163.7900390625,2164.6298828125,2159.010009765625,2163.780029296875,2163.780029296875,2968340000,False,False,-0.0014362045004153862,False
2016-07-20,2166.10009765625,2175.6298828125,2164.889892578125,2173.02001953125,2173.02001953125,3211860000,False,False,0.004261208315763991,False
2016-07-21,2172.909912109375,2174.56005859375,2159.75,2165.169921875,2165.169921875,3438900000,False,False,-0.003619069856524976,False
2016-07-22,2166.469970703125,2175.110107421875,2163.239990234375,2175.030029296875,2175.030029296875,3023280000,False,False,0.004543626789510244,False
2016-07-25,2173.7099609375,2173.7099609375,2161.949951171875,2168.47998046875,2168.47998046875,3057240000,False,False,-0.0030160187399297005,False
2016-07-26,2168.969970703125,2173.5400390625,2160.179931640625,2169.179931640625,2169.179931640625,3442350000,False,False,0.0003227321607194127,False
2016-07-27,2169.81005859375,2174.97998046875,2159.070068359375,2166.580078125,2166.580078125,3995500000,False,False,-0.001199260946808637,False
2016-07-28,2166.050048828125,2172.85009765625,2159.739990234375,2170.06005859375,2170.06005859375,3664240000,False,False,0.001604920448092453,False
2016-07-29,2168.830078125,2177.090087890625,2163.489990234375,2173.60009765625,2173.60009765625,4038840000,False,False,0.0016299801176578648,False
2016-08-01,2173.14990234375,2178.2900390625,2166.2099609375,2170.840087890625,2170.840087890625,3505990000,False,False,-0.0012705941474910585,False
2016-08-02,2169.93994140625,2170.199951171875,2147.580078125,2157.030029296875,2157.030029296875,3848750000,False,False,-0.006381940812667669,False
2016-08-03,2156.81005859375,2163.7900390625,2152.56005859375,2163.7900390625,2163.7900390625,3786530000,False,False,0.0031290427160710972,False
2016-08-04,2163.510009765625,2168.18994140625,2159.070068359375,2164.25,2164.25,3709200000,False,False,0.00021254929948908707,False
2016-08-05,2168.7900390625,2182.8701171875,2168.7900390625,2182.8701171875,2182.8701171875,3663070000,False,False,0.00856669728938006,False
2016-08-08,2183.760009765625,2185.43994140625,2177.85009765625,2180.889892578125,2180.889892578125,3327550000,False,False,-0.0009075772915415996,False
2016-08-09,2182.239990234375,2187.659912109375,2178.610107421875,2181.739990234375,2181.739990234375,3334300000,False,False,0.00038971798655598234,False
2016-08-10,2182.81005859375,2183.409912109375,2172.0,2175.489990234375,2175.489990234375,3254950000,False,False,-0.0028687970634882847,False
2016-08-11,2177.969970703125,2188.449951171875,2177.969970703125,2185.7900390625,2185.7900390625,3423160000,False,False,0.004723415102443644,False
2016-08-12,2183.739990234375,2186.280029296875,2179.419921875,2184.050048828125,2184.050048828125,3000660000,False,False,-0.0007963633869140575,False
2016-08-15,2186.080078125,2193.81005859375,2186.080078125,2190.14990234375,2190.14990234375,3078530000,False,False,0.002789016294521772,False
2016-08-16,2186.239990234375,2186.239990234375,2178.139892578125,2178.14990234375,2178.14990234375,3196400000,False,False,-0.0054941422164782264,False
2016-08-17,2177.840087890625,2183.080078125,2168.5,2182.219970703125,2182.219970703125,3388910000,False,False,0.0018668460061555662,False
2016-08-18,2181.89990234375,2187.030029296875,2180.4599609375,2187.02001953125,2187.02001953125,3300570000,False,False,0.002197201696382422,False
2016-08-19,2184.239990234375,2185.0,2175.1298828125,2183.8701171875,2183.8701171875,3084800000,False,False,-0.0014413095687681864,False
2016-08-22,2181.580078125,2185.14990234375,2175.9599609375,2182.639892578125,2182.639892578125,2777550000,False,False,-0.0005634818833231075,False
2016-08-23,2187.81005859375,2193.419921875,2186.800048828125,2186.89990234375,2186.89990234375,3041490000,False,False,0.001949867178361733,False
2016-08-24,2185.090087890625,2186.659912109375,2171.25,2175.43994140625,2175.43994140625,3148280000,False,False,-0.005254055259671874,False
2016-08-25,2173.2900390625,2179.0,2169.739990234375,2172.469970703125,2172.469970703125,2969310000,False,False,-0.001366160396645455,False
2016-08-26,2175.10009765625,2187.93994140625,2160.389892578125,2169.0400390625,2169.0400390625,3342340000,False,False,-0.001580064238713279,False
2016-08-29,2170.18994140625,2183.47998046875,2170.18994140625,2180.3798828125,2180.3798828125,2654780000,False,False,0.005214428428674345,False
2016-08-30,2179.449951171875,2182.27001953125,2170.409912109375,2176.1201171875,2176.1201171875,3006800000,False,False,-0.001955591407122778,False
2016-08-31,2173.56005859375,2173.7900390625,2161.35009765625,2170.949951171875,2170.949951171875,3766390000,False,False,-0.0023786911055626065,False
2016-09-01,2171.330078125,2173.56005859375,2157.090087890625,2170.860107421875,2170.860107421875,3392120000,False,False,-4.138538941144249e-05,False
2016-09-02,2177.489990234375,2184.8701171875,2173.590087890625,2179.97998046875,2179.97998046875,3091120000,False,False,0.004192241599034617,False
2016-09-06,2181.610107421875,2186.570068359375,2175.10009765625,2186.47998046875,2186.47998046875,3447650000,False,False,0.002977242370005349,False
2016-09-07,2185.169921875,2187.8701171875,2179.070068359375,2186.159912109375,2186.159912109375,3319420000,False,False,-0.00014639593829345095,False
2016-09-08,2182.760009765625,2184.93994140625,2177.489990234375,2181.300048828125,2181.300048828125,3727840000,False,False,-0.0022254881924702883,False
2016-09-09,2169.080078125,2169.080078125,2127.81005859375,2127.81005859375,2127.81005859375,4233960000,False,False,-0.024827742410836417,False
2016-09-12,2120.860107421875,2163.300048828125,2119.1201171875,2159.0400390625,2159.0400390625,4010480000,False,False,0.014570387233434434,False
2016-09-13,2150.469970703125,2150.469970703125,2120.27001953125,2127.02001953125,2127.02001953125,4141670000,False,False,-0.014941748278210834,False
2016-09-14,2127.860107421875,2141.330078125,2119.89990234375,2125.77001953125,2125.77001953125,3664100000,False,False,-0.0005878493998128358,False
2016-09-15,2125.360107421875,2151.31005859375,2122.360107421875,2147.260009765625,2147.260009765625,3373720000,False,False,0.01005851644943989,False
2016-09-16,2146.47998046875,2146.47998046875,2131.199951171875,2139.159912109375,2139.159912109375,5014360000,False,False,-0.0037794277955721,False
2016-09-19,2143.989990234375,2153.610107421875,2135.909912109375,2139.1201171875,2139.1201171875,3141820000,False,False,-1.8603233824686035e-05,False
2016-09-20,2145.93994140625,2150.800048828125,2139.169921875,2139.760009765625,2139.760009765625,3117380000,False,False,0.0002990934842341777,False
2016-09-21,2144.580078125,2165.110107421875,2139.570068359375,2163.1201171875,2163.1201171875,3685450000,False,False,0.010858000333635954,False
2016-09-22,2170.93994140625,2179.989990234375,2170.93994140625,2177.179931640625,2177.179931640625,3523860000,False,False,0.006478751917642122,False
2016-09-23,2173.2900390625,2173.75,2163.969970703125,2164.68994140625,2164.68994140625,3289860000,False,False,-0.005753292959718776,False
2016-09-26,2158.5400390625,2158.5400390625,2145.0400390625,2146.10009765625,2146.10009765625,3199910000,False,False,-0.008624850117916047,False
2016-09-27,2146.0400390625,2161.1298828125,2141.550048828125,2159.929931640625,2159.929931640625,3414090000,False,False,0.006423495165298114,False
2016-09-28,2161.85009765625,2172.39990234375,2151.7900390625,2171.3701171875,2171.3701171875,3860390000,False,False,0.005282576603642458,False
2016-09-29,2168.89990234375,2172.669921875,2145.199951171875,2151.1298828125,2151.1298828125,4215620000,False,False,-0.009365127730081198,False
2016-09-30,2156.510009765625,2175.300048828125,2156.510009765625,2168.27001953125,2168.27001953125,4158800000,False,False,0.0079363925880277,False
2016-10-03,2164.330078125,2164.409912109375,2154.77001953125,2161.199951171875,2161.199951171875,3113850000,False,False,-0.003266023181527122,False
2016-10-04,2163.3701171875,2165.4599609375,2144.010009765625,2150.489990234375,2150.489990234375,3716100000,False,False,-0.004967881786362002,False
2016-10-05,2155.14990234375,2163.949951171875,2155.14990234375,2159.72998046875,2159.72998046875,3883710000,False,False,0.004287486231196994,False
2016-10-06,2158.219970703125,2162.929931640625,2150.280029296875,2160.77001953125,2160.77001953125,3438040000,False,False,0.0004814438526045025,False
2016-10-07,2164.18994140625,2165.860107421875,2144.85009765625,2153.739990234375,2153.739990234375,3578770000,False,False,-0.0032587874416142044,False
2016-10-10,2160.389892578125,2169.60009765625,2160.389892578125,2163.659912109375,2163.659912109375,2881970000,False,False,0.004595330317324387,False
2016-10-11,2161.35009765625,2161.56005859375,2128.840087890625,2136.72998046875,2136.72998046875,3393060000,False,False,-0.012524577697755964,False
2016-10-12,2137.669921875,2145.360107421875,2132.77001953125,2139.179931640625,2139.179931640625,2959510000,False,False,0.0011459322063988205,False
2016-10-13,2130.260009765625,2138.18994140625,2114.719970703125,2132.550048828125,2132.550048828125,3538030000,False,False,-0.0031040764122339942,False
2016-10-14,2139.679931640625,2149.18994140625,2132.97998046875,2132.97998046875,2132.97998046875,3187910000,False,False,0.0002015841591211507,False
2016-10-17,2132.949951171875,2135.610107421875,2124.429931640625,2126.5,2126.5,2832440000,False,False,-0.0030426181118402627,False
2016-10-18,2138.31005859375,2144.3798828125,2135.489990234375,2139.60009765625,2139.60009765625,3172940000,False,False,0.00614150560569863,False
2016-10-19,2140.81005859375,2148.43994140625,2138.14990234375,2144.2900390625,2144.2900390625,3364990000,False,False,0.0021895721553504997,False
2016-10-20,2142.510009765625,2147.179931640625,2133.43994140625,2141.340087890625,2141.340087890625,3339320000,False,False,-0.0013766711313809553,False
2016-10-21,2139.429931640625,2142.6298828125,2130.090087890625,2141.159912109375,2141.159912109375,3456390000,False,False,-8.414514015477906e-05,False
2016-10-24,2148.5,2154.7900390625,2146.909912109375,2151.330078125,2151.330078125,3359950000,False,False,0.004738594647427366,False
2016-10-25,2149.719970703125,2151.43994140625,2141.929931640625,2143.159912109375,2143.159912109375,3756200000,False,False,-0.0038049574647063588,False
2016-10-26,2136.969970703125,2145.72998046875,2131.590087890625,2139.429931640625,2139.429931640625,3778120000,False,False,-0.001741927921187231,False
2016-10-27,2144.06005859375,2147.1298828125,2132.52001953125,2133.0400390625,2133.0400390625,4209400000,False,False,-0.0029911959060088668,False
2016-10-28,2132.22998046875,2140.719970703125,2119.360107421875,2126.409912109375,2126.409912109375,4028270000,False,False,-0.00311314013962507,False
2016-10-31,2129.780029296875,2133.25,2125.530029296875,2126.14990234375,2126.14990234375,3926560000,False,False,-0.0001222838841985538,False
2016-11-01,2128.679931640625,2131.449951171875,2097.85009765625,2111.719970703125,2111.719970703125,4539190000,False,False,-0.006810019108735079,False
2016-11-02,2109.429931640625,2111.760009765625,2094.0,2097.93994140625,2097.93994140625,4289120000,False,False,-0.006546884453454001,False
2016-11-03,2098.800048828125,2102.56005859375,2085.22998046875,2088.659912109375,2088.659912109375,3892100000,False,False,-0.004433213022609399,False
2016-11-04,2083.7900390625,2099.070068359375,2083.7900390625,2085.179931640625,2085.179931640625,3841910000,False,False,-0.0016675202716929607,False
2016-11-07,2100.590087890625,2132.0,2100.590087890625,2131.52001953125,2131.52001953125,3739720000,False,False,0.0219801997294649,False
2016-11-08,2129.919921875,2146.8701171875,2123.56005859375,2139.56005859375,2139.56005859375,3921850000,False,False,0.0037648783971575305,False
2016-11-09,2131.56005859375,2170.10009765625,2125.35009765625,2163.260009765625,2163.260009765625,6267590000,False,False,0.011016119879656035,False
2016-11-10,2167.489990234375,2182.300048828125,2151.169921875,2167.47998046875,2167.47998046875,6458450000,False,False,0.001948845716095396,False
2016-11-11,2162.7099609375,2165.919921875,2152.489990234375,2164.449951171875,2164.449951171875,4993990000,False,False,-0.0013989283477976058,False
2016-11-14,2165.639892578125,2171.360107421875,2156.080078125,2164.199951171875,2164.199951171875,5373670000,False,False,-0.00011550945718323702,False
2016-11-15,2168.2900390625,2180.840087890625,2166.3798828125,2180.389892578125,2180.389892578125,4548110000,False,False,0.007452955022089459,False
2016-11-16,2177.530029296875,2179.219970703125,2172.199951171875,2176.93994140625,2176.93994140625,3847900000,False,False,-0.0015835165223759536,False
2016-11-17,2178.610107421875,2188.06005859375,2176.64990234375,2187.1201171875,2187.1201171875,3811730000,False,False,0.004665469361197901,False
2016-11-18,2186.85009765625,2189.889892578125,2180.3798828125,2181.89990234375,2181.89990234375,3580900000,False,False,-0.00238965136554844,False
2016-11-21,2186.429931640625,2198.699951171875,2186.429931640625,2198.179931640625,2198.179931640625,3611500000,False,False,0.007433702070873876,False
2016-11-22,2201.56005859375,2204.800048828125,2194.510009765625,2202.93994140625,2202.93994140625,3960520000,False,False,0.002163091103593048,False
2016-11-23,2198.550048828125,2204.719970703125,2194.510009765625,2204.719970703125,2204.719970703125,3419850000,False,False,0.000807698156908801,False
2016-11-25,2206.27001953125,2213.35009765625,2206.27001953125,2213.35009765625,2213.35009765625,1584590000,False,False,0.003906745613423708,False
2016-11-28,2210.2099609375,2211.139892578125,2200.360107421875,2201.719970703125,2201.719970703125,3515100000,False,False,-0.0052683892547352165,False
2016-11-29,2200.760009765625,2210.4599609375,2198.14990234375,2204.659912109375,2204.659912109375,3709190000,False,False,0.001334402353261901,False
2016-11-30,2204.969970703125,2214.10009765625,2198.81005859375,2198.81005859375,2198.81005859375,5538400000,False,False,-0.0026569305551563936,False
2016-12-01,2200.169921875,2202.60009765625,2187.43994140625,2191.080078125,2191.080078125,5067470000,False,False,-0.003521722966763813,False
2016-12-02,2191.1201171875,2197.949951171875,2188.3701171875,2191.949951171875,2191.949951171875,3782370000,False,False,0.0003969277200846238,False
2016-12-05,2200.64990234375,2209.419921875,2199.969970703125,2204.7099609375,2204.7099609375,3898530000,False,False,0.005804426926743671,False
2016-12-06,2207.260009765625,2212.780029296875,2202.2099609375,2212.22998046875,2212.22998046875,3857290000,False,False,0.0034050844688746093,False
2016-12-07,2210.719970703125,2241.6298828125,2208.929931640625,2241.35009765625,2241.35009765625,4504070000,False,False,0.013077358744723351,False
2016-12-08,2241.1298828125,2251.68994140625,2237.570068359375,2246.18994140625,2246.18994140625,4203270000,False,False,0.0021570150168711013,False
2016-12-09,2249.72998046875,2259.800048828125,2249.22998046875,2259.530029296875,2259.530029296875,3886460000,False,False,0.005921418532969715,False
2016-12-12,2258.830078125,2264.030029296875,2252.3701171875,2256.9599609375,2256.9599609375,4038850000,False,False,-0.001138082290599516,False
2016-12-13,2263.320068359375,2277.530029296875,2263.320068359375,2271.719970703125,2271.719970703125,3875630000,False,False,0.00651848320123699,False
2016-12-14,2268.35009765625,2276.199951171875,2248.43994140625,2253.280029296875,2253.280029296875,4409670000,False,False,-0.008150295461858616,False
2016-12-15,2253.77001953125,2272.1201171875,2253.77001953125,2262.030029296875,2262.030029296875,4173360000,False,False,0.0038757076875535726,False
2016-12-16,2266.81005859375,2268.050048828125,2254.239990234375,2258.070068359375,2258.070068359375,5928980000,False,False,-0.0017521567509802415,False
2016-12-19,2259.239990234375,2267.469970703125,2258.2099609375,2262.530029296875,2262.530029296875,3252840000,False,False,0.0019731727152112587,False
2016-12-20,2266.5,2272.56005859375,2266.139892578125,2270.760009765625,2270.760009765625,3306250000,False,False,0.0036309124011527547,False
2016-12-21,2270.5400390625,2271.22998046875,2265.14990234375,2265.179931640625,2265.179931640625,2854880000,False,False,-0.0024603857246776667,False
2016-12-22,2262.929931640625,2263.179931640625,2256.080078125,2260.9599609375,2260.9599609375,2880670000,False,False,-0.0018647112223965044,False
2016-12-23,2260.25,2263.7900390625,2258.840087890625,2263.7900390625,2263.7900390625,2021230000,False,False,0.0012509325350792359,False
2016-12-27,2266.22998046875,2273.820068359375,2266.14990234375,2268.8798828125,2268.8798828125,1989730000,False,False,0.0022458489045486347,False
2016-12-28,2270.22998046875,2271.31005859375,2249.110107421875,2249.919921875,2249.919921875,2402750000,False,False,-0.008391640709771516,False
2016-12-29,2249.5,2254.510009765625,2244.56005859375,2249.260009765625,2249.260009765625,2338700000,False,False,-0.00029334773186837293,False
2016-12-30,2251.610107421875,2253.580078125,2233.6201171875,2238.830078125,2238.830078125,2671550000,False,False,-0.004647834696854234,False
2017-01-03,2251.570068359375,2263.8798828125,2245.1298828125,2257.830078125,2257.830078125,3773010000,False,False,0.008450766753157112,False
2017-01-04,2261.60009765625,2272.820068359375,2261.60009765625,2270.75,2270.75,3768890000,False,False,0.005705963770549438,False
2017-01-05,2268.179931640625,2271.5,2260.449951171875,2269.0,2269.0,3785080000,False,False,-0.0007709676024811847,False
2017-01-06,2271.139892578125,2282.10009765625,2264.06005859375,2276.97998046875,2276.97998046875,3342080000,False,False,0.0035107891805790594,False
2017-01-09,2273.590087890625,2275.489990234375,2268.89990234375,2268.89990234375,2268.89990234375,3219730000,False,False,-0.003554905471559629,False
2017-01-10,2269.719970703125,2279.27001953125,2265.27001953125,2268.89990234375,2268.89990234375,3640560000,False,False,0.0,False
2017-01-11,2268.60009765625,2275.320068359375,2260.830078125,2275.320068359375,2275.320068359375,3625080000,False,False,0.0028256423891019514,False
2017-01-12,2271.139892578125,2271.780029296875,2254.25,2270.43994140625,2270.43994140625,3466220000,False,False,-0.002147112393729617,False
2017-01-13,2272.739990234375,2278.679931640625,2271.510009765625,2274.639892578125,2274.639892578125,3090680000,False,False,0.0018481313951466559,False
2017-01-17,2269.139892578125,2272.080078125,2262.81005859375,2267.889892578125,2267.889892578125,3586950000,False,False,-0.0029719144562184454,False
2017-01-18,2269.139892578125,2272.010009765625,2263.35009765625,2271.889892578125,2271.889892578125,3317670000,False,False,0.0017622004698093201,False
2017-01-19,2271.89990234375,2274.330078125,2258.409912109375,2263.68994140625,2263.68994140625,3168390000,False,False,-0.003615837624319374,False
2017-01-20,2269.9599609375,2276.9599609375,2265.010009765625,2271.31005859375,2271.31005859375,3536850000,False,False,0.0033605840612999428,False
2017-01-23,2267.780029296875,2271.780029296875,2257.02001953125,2265.199951171875,2265.199951171875,3155240000,False,False,-0.002693749646069815,False
2017-01-24,2267.8798828125,2284.6298828125,2266.679931640625,2280.070068359375,2280.070068359375,3816950000,False,False,0.006543140528962317,False
2017-01-25,2288.8798828125,2299.550048828125,2288.8798828125,2298.3701171875,2298.3701171875,3849340000,False,False,0.007994052795968681,False
2017-01-26,2298.6298828125,2300.989990234375,2294.080078125,2296.679931640625,2296.679931640625,3611510000,False,False,-0.0007356549352631034,False
2017-01-27,2299.02001953125,2299.02001953125,2291.6201171875,2294.68994140625,2294.68994140625,3137420000,False,False,-0.0008668394897415927,False
2017-01-30,2286.010009765625,2286.010009765625,2268.0400390625,2280.89990234375,2280.89990234375,3595040000,False,False,-0.006027673496096654,False
2017-01-31,2274.02001953125,2279.090087890625,2267.2099609375,2278.8701171875,2278.8701171875,4089730000,False,False,-0.0008903016080325452,False
2017-02-01,2285.590087890625,2289.139892578125,2272.43994140625,2279.550048828125,2279.550048828125,3919190000,False,False,0.00029831898811628964,False
2017-02-02,2276.68994140625,2283.969970703125,2271.64990234375,2280.85009765625,2280.85009765625,3809760000,False,False,0.0005701468386910137,False
2017-02-03,2288.5400390625,2298.31005859375,2287.8798828125,2297.419921875,2297.419921875,3605970000,False,False,0.007238496854553608,False
2017-02-06,2294.280029296875,2296.179931640625,2288.570068359375,2292.56005859375,2292.56005859375,3112390000,False,False,-0.002117597513709103,False
2017-02-07,2295.8701171875,2299.39990234375,2290.159912109375,2293.080078125,2293.080078125,3452460000,False,False,0.00022680346384577153,False
2017-02-08,2289.550048828125,2295.909912109375,2285.3798828125,2294.669921875,2294.669921875,3611950000,False,False,0.0006930821486096318,False
2017-02-09,2296.699951171875,2311.080078125,2296.610107421875,2307.8701171875,2307.8701171875,3681600000,False,False,0.00573606373596025,False
2017-02-10,2312.27001953125,2319.22998046875,2311.10009765625,2316.10009765625,2316.10009765625,3496600000,False,False,0.0035597068220090916,False
2017-02-13,2321.719970703125,2331.580078125,2321.419921875,2328.25,2328.25,3352370000,False,False,0.005232133584011204,False
2017-02-14,2326.1201171875,2337.580078125,2322.169921875,2337.580078125,2337.580078125,3528040000,False,False,0.003999327195672579,False
2017-02-15,2335.580078125,2351.300048828125,2334.81005859375,2349.25,2349.25,3785870000,False,False,0.00497988866573445,False
2017-02-16,2349.639892578125,2351.31005859375,2338.8701171875,2347.219970703125,2347.219970703125,3675900000,False,False,-0.0008644916015501692,False
2017-02-17,2343.010009765625,2351.159912109375,2339.580078125,2351.159912109375,2351.159912109375,3516830000,False,False,0.001677149327237158,False
2017-02-21,2354.909912109375,2366.7099609375,2354.909912109375,2365.3798828125,2365.3798828125,3587520000,False,False,0.0060298500200691545,False
2017-02-22,2361.110107421875,2365.1298828125,2358.340087890625,2362.820068359375,2362.820068359375,3473170000,False,False,-0.001082786146804093,False
2017-02-23,2367.5,2368.260009765625,2355.090087890625,2363.81005859375,2363.81005859375,4021770000,False,False,0.00041889897125923353,False
2017-02-24,2355.72998046875,2367.340087890625,2352.8701171875,2367.340087890625,2367.340087890625,3832410000,False,False,0.0014922502320316529,False
2017-02-27,2365.22998046875,2371.5400390625,2361.8701171875,2369.75,2369.75,3584680000,False,False,0.0010174652677336642,False
2017-02-28,2366.080078125,2367.7900390625,2358.9599609375,2363.639892578125,2363.639892578125,4212460000,False,False,-0.0025817061151949088,False
2017-03-01,2380.1298828125,2400.97998046875,2380.1298828125,2395.9599609375,2395.9599609375,4347630000,False,False,0.013581211083725323,False
2017-03-02,2394.75,2394.75,2380.169921875,2381.919921875,2381.919921875,3824030000,False,False,-0.0058771169721052695,False
2017-03-03,2380.919921875,2383.889892578125,2375.389892578125,2383.1201171875,2383.1201171875,3556670000,False,False,0.0005037503685347897,False
2017-03-06,2375.22998046875,2378.800048828125,2367.97998046875,2375.31005859375,2375.31005859375,3251800000,False,False,-0.0032826227635658124,False
2017-03-07,2370.739990234375,2375.1201171875,2365.510009765625,2368.389892578125,2368.389892578125,3526300000,False,False,-0.0029176259020898777,False
2017-03-08,2369.81005859375,2373.090087890625,2361.010009765625,2362.97998046875,2362.97998046875,3814080000,False,False,-0.002286827964063899,False
2017-03-09,2363.489990234375,2369.080078125,2354.5400390625,2364.8701171875,2364.8701171875,3718450000,False,False,0.0007995756127663866,False
2017-03-10,2372.52001953125,2376.860107421875,2363.0400390625,2372.60009765625,2372.60009765625,3434400000,False,False,0.0032633397058585423,False
2017-03-13,2371.56005859375,2374.419921875,2368.52001953125,2373.469970703125,2373.469970703125,3166650000,False,False,0.0003665656191696328,False
2017-03-14,2368.550048828125,2368.550048828125,2358.179931640625,2365.449951171875,2365.449951171875,3173760000,False,False,-0.003384748980891005,False
2017-03-15,2370.340087890625,2390.010009765625,2368.93994140625,2385.260009765625,2385.260009765625,3909490000,False,False,0.008339879124686365,False
2017-03-16,2387.7099609375,2388.10009765625,2377.179931640625,2381.3798828125,2381.3798828125,3368880000,False,False,-0.0016280347991836145,False
2017-03-17,2383.7099609375,2385.7099609375,2377.639892578125,2378.25,2378.25,5179820000,False,False,-0.0013151792642314352,False
2017-03-20,2378.239990234375,2379.550048828125,2369.659912109375,2373.469970703125,2373.469970703125,3061560000,False,False,-0.0020119160803802947,False
2017-03-21,2379.320068359375,2381.929931640625,2341.89990234375,2344.02001953125,2344.02001953125,4278890000,False,False,-0.012485594590102116,False
2017-03-22,2343.0,2351.81005859375,2336.449951171875,2348.449951171875,2348.449951171875,3575160000,False,False,0.0018881028474626675,False
2017-03-23,2345.969970703125,2358.919921875,2342.1298828125,2345.9599609375,2345.9599609375,3262400000,False,False,-0.001060832144830083,False
2017-03-24,2350.419921875,2356.219970703125,2335.739990234375,2343.97998046875,2343.97998046875,2978530000,False,False,-0.0008443522139384829,False
2017-03-27,2329.110107421875,2344.89990234375,2322.25,2341.590087890625,2341.590087890625,3242300000,False,False,-0.0010201075858456302,False
2017-03-28,2339.7900390625,2363.780029296875,2337.6298828125,2358.570068359375,2358.570068359375,3369120000,False,False,0.007225308829623951,False
2017-03-29,2356.5400390625,2363.360107421875,2352.93994140625,2361.1298828125,2361.1298828125,3107670000,False,False,0.0010847362038301697,False
2017-03-30,2361.31005859375,2370.419921875,2358.580078125,2368.06005859375,2368.06005859375,3159680000,False,False,0.0029308109117050134,False
2017-03-31,2364.820068359375,2370.35009765625,2362.60009765625,2362.719970703125,2362.719970703125,3356740000,False,False,-0.0022575939382668176,False
2017-04-03,2362.340087890625,2365.8701171875,2344.72998046875,2358.840087890625,2358.840087890625,3418730000,False,False,-0.0016434753080133316,False
2017-04-04,2354.760009765625,2360.530029296875,2350.719970703125,2360.159912109375,2360.159912109375,3208340000,False,False,0.0005593660746613713,False
2017-04-05,2366.590087890625,2378.360107421875,2350.52001953125,2352.949951171875,2352.949951171875,3780650000,False,False,-0.003059536811522123,False
2017-04-06,2353.7900390625,2364.159912109375,2348.89990234375,2357.489990234375,2357.489990234375,3203250000,False,False,0.001927650293734993,False
2017-04-07,2356.590087890625,2363.760009765625,2350.739990234375,2355.5400390625,2355.5400390625,3054700000,False,False,-0.0008274724629448716,False
2017-04-10,2357.159912109375,2366.3701171875,2351.5,2357.159912109375,2357.159912109375,2792570000,False,False,0.000687450135783276,False
2017-04-11,2353.919921875,2355.219970703125,2337.25,2353.780029296875,2353.780029296875,3120900000,False,False,-0.0014349082919582845,False
2017-04-12,2352.14990234375,2352.719970703125,2341.179931640625,2344.929931640625,2344.929931640625,3201300000,False,False,-0.0037670374189869064,False
2017-04-13,2341.97998046875,2348.260009765625,2328.949951171875,2328.949951171875,2328.949951171875,3146380000,False,False,-0.006838020289804216,False
2017-04-17,2332.6201171875,2349.139892578125,2332.510009765625,2349.010009765625,2349.010009765625,2826890000,False,False,0.008576465691107291,False
2017-04-18,2342.530029296875,2348.35009765625,2334.5400390625,2342.18994140625,2342.18994140625,3272210000,False,False,-0.0029076028458332546,False
2017-04-19,2346.7900390625,2352.6298828125,2335.050048828125,2338.169921875,2338.169921875,3521160000,False,False,-0.0017178253968685745,False
2017-04-20,2342.68994140625,2361.3701171875,2340.909912109375,2355.840087890625,2355.840087890625,3648990000,False,False,0.0075288503629738525,False
2017-04-21,2354.739990234375,2356.179931640625,2344.510009765625,2348.68994140625,2348.68994140625,3524160000,False,False,-0.0030396881071153782,False
2017-04-24,2370.330078125,2376.97998046875,2369.18994140625,2374.14990234375,2374.14990234375,3711170000,False,False,0.010781736588111827,False
2017-04-25,2381.510009765625,2392.47998046875,2381.14990234375,2388.610107421875,2388.610107421875,4005820000,False,False,0.006072214211751177,False
2017-04-26,2388.97998046875,2398.159912109375,2386.780029296875,2387.449951171875,2387.449951171875,4111350000,False,False,-0.0004858214756873499,False
2017-04-27,2389.699951171875,2392.10009765625,2382.679931640625,2388.77001953125,2388.77001953125,4099940000,False,False,0.0005527670002992063,False
2017-04-28,2393.679931640625,2393.679931640625,2382.360107421875,2384.199951171875,2384.199951171875,3721350000,False,False,-0.0019149794714900413,False
2017-05-01,2388.5,2394.489990234375,2384.830078125,2388.330078125,2388.330078125,3201500000,False,False,0.0017307918268938255,False
2017-05-02,2391.050048828125,2392.929931640625,2385.820068359375,2391.169921875,2391.169921875,3861360000,False,False,0.0011883435858115294,False
2017-05-03,2386.5,2389.820068359375,2379.75,2388.1298828125,2388.1298828125,3896760000,False,False,-0.0012721693958273864,False
2017-05-04,2389.7900390625,2391.429931640625,2380.35009765625,2389.52001953125,2389.52001953125,4367860000,False,False,0.0005819332878695465,False
2017-05-05,2392.3701171875,2399.2900390625,2389.3798828125,2399.2900390625,2399.2900390625,3543240000,False,False,0.00408035940747836,False
2017-05-08,2399.93994140625,2401.360107421875,2393.919921875,2399.3798828125,2399.3798828125,3429990000,False,False,3.7445271907879016e-05,False
2017-05-09,2401.580078125,2403.8701171875,2392.43994140625,2396.919921875,2396.919921875,3657840000,False,False,-0.0010257745567932176,False
2017-05-10,2396.7900390625,2399.739990234375,2392.7900390625,2399.6298828125,2399.6298828125,3649370000,False,False,0.0011299627174494742,False
2017-05-11,2394.840087890625,2395.719970703125,2381.739990234375,2394.43994140625,2394.43994140625,3727710000,False,False,-0.0021651513741066187,False
2017-05-12,2392.43994140625,2392.43994140625,2387.18994140625,2390.89990234375,2390.89990234375,3304620000,False,False,-0.0014795353407942593,False
2017-05-15,2393.97998046875,2404.050048828125,2393.93994140625,2402.320068359375,2402.320068359375,3490080000,False,False,0.0047651423030152336,False
2017-05-16,2404.550048828125,2405.77001953125,2396.050048828125,2400.669921875,2400.669921875,3421810000,False,False,-0.0006871330369860457,False
2017-05-17,2382.949951171875,2384.8701171875,2356.2099609375,2357.030029296875,2357.030029296875,4164760000,False,False,-0.018345468171115042,False
2017-05-18,2354.68994140625,2375.739990234375,2352.719970703125,2365.719970703125,2365.719970703125,4319440000,False,False,0.003680038627215951,False
2017-05-19,2371.3701171875,2389.06005859375,2370.429931640625,2381.72998046875,2381.72998046875,3831700000,False,False,0.0067447032082007,False
2017-05-22,2387.2099609375,2395.4599609375,2386.919921875,2394.02001953125,2394.02001953125,3176580000,False,False,0.00514686329600843,False
2017-05-23,2397.0400390625,2400.85009765625,2393.8798828125,2398.419921875,2398.419921875,3216560000,False,False,0.0018361851723804105,False
2017-05-24,2401.409912109375,2405.580078125,2397.989990234375,2404.389892578125,2404.389892578125,3389240000,False,False,0.0024860338045762944,False
2017-05-25,2409.5400390625,2418.7099609375,2408.010009765625,2415.070068359375,2415.070068359375,3538210000,False,False,0.004432112041978175,False
2017-05-26,2414.5,2416.679931640625,2412.199951171875,2415.820068359375,2415.820068359375,2806930000,False,False,0.00031050178530242343,False
2017-05-30,2411.669921875,2415.260009765625,2409.429931640625,2412.909912109375,2412.909912109375,3205860000,False,False,-0.0012053507295338199,False
2017-05-31,2415.6298828125,2415.989990234375,2403.590087890625,2411.800048828125,2411.800048828125,4518040000,False,False,-0.0004600746199513276,False
2017-06-01,2415.64990234375,2430.06005859375,2413.5400390625,2430.06005859375,2430.06005859375,3860620000,False,False,0.0075425955848472245,False
2017-06-02,2431.280029296875,2440.22998046875,2427.7099609375,2439.070068359375,2439.070068359375,3465500000,False,False,0.00370087461804602,False
2017-06-05,2437.830078125,2439.550048828125,2434.320068359375,2436.10009765625,2436.10009765625,2916720000,False,False,-0.0012184071404286387,False
2017-06-06,2431.919921875,2436.2099609375,2428.1201171875,2429.330078125,2429.330078125,3376750000,False,False,-0.0027829086662040834,False
2017-06-07,2432.030029296875,2435.280029296875,2424.75,2433.139892578125,2433.139892578125,3576220000,False,False,0.0015670287963475379,False
2017-06-08,2434.27001953125,2439.27001953125,2427.93994140625,2433.7900390625,2433.7900390625,3735980000,False,False,0.00026716903566476714,False
2017-06-09,2436.389892578125,2446.199951171875,2415.699951171875,2431.77001953125,2431.77001953125,4029860000,False,False,-0.0008303338661872762,False
2017-06-12,2425.8798828125,2430.3798828125,2419.969970703125,2429.389892578125,2429.389892578125,4031840000,False,False,-0.0009792424797181137,False
2017-06-13,2434.14990234375,2441.489990234375,2431.280029296875,2440.35009765625,2440.35009765625,3278240000,False,False,0.00450135884323014,False
2017-06-14,2443.75,2443.75,2428.340087890625,2437.919921875,2437.919921875,3558640000,False,False,-0.0009963269653176028,False
2017-06-15,2424.139892578125,2433.949951171875,2418.530029296875,2432.4599609375,2432.4599609375,3371980000,False,False,-0.002242109796840374,False
2017-06-16,2431.239990234375,2433.14990234375,2422.8798828125,2433.14990234375,2433.14990234375,5299380000,False,False,0.00028359915005969524,False
2017-06-19,2442.550048828125,2453.820068359375,2441.7900390625,2453.4599609375,2453.4599609375,3271480000,False,False,0.008312583206893995,False
2017-06-20,2450.659912109375,2450.659912109375,2436.60009765625,2437.030029296875,2437.030029296875,3422700000,False,False,-0.0067191604469316645,False
2017-06-21,2439.31005859375,2442.22998046875,2430.739990234375,2435.610107421875,2435.610107421875,3599190000,False,False,-0.0005828141932715965,False
2017-06-22,2437.39990234375,2441.6201171875,2433.27001953125,2434.5,2434.5,3477250000,False,False,-0.0004558859724380852,False
2017-06-23,2434.64990234375,2441.39990234375,2431.110107421875,2438.300048828125,2438.300048828125,5282460000,False,False,0.0015596985554090976,False
2017-06-26,2443.320068359375,2450.419921875,2437.030029296875,2439.070068359375,2439.070068359375,3243660000,False,False,0.00031575193973236123,False
2017-06-27,2436.340087890625,2440.14990234375,2419.3798828125,2419.3798828125,2419.3798828125,3564770000,False,False,-0.008105586575672907,False
2017-06-28,2428.699951171875,2442.969970703125,2428.02001953125,2440.68994140625,2440.68994140625,3479980000,False,False,0.008769501646551084,False
2017-06-29,2442.3798828125,2442.72998046875,2405.699951171875,2419.699951171875,2419.699951171875,3869560000,False,False,-0.008637216844141348,False
2017-06-30,2429.199951171875,2432.7099609375,2421.64990234375,2423.409912109375,2423.409912109375,3366030000,False,False,0.0015320576108735333,False
2017-07-03,2431.389892578125,2439.169921875,2428.68994140625,2429.010009765625,2429.010009765625,1901480000,False,False,0.0023081679791475806,False
2017-07-05,2430.780029296875,2434.89990234375,2422.050048828125,2432.5400390625,2432.5400390625,3368150000,False,False,0.0014522240362887008,False
2017-07-06,2423.43994140625,2424.280029296875,2407.699951171875,2409.75,2409.75,3368710000,False,False,-0.009412987306866183,False
2017-07-07,2413.52001953125,2426.919921875,2413.52001953125,2425.179931640625,2425.179931640625,2929390000,False,False,0.006382712569615801,False
2017-07-10,2424.510009765625,2432.0,2422.27001953125,2427.429931640625,2427.429931640625,3009880000,False,False,0.0009273361035125654,False
2017-07-11,2427.35009765625,2429.300048828125,2412.7900390625,2425.530029296875,2425.530029296875,3108800000,False,False,-0.0007829870660821734,False
2017-07-12,2435.75,2445.760009765625,2435.75,2443.25,2443.25,3176900000,False,False,0.007279050947821435,False
2017-07-13,2444.989990234375,2449.320068359375,2441.68994140625,2447.830078125,2447.830078125,3068510000,False,False,0.001872829473473065,False
2017-07-14,2449.159912109375,2463.5400390625,2446.68994140625,2459.27001953125,2459.27001953125,2738460000,False,False,0.004662616170009233,False
2017-07-17,2459.5,2462.820068359375,2457.159912109375,2459.139892578125,2459.139892578125,2800580000,False,False,-5.291423670686425e-05,False
2017-07-18,2455.8798828125,2460.919921875,2450.340087890625,2460.610107421875,2460.610107421875,2974090000,False,False,0.0005976786981109875,False
2017-07-19,2463.85009765625,2473.830078125,2463.85009765625,2473.830078125,2473.830078125,3063810000,False,False,0.00535825821605345,False
2017-07-20,2475.56005859375,2477.6201171875,2468.429931640625,2473.449951171875,2473.449951171875,3223820000,False,False,-0.00015367108860704477,False
2017-07-21,2467.39990234375,2472.5400390625,2465.06005859375,2472.5400390625,2472.5400390625,3066880000,False,False,-0.0003679393292088825,False
2017-07-24,2472.0400390625,2473.10009765625,2466.320068359375,2469.909912109375,2469.909912109375,3019920000,False,False,-0.0010643009954088047,False
2017-07-25,2477.8798828125,2481.239990234375,2474.909912109375,2477.1298828125,2477.1298828125,4116360000,False,False,0.002918907519898033,False
2017-07-26,2479.969970703125,2481.68994140625,2474.93994140625,2477.830078125,2477.830078125,3597830000,False,False,0.00028262400611947947,False
2017-07-27,2482.760009765625,2484.0400390625,2459.929931640625,2475.419921875,2475.419921875,4035740000,False,False,-0.0009731616373937137,False
2017-07-28,2469.1201171875,2473.530029296875,2464.659912109375,2472.10009765625,2472.10009765625,3302850000,False,False,-0.0013420156781160386,False
2017-07-31,2475.93994140625,2477.9599609375,2468.530029296875,2470.300048828125,2470.300048828125,3475930000,False,False,-0.0007284108345598019,False
2017-08-01,2477.10009765625,2478.510009765625,2471.139892578125,2476.35009765625,2476.35009765625,3470260000,False,False,0.0024461207749384662,False
2017-08-02,2480.3798828125,2480.3798828125,2466.47998046875,2477.570068359375,2477.570068359375,3487150000,False,False,0.0004925274073474498,False
2017-08-03,2476.030029296875,2476.030029296875,2468.85009765625,2472.159912109375,2472.159912109375,3662410000,False,False,-0.0021860418349456704,False
2017-08-04,2476.8798828125,2480.0,2472.080078125,2476.830078125,2476.830078125,3239980000,False,False,0.0018873214175395684,False
2017-08-07,2477.139892578125,2480.949951171875,2475.8798828125,2480.909912109375,2480.909912109375,2935130000,False,False,0.0016458446442804673,False
2017-08-08,2478.35009765625,2490.8701171875,2470.320068359375,2474.919921875,2474.919921875,3347480000,False,False,-0.002417352230385335,False
2017-08-09,2465.35009765625,2474.409912109375,2462.080078125,2474.02001953125,2474.02001953125,3310960000,False,False,-0.0003636747927123762,False
2017-08-10,2465.3798828125,2465.3798828125,2437.75,2438.2099609375,2438.2099609375,3635820000,False,False,-0.01458021840074153,False
2017-08-11,2441.0400390625,2448.090087890625,2437.85009765625,2441.320068359375,2441.320068359375,3161830000,False,False,0.0012747571279871366,False
2017-08-14,2454.9599609375,2468.219970703125,2454.9599609375,2465.840087890625,2465.840087890625,2824320000,False,False,0.009993651246049404,False
2017-08-15,2468.659912109375,2468.89990234375,2461.610107421875,2464.610107421875,2464.610107421875,2922430000,False,False,-0.00049893232688349,False
2017-08-16,2468.6298828125,2474.929931640625,2463.860107421875,2468.110107421875,2468.110107421875,2956570000,False,False,0.0014190955233323716,False
2017-08-17,2462.949951171875,2465.02001953125,2430.010009765625,2430.010009765625,2430.010009765625,3164950000,False,False,-0.015557342487191416,False
2017-08-18,2427.639892578125,2440.27001953125,2420.68994140625,2425.550048828125,2425.550048828125,3426970000,False,False,-0.0018370536613519935,False
2017-08-21,2425.5,2430.580078125,2417.35009765625,2428.3701171875,2428.3701171875,2803650000,False,False,0.0011619757145661966,False
2017-08-22,2433.75,2454.77001953125,2433.669921875,2452.510009765625,2452.510009765625,2780990000,False,False,0.009891695260625078,False
2017-08-23,2444.8798828125,2448.909912109375,2441.419921875,2444.0400390625,2444.0400390625,2796950000,False,False,-0.0034595701326390073,False
2017-08-24,2447.909912109375,2450.389892578125,2436.18994140625,2438.969970703125,2438.969970703125,2849680000,False,False,-0.0020766167471384417,False
2017-08-25,2444.719970703125,2453.9599609375,2442.219970703125,2443.050048828125,2443.050048828125,2593350000,False,False,0.0016714716689374216,False
2017-08-28,2447.35009765625,2449.1201171875,2439.030029296875,2444.239990234375,2444.239990234375,2682920000,False,False,0.0004869534732960745,False
2017-08-29,2431.93994140625,2449.18994140625,2428.199951171875,2446.300048828125,2446.300048828125,2739460000,False,False,0.0008424667620097917,False
2017-08-30,2446.06005859375,2460.31005859375,2443.77001953125,2457.590087890625,2457.590087890625,2637780000,False,False,0.004604531788061044,False
2017-08-31,2462.64990234375,2475.010009765625,2462.64990234375,2471.64990234375,2471.64990234375,3353860000,False,False,0.0057046735847135445,False
2017-09-01,2474.419921875,2480.3798828125,2473.85009765625,2476.550048828125,2476.550048828125,2712780000,False,False,0.001980578042335197,False
2017-09-05,2470.35009765625,2471.969970703125,2446.550048828125,2457.85009765625,2457.85009765625,3502190000,False,False,-0.007579458552144929,False
2017-09-06,2463.830078125,2469.639892578125,2459.199951171875,2465.5400390625,2465.5400390625,3400200000,False,False,0.003123842493144133,False
2017-09-07,2468.06005859375,2468.6201171875,2460.2900390625,2465.10009765625,2465.10009765625,3365780000,False,False,-0.00017845204485370908,False
2017-09-08,2462.25,2467.110107421875,2459.39990234375,2461.429931640625,2461.429931640625,3308360000,False,False,-0.001489960143457705,False
2017-09-11,2474.52001953125,2488.949951171875,2474.52001953125,2488.110107421875,2488.110107421875,3293460000,False,False,0.010780975197147024,False
2017-09-12,2491.93994140625,2496.77001953125,2490.3701171875,2496.47998046875,2496.47998046875,3234280000,False,False,0.003358302594883113,False
2017-09-13,2493.889892578125,2498.3701171875,2492.139892578125,2498.3701171875,2498.3701171875,3371370000,False,False,0.0007568342480825294,False
2017-09-14,2494.56005859375,2498.429931640625,2491.35009765625,2495.6201171875,2495.6201171875,3422470000,False,False,-0.0011013238508279736,False
2017-09-15,2495.669921875,2500.22998046875,2493.159912109375,2500.22998046875,2500.22998046875,4862970000,False,False,0.001845477546159349,False
2017-09-18,2502.510009765625,2508.320068359375,2499.919921875,2503.8701171875,2503.8701171875,3204700000,False,False,0.0014548619291293301,False
2017-09-19,2506.2900390625,2507.840087890625,2503.18994140625,2506.64990234375,2506.64990234375,3253760000,False,False,0.0011095796167313857,False
2017-09-20,2506.840087890625,2508.85009765625,2496.669921875,2508.239990234375,2508.239990234375,3584570000,False,False,0.000634146702309437,False
2017-09-21,2507.159912109375,2507.159912109375,2499.0,2500.60009765625,2500.60009765625,2965590000,False,False,-0.0030505659469148337,False
2017-09-22,2497.260009765625,2503.469970703125,2496.5400390625,2502.219970703125,2502.219970703125,2877980000,False,False,0.0006475839951670207,False
2017-09-25,2499.389892578125,2502.5400390625,2488.030029296875,2496.659912109375,2496.659912109375,3314530000,False,False,-0.0022245226998538568,False
2017-09-26,2501.0400390625,2503.510009765625,2495.1201171875,2496.840087890625,2496.840087890625,3070770000,False,False,7.216412589487934e-05,False
2017-09-27,2503.300048828125,2511.75,2495.909912109375,2507.0400390625,2507.0400390625,3485070000,False,False,0.004076822401987925,False
2017-09-28,2503.409912109375,2510.81005859375,2502.929931640625,2510.06005859375,2510.06005859375,3173030000,False,False,0.0012038906289380277,False
2017-09-29,2509.9599609375,2519.43994140625,2507.989990234375,2519.360107421875,2519.360107421875,3220260000,False,False,0.0036982630684988258,False
2017-10-02,2521.199951171875,2529.22998046875,2520.39990234375,2529.1201171875,2529.1201171875,3226370000,False,False,0.0038665188297123134,False
2017-10-03,2530.340087890625,2535.1298828125,2528.85009765625,2534.580078125,2534.580078125,3073480000,False,False,0.002156511184660919,False
2017-10-04,2533.47998046875,2540.530029296875,2531.800048828125,2537.739990234375,2537.739990234375,3020770000,False,False,0.0012459436611136387,False
2017-10-05,2540.860107421875,2552.510009765625,2540.02001953125,2552.070068359375,2552.070068359375,3059730000,False,False,0.00563090403129274,False
2017-10-06,2547.43994140625,2549.409912109375,2543.7900390625,2549.330078125,2549.330078125,2898270000,False,False,-0.001074211165239725,False
2017-10-09,2551.389892578125,2551.820068359375,2541.60009765625,2544.72998046875,2544.72998046875,2486940000,False,False,-0.0018060638680135568,False
2017-10-10,2549.989990234375,2555.22998046875,2544.860107421875,2550.639892578125,2550.639892578125,2962610000,False,False,0.0023197196304780643,False
2017-10-11,2550.6201171875,2555.239990234375,2547.949951171875,2555.239990234375,2555.239990234375,2991320000,False,False,0.001801882929663564,False
2017-10-12,2552.8798828125,2555.330078125,2548.31005859375,2550.929931640625,2550.929931640625,3157280000,False,False,-0.0016881771203513885,False
2017-10-13,2555.659912109375,2557.64990234375,2552.090087890625,2553.169921875,2553.169921875,3150470000,False,False,0.0008777220048463043,False
2017-10-16,2555.570068359375,2559.469970703125,2552.639892578125,2557.639892578125,2557.639892578125,2918030000,False,False,0.0017492225323057532,False
2017-10-17,2557.169921875,2559.7099609375,2554.68994140625,2559.360107421875,2559.360107421875,2901890000,False,False,0.0006723529054339931,False
2017-10-18,2562.8701171875,2564.110107421875,2559.669921875,2561.260009765625,2561.260009765625,2999320000,False,False,0.0007420595113295467,False
2017-10-19,2553.389892578125,2562.360107421875,2547.919921875,2562.10009765625,2562.10009765625,3019520000,False,False,0.00032794411501048555,False
2017-10-20,2567.56005859375,2575.43994140625,2567.56005859375,2575.2099609375,2575.2099609375,3394450000,False,False,0.005103796185030386,False
2017-10-23,2578.080078125,2578.2900390625,2564.330078125,2564.97998046875,2564.97998046875,3214470000,False,False,-0.003980395312997195,False
2017-10-24,2568.659912109375,2572.179931640625,2565.580078125,2569.1298828125,2569.1298828125,3435660000,False,False,0.0016166008745580412,False
2017-10-25,2566.52001953125,2567.39990234375,2544.0,2557.14990234375,2557.14990234375,3885470000,False,False,-0.004673955687259985,False
2017-10-26,2560.080078125,2567.070068359375,2559.800048828125,2560.39990234375,2560.39990234375,3891750000,False,False,0.0012701392506023993,False
2017-10-27,2570.260009765625,2582.97998046875,2565.93994140625,2581.070068359375,2581.070068359375,3896100000,False,False,0.008040609979727099,False
2017-10-30,2577.75,2580.030029296875,2568.25,2572.830078125,2572.830078125,3660230000,False,False,-0.0031975773767407194,False
2017-10-31,2575.989990234375,2578.2900390625,2572.14990234375,2575.260009765625,2575.260009765625,3844420000,False,False,0.0009440129366793155,False
2017-11-01,2583.2099609375,2588.39990234375,2574.919921875,2579.360107421875,2579.360107421875,3841200000,False,False,0.0015908441079038695,False
2017-11-02,2579.4599609375,2581.110107421875,2566.169921875,2579.85009765625,2579.85009765625,4050140000,False,False,0.00018994776966671517,False
2017-11-03,2581.929931640625,2588.419921875,2576.77001953125,2587.840087890625,2587.840087890625,3568710000,False,False,0.003092289326314394,False
2017-11-06,2587.469970703125,2593.3798828125,2585.659912109375,2591.1298828125,2591.1298828125,3541970000,False,False,0.00127044388477643,False
2017-11-07,2592.110107421875,2597.02001953125,2584.35009765625,2590.639892578125,2590.639892578125,3815190000,False,False,-0.00018912080508191734,False
2017-11-08,2588.7099609375,2595.469970703125,2585.02001953125,2594.3798828125,2594.3798828125,3898450000,False,False,0.0014426139320604147,False
2017-11-09,2584.0,2586.5,2566.330078125,2584.6201171875,2584.6201171875,3844100000,False,False,-0.0037689813393701364,False
2017-11-10,2580.179931640625,2583.81005859375,2575.570068359375,2582.300048828125,2582.300048828125,3489740000,False,False,-0.0008980469760537102,False
2017-11-13,2576.530029296875,2587.659912109375,2574.47998046875,2584.840087890625,2584.840087890625,3405200000,False,False,0.000983150911293032,False
2017-11-14,2577.75,2579.659912109375,2566.56005859375,2578.8701171875,2578.8701171875,3643580000,False,False,-0.0023122805602819227,False
2017-11-15,2569.449951171875,2572.840087890625,2557.449951171875,2564.6201171875,2564.6201171875,3586590000,False,False,-0.005540998742123611,False
2017-11-16,2572.949951171875,2590.090087890625,2572.949951171875,2585.639892578125,2585.639892578125,3329730000,False,False,0.008162652782972403,False
2017-11-17,2582.93994140625,2583.9599609375,2577.6201171875,2578.85009765625,2578.85009765625,3309800000,False,False,-0.002629416978897395,False
2017-11-20,2579.489990234375,2584.639892578125,2578.239990234375,2582.139892578125,2582.139892578125,3023940000,False,False,0.0012748698887901106,False
2017-11-21,2589.169921875,2601.18994140625,2589.169921875,2599.030029296875,2599.030029296875,3351230000,False,False,0.006519838879752696,False
2017-11-22,2600.31005859375,2600.93994140625,2595.22998046875,2597.080078125,2597.080078125,2764110000,False,False,-0.0007505427033295442,False
2017-11-24,2600.419921875,2604.2099609375,2600.419921875,2602.419921875,2602.419921875,1385890000,False,False,0.002053984278231966,False
2017-11-27,2602.659912109375,2606.409912109375,2598.8701171875,2601.419921875,2601.419921875,3017720000,False,False,-0.00038433158680325395,False
2017-11-28,2605.93994140625,2627.68994140625,2605.43994140625,2627.0400390625,2627.0400390625,3493340000,False,False,0.009800332196793644,False
2017-11-29,2627.820068359375,2634.889892578125,2620.320068359375,2626.070068359375,2626.070068359375,4090630000,False,False,-0.0003692938827907781,False
2017-11-30,2633.929931640625,2657.739990234375,2633.929931640625,2647.580078125,2647.580078125,4965700000,False,False,0.008157586662811174,False
2017-12-01,2645.10009765625,2650.6201171875,2605.52001953125,2642.219970703125,2642.219970703125,3950930000,False,False,-0.0020265829358053324,False
2017-12-04,2657.18994140625,2665.18994140625,2639.030029296875,2639.43994140625,2639.43994140625,4025840000,False,False,-0.0010527105492864532,False
2017-12-05,2639.780029296875,2648.719970703125,2627.72998046875,2629.570068359375,2629.570068359375,3547570000,False,False,-0.003746390525955308,False
2017-12-06,2626.239990234375,2634.409912109375,2624.75,2629.27001953125,2629.27001953125,3253080000,False,False,-0.00011411217053034995,False
2017-12-07,2628.3798828125,2640.989990234375,2626.530029296875,2636.97998046875,2636.97998046875,3297060000,False,False,0.002928067010109385,False
2017-12-08,2646.2099609375,2651.64990234375,2644.10009765625,2651.5,2651.5,3126750000,False,False,0.005491202035518141,False
2017-12-11,2652.18994140625,2660.330078125,2651.469970703125,2659.989990234375,2659.989990234375,3141480000,False,False,0.0031968421216958323,False
2017-12-12,2661.72998046875,2669.719970703125,2659.780029296875,2664.110107421875,2664.110107421875,3568910000,False,False,0.001547723722089516,False
2017-12-13,2667.590087890625,2671.8798828125,2662.85009765625,2662.85009765625,2662.85009765625,3568360000,False,False,-0.000473068970150185,False
2017-12-14,2665.8701171875,2668.090087890625,2652.010009765625,2652.010009765625,2652.010009765625,3442760000,False,False,-0.004079167730762682,False
2017-12-15,2660.6298828125,2679.6298828125,2659.139892578125,2675.81005859375,2675.81005859375,5736910000,False,False,0.008934313410142761,False
2017-12-18,2685.919921875,2694.969970703125,2685.919921875,2690.159912109375,2690.159912109375,3727770000,False,False,0.005348478579597589,False
2017-12-19,2692.7099609375,2694.43994140625,2680.739990234375,2681.469970703125,2681.469970703125,3407680000,False,False,-0.0032354980431185012,False
2017-12-20,2688.179931640625,2691.010009765625,2676.110107421875,2679.25,2679.25,3246230000,False,False,-0.0008282360735725663,False
2017-12-21,2683.02001953125,2692.639892578125,2682.39990234375,2684.570068359375,2684.570068359375,3293130000,False,False,0.0019836870126583982,False
2017-12-22,2684.219970703125,2685.35009765625,2678.1298828125,2683.340087890625,2683.340087890625,2401030000,False,False,-0.00045827163811375547,False
2017-12-26,2679.090087890625,2682.739990234375,2677.9599609375,2680.5,2680.5,1970660000,False,False,-0.0010589757000585695,False
2017-12-27,2682.10009765625,2685.639892578125,2678.909912109375,2682.6201171875,2682.6201171875,2202900000,False,False,0.0007906283102422613,False
2017-12-28,2686.10009765625,2687.659912109375,2682.68994140625,2687.5400390625,2687.5400390625,2174890000,False,False,0.0018323190029195554,False
2017-12-29,2689.14990234375,2692.1201171875,2673.610107421875,2673.610107421875,2673.610107421875,2447760000,False,False,-0.005196632292748298,False
2018-01-02,2683.72998046875,2695.889892578125,2682.360107421875,2695.81005859375,2695.81005859375,3397430000,False,False,0.008269078218398127,False
2018-01-03,2697.85009765625,2714.3701171875,2697.77001953125,2713.06005859375,2713.06005859375,3544030000,False,False,0.006378433243936035,False
2018-01-04,2719.31005859375,2729.2900390625,2719.070068359375,2723.989990234375,2723.989990234375,3697340000,False,False,0.004020542855326989,False
2018-01-05,2731.330078125,2743.449951171875,2727.919921875,2743.14990234375,2743.14990234375,3239280000,False,False,0.007009145888585348,False
2018-01-08,2742.669921875,2748.510009765625,2737.60009765625,2747.7099609375,2747.7099609375,3246160000,False,False,0.001660963767296979,False
2018-01-09,2751.14990234375,2759.139892578125,2747.860107421875,2751.2900390625,2751.2900390625,3467460000,False,False,0.0013020835172984225,False
2018-01-10,2745.550048828125,2750.800048828125,2736.06005859375,2748.22998046875,2748.22998046875,3579900000,False,False,-0.0011128458115206878,False
2018-01-11,2752.969970703125,2767.56005859375,2752.780029296875,2767.56005859375,2767.56005859375,3645690000,False,False,0.007009025768882019,False
2018-01-12,2770.179931640625,2787.85009765625,2769.639892578125,2786.239990234375,2786.239990234375,3587220000,False,False,0.006726926399094035,False
2018-01-16,2798.9599609375,2807.5400390625,2768.639892578125,2776.419921875,2776.419921875,4362880000,False,False,-0.0035307132616026696,False
2018-01-17,2784.989990234375,2807.0400390625,2778.3798828125,2802.56005859375,2802.56005859375,3790340000,False,False,0.009371006206502086,False
2018-01-18,2802.39990234375,2805.830078125,2792.56005859375,2798.030029296875,2798.030029296875,3703300000,False,False,-0.0016176974974736241,False
2018-01-19,2802.60009765625,2810.330078125,2798.080078125,2810.300048828125,2810.300048828125,3724230000,False,False,0.004375647986990156,False
2018-01-22,2809.159912109375,2833.030029296875,2808.1201171875,2832.969970703125,2832.969970703125,3489480000,False,False,0.00803436438221324,False
2018-01-23,2835.050048828125,2842.239990234375,2830.590087890625,2839.1298828125,2839.1298828125,3541140000,False,False,0.002172004968222319,False
2018-01-24,2845.419921875,2852.969970703125,2824.81005859375,2837.5400390625,2837.5400390625,4079270000,False,False,-0.0005601325472320471,False
2018-01-25,2846.239990234375,2848.56005859375,2830.93994140625,2839.25,2839.25,3873100000,False,False,0.0006024393988328895,False
2018-01-26,2847.47998046875,2872.8701171875,2846.179931640625,2872.8701171875,2872.8701171875,3474680000,False,False,0.011771638106084168,False
2018-01-29,2867.22998046875,2870.6201171875,2851.47998046875,2853.530029296875,2853.530029296875,3587420000,False,False,-0.006754736284863033,False
2018-01-30,2832.739990234375,2837.75,2818.27001953125,2822.429931640625,2822.429931640625,4012070000,False,False,-0.010958642805337085,False
2018-01-31,2832.409912109375,2839.260009765625,2813.0400390625,2823.81005859375,2823.81005859375,4276270000,False,False,0.0004888658586947881,False
2018-02-01,2816.449951171875,2835.9599609375,2812.699951171875,2821.97998046875,2821.97998046875,3977380000,False,False,-0.0006482983520233253,False
2018-02-02,2808.919921875,2808.919921875,2759.969970703125,2762.1298828125,2762.1298828125,4340220000,False,False,-0.021436680516698812,False
2018-02-05,2741.06005859375,2763.389892578125,2638.169921875,2648.93994140625,2648.93994140625,5310840000,False,False,-0.041842540938381426,False
2018-02-06,2614.780029296875,2701.0400390625,2593.070068359375,2695.139892578125,2695.139892578125,5917350000,False,False,0.017290573348937088,False
2018-02-07,2690.949951171875,2727.669921875,2681.330078125,2681.659912109375,2681.659912109375,4646300000,False,False,-0.005014138223752627,False
2018-02-08,2685.010009765625,2685.27001953125,2580.56005859375,2581.0,2581.0,5333840000,False,False,-0.0382590522458017,False
2018-02-09,2601.780029296875,2638.669921875,2532.68994140625,2619.550048828125,2619.550048828125,5690110000,False,False,0.014825645199524345,False
2018-02-12,2636.75,2672.610107421875,2622.449951171875,2656.0,2656.0,4069220000,False,False,0.013818665678186272,False
2018-02-13,2646.27001953125,2668.840087890625,2637.080078125,2662.93994140625,2662.93994140625,3503540000,False,False,0.0026095219802775584,False
2018-02-14,2651.2099609375,2702.10009765625,2648.8701171875,2698.6298828125,2698.6298828125,4011940000,False,False,0.013313439808897013,False
2018-02-15,2713.4599609375,2731.510009765625,2689.820068359375,2731.199951171875,2731.199951171875,3696140000,False,False,0.01199686177677526,False
2018-02-16,2727.139892578125,2754.419921875,2725.110107421875,2732.219970703125,2732.219970703125,3646920000,False,False,0.0003733996499216942,False
2018-02-20,2722.989990234375,2737.60009765625,2706.760009765625,2716.260009765625,2716.260009765625,3646920000,False,False,-0.005858517106837343,False
2018-02-21,2720.530029296875,2747.75,2701.2900390625,2701.330078125,2701.330078125,3789040000,False,False,-0.005511664483310908,False
2018-02-22,2710.419921875,2731.260009765625,2697.77001953125,2703.9599609375,2703.9599609375,3720620000,False,False,0.0009730774855778604,False
2018-02-23,2715.800048828125,2747.760009765625,2713.739990234375,2747.300048828125,2747.300048828125,3200360000,False,False,0.015901278245121022,False
2018-02-26,2757.3701171875,2780.639892578125,2753.780029296875,2779.60009765625,2779.60009765625,3436590000,False,False,0.011688438620627399,False
2018-02-27,2780.449951171875,2789.14990234375,2744.219970703125,2744.280029296875,2744.280029296875,3752070000,False,False,-0.012788311441467541,False
2018-02-28,2753.780029296875,2761.52001953125,2713.5400390625,2713.830078125,2713.830078125,4244570000,False,False,-0.011157806083656078,False
2018-03-01,2715.219970703125,2730.889892578125,2659.64990234375,2677.669921875,2677.669921875,4514490000,False,False,-0.013413965854876449,False
2018-03-02,2658.889892578125,2696.25,2647.320068359375,2691.25,2691.25,3891250000,False,False,0.005058785485198549,False
2018-03-05,2681.06005859375,2728.090087890625,2675.75,2720.93994140625,2720.93994140625,3733640000,False,False,0.01097161761052657,False
2018-03-06,2730.179931640625,2732.080078125,2711.260009765625,2728.1201171875,2728.1201171875,3389030000,False,False,0.0026353829319968104,False
2018-03-07,2710.179931640625,2730.60009765625,2701.739990234375,2726.800048828125,2726.800048828125,3406690000,False,False,-0.000483991825716375,False
2018-03-08,2732.75,2740.449951171875,2722.64990234375,2738.969970703125,2738.969970703125,3206040000,False,False,0.004453148208884627,False
2018-03-09,2752.909912109375,2786.570068359375,2751.5400390625,2786.570068359375,2786.570068359375,3376870000,False,False,0.017229546741207587,False
2018-03-12,2790.5400390625,2796.97998046875,2779.260009765625,2783.02001953125,2783.02001953125,3216960000,False,False,-0.001274797337998416,False
2018-03-13,2792.31005859375,2801.89990234375,2758.679931640625,2765.31005859375,2765.31005859375,3324290000,False,False,-0.006383910414314703,False
2018-03-14,2774.06005859375,2777.110107421875,2744.3798828125,2749.47998046875,2749.47998046875,3394630000,False,False,-0.005740969825188786,False
2018-03-15,2754.27001953125,2763.030029296875,2741.469970703125,2747.330078125,2747.330078125,3543710000,False,False,-0.0007822363990965508,False
2018-03-16,2750.570068359375,2761.85009765625,2749.969970703125,2752.010009765625,2752.010009765625,5429140000,False,False,0.0017019979472317418,False
2018-03-19,2741.3798828125,2741.3798828125,2694.590087890625,2712.919921875,2712.919921875,3327460000,False,False,-0.014306040541373417,False
2018-03-20,2715.050048828125,2724.219970703125,2710.050048828125,2716.93994140625,2716.93994140625,3272590000,False,False,0.0014807086617189258,False
2018-03-21,2714.989990234375,2739.139892578125,2709.7900390625,2711.929931640625,2711.929931640625,3434780000,False,False,-0.0018456921256294063,False
2018-03-22,2691.360107421875,2695.679931640625,2641.590087890625,2643.68994140625,2643.68994140625,3765460000,False,False,-0.025484886972854417,False
2018-03-23,2646.7099609375,2657.669921875,2585.889892578125,2588.260009765625,2588.260009765625,3829380000,False,False,-0.02118980731175066,False
2018-03-26,2619.35009765625,2661.360107421875,2601.81005859375,2658.550048828125,2658.550048828125,3538080000,False,False,0.02679504070603539,False
2018-03-27,2667.570068359375,2674.780029296875,2596.1201171875,2612.6201171875,2612.6201171875,3761320000,False,False,-0.0174272856453219,False
2018-03-28,2611.300048828125,2632.64990234375,2593.06005859375,2605.0,2605.0,3875720000,False,False,-0.0029209188994626773,False
2018-03-29,2614.409912109375,2659.070068359375,2609.719970703125,2640.8701171875,2640.8701171875,3572360000,False,False,0.013675777493843445,False
2018-04-02,2633.449951171875,2638.300048828125,2553.800048828125,2581.8798828125,2581.8798828125,3635780000,False,False,-0.022590682343495868,False
2018-04-03,2592.169921875,2619.139892578125,2575.489990234375,2614.449951171875,2614.449951171875,3395840000,False,False,0.012535961315741067,False
2018-04-04,2584.0400390625,2649.860107421875,2573.610107421875,2644.68994140625,2644.68994140625,3369230000,False,False,0.01150010234644679,False
2018-04-05,2657.360107421875,2672.080078125,2649.580078125,2662.840087890625,2662.840087890625,3230430000,False,False,0.006839421401651201,False
2018-04-06,2645.820068359375,2656.8798828125,2586.27001953125,2604.469970703125,2604.469970703125,3312390000,False,False,-0.022164067057064987,False
2018-04-09,2617.179931640625,2653.550048828125,2610.7900390625,2613.159912109375,2613.159912109375,3076140000,False,False,0.0033309949675928295,False
2018-04-10,2638.409912109375,2665.449951171875,2635.780029296875,2656.8701171875,2656.8701171875,3579130000,False,False,0.01658859899631407,False
2018-04-11,2643.889892578125,2661.429931640625,2639.25,2642.18994140625,2642.18994140625,3054520000,False,False,-0.005540685772461173,False
2018-04-12,2653.830078125,2674.719970703125,2653.830078125,2663.989990234375,2663.989990234375,3045330000,False,False,0.008216898697657044,False
2018-04-13,2676.89990234375,2680.260009765625,2645.050048828125,2656.300048828125,2656.300048828125,2988540000,False,False,-0.0028907998267066345,False
2018-04-16,2670.10009765625,2686.489990234375,2665.159912109375,2677.840087890625,2677.840087890625,3020740000,False,False,0.008076336801563068,False
2018-04-17,2692.739990234375,2713.340087890625,2692.050048828125,2706.389892578125,2706.389892578125,3286190000,False,False,0.01060507161386675,False
2018-04-18,2710.110107421875,2717.489990234375,2703.6298828125,2708.639892578125,2708.639892578125,3412030000,False,False,0.0008310204075532664,False
2018-04-19,2701.159912109375,2702.840087890625,2681.89990234375,2693.1298828125,2693.1298828125,3375120000,False,False,-0.00574258179583257,False
2018-04-20,2692.56005859375,2693.93994140625,2660.610107421875,2670.139892578125,2670.139892578125,3428260000,False,False,-0.008573177188352708,False
2018-04-23,2675.39990234375,2682.860107421875,2657.989990234375,2670.2900390625,2670.2900390625,3030390000,False,False,5.623011118453955e-05,False
2018-04-24,2680.800048828125,2683.550048828125,2617.320068359375,2634.56005859375,2634.56005859375,3716020000,False,False,-0.013470888006475166,False
2018-04-25,2634.919921875,2645.300048828125,2612.669921875,2639.39990234375,2639.39990234375,3563680000,False,False,0.0018353742328236348,False
2018-04-26,2651.64990234375,2676.47998046875,2647.159912109375,2666.93994140625,2666.93994140625,3690920000,False,False,0.010380144187376953,False
2018-04-27,2675.469970703125,2677.35009765625,2659.010009765625,2669.909912109375,2669.909912109375,3234510000,False,False,0.001113005271363815,False
2018-04-30,2682.510009765625,2682.8701171875,2648.0400390625,2648.050048828125,2648.050048828125,3749510000,False,False,-0.008221192548921247,False
2018-05-01,2642.9599609375,2655.27001953125,2625.409912109375,2654.800048828125,2654.800048828125,3562820000,False,False,0.0025458021710273926,False
2018-05-02,2654.239990234375,2660.8701171875,2631.699951171875,2635.669921875,2635.669921875,4047020000,False,False,-0.007231951201402355,False
2018-05-03,2628.080078125,2637.139892578125,2594.6201171875,2629.72998046875,2629.72998046875,3867530000,False,False,-0.002256217585064076,False
2018-05-04,2621.449951171875,2670.929931640625,2615.320068359375,2663.419921875,2663.419921875,3335260000,False,False,0.012729810028334959,False
2018-05-07,2680.340087890625,2683.35009765625,2664.699951171875,2672.6298828125,2672.6298828125,3266810000,False,False,0.003451980554989958,False
2018-05-08,2670.260009765625,2676.340087890625,2655.199951171875,2671.919921875,2671.919921875,3745100000,False,False,-0.0002656766117338216,False
2018-05-09,2678.1201171875,2701.27001953125,2674.139892578125,2697.7900390625,2697.7900390625,3913650000,False,False,0.009635647934868785,False
2018-05-10,2705.02001953125,2726.110107421875,2704.5400390625,2723.070068359375,2723.070068359375,3380640000,False,False,0.009327011603848374,False
2018-05-11,2722.699951171875,2732.860107421875,2717.449951171875,2727.719970703125,2727.719970703125,2874850000,False,False,0.001706139270961256,False
2018-05-14,2738.469970703125,2742.10009765625,2725.469970703125,2730.1298828125,2730.1298828125,2994360000,False,False,0.0008830995101265589,False
2018-05-15,2718.590087890625,2718.590087890625,2701.909912109375,2711.449951171875,2711.449951171875,3291190000,False,False,-0.006865655043990812,False
2018-05-16,2712.6201171875,2727.760009765625,2712.169921875,2722.4599609375,2722.4599609375,3248480000,False,False,0.004052339847514407,False
2018-05-17,2719.7099609375,2731.9599609375,2711.360107421875,2720.1298828125,2720.1298828125,3478150000,False,False,-0.0008562387886101002,False
2018-05-18,2717.35009765625,2719.5,2709.179931640625,2712.969970703125,2712.969970703125,3383270000,False,False,-0.0026356652545503154,False
2018-05-21,2735.389892578125,2739.18994140625,2725.699951171875,2733.010009765625,2733.010009765625,3053480000,False,False,0.007359604547933372,False
2018-05-22,2738.340087890625,2742.239990234375,2721.8798828125,2724.43994140625,2724.43994140625,3384140000,False,False,-0.0031406885928751895,False
2018-05-23,2713.97998046875,2733.330078125,2709.5400390625,2733.2900390625,2733.2900390625,3333160000,False,False,0.0032431452068987514,False
2018-05-24,2730.93994140625,2731.969970703125,2707.3798828125,2727.760009765625,2727.760009765625,3285750000,False,False,-0.0020252629577225518,False
2018-05-25,2723.60009765625,2727.360107421875,2714.989990234375,2721.330078125,2721.330078125,3015260000,False,False,-0.002360003054185922,False
2018-05-29,2705.110107421875,2710.669921875,2676.81005859375,2689.860107421875,2689.860107421875,3743310000,False,False,-0.011631572511792225,False
2018-05-30,2702.429931640625,2729.340087890625,2702.429931640625,2724.010009765625,2724.010009765625,3566490000,False,False,0.012615875351923801,False
2018-05-31,2720.97998046875,2722.5,2700.679931640625,2705.27001953125,2705.27001953125,4241100000,False,False,-0.006903333243434208,False
2018-06-01,2718.699951171875,2736.929931640625,2718.699951171875,2734.6201171875,2734.6201171875,3694310000,False,False,0.01079079970923988,False
2018-06-04,2741.669921875,2749.159912109375,2740.5400390625,2746.8701171875,2746.8701171875,3410090000,False,False,0.004469594898352221,False
2018-06-05,2748.4599609375,2752.610107421875,2739.510009765625,2748.800048828125,2748.800048828125,3523550000,False,False,0.0007023462695756739,False
2018-06-06,2753.25,2772.389892578125,2748.4599609375,2772.35009765625,2772.35009765625,3662780000,False,False,0.008530900637311972,False
2018-06-07,2774.840087890625,2779.89990234375,2760.159912109375,2770.3701171875,2770.3701171875,3742080000,False,False,-0.0007144436219845289,False
2018-06-08,2765.840087890625,2779.389892578125,2763.590087890625,2779.030029296875,2779.030029296875,3138850000,False,False,0.0031210289077513477,False
2018-06-11,2780.179931640625,2790.2099609375,2780.169921875,2782.0,2782.0,3262130000,False,False,0.0010681370069403208,False
2018-06-12,2785.60009765625,2789.800048828125,2778.780029296875,2786.85009765625,2786.85009765625,3435700000,False,False,0.0017418672787038484,False
2018-06-13,2787.93994140625,2791.469970703125,2774.64990234375,2775.6298828125,2775.6298828125,3820770000,False,False,-0.004034254541411457,False
2018-06-14,2783.2099609375,2789.06005859375,2776.52001953125,2782.489990234375,2782.489990234375,3540930000,False,False,0.002468500522503687,False
2018-06-15,2777.780029296875,2782.81005859375,2761.72998046875,2779.659912109375,2779.659912109375,5451990000,False,False,-0.00101762031549408,False
2018-06-18,2765.7900390625,2774.989990234375,2757.1201171875,2773.75,2773.75,3316120000,False,False,-0.002128391180886516,False
2018-06-19,2752.010009765625,2765.050048828125,2743.18994140625,2762.590087890625,2762.590087890625,3671160000,False,False,-0.004031517951391294,False
2018-06-20,2769.72998046875,2774.860107421875,2763.909912109375,2767.320068359375,2767.320068359375,3332140000,False,False,0.001710690224112545,False
2018-06-21,2769.280029296875,2769.280029296875,2744.389892578125,2749.760009765625,2749.760009765625,3336580000,False,False,-0.006365728843220268,False
2018-06-22,2760.7900390625,2764.169921875,2752.679931640625,2754.8798828125,2754.8798828125,5468110000,False,False,0.0018602032551338834,False
2018-06-25,2742.93994140625,2742.93994140625,2698.669921875,2717.070068359375,2717.070068359375,3663280000,False,False,-0.013819722967770653,False
2018-06-26,2722.1201171875,2732.909912109375,2715.60009765625,2723.06005859375,2723.06005859375,3568900000,False,False,0.0022021505056967236,False
2018-06-27,2728.449951171875,2746.090087890625,2699.3798828125,2699.6298828125,2699.6298828125,3803990000,False,False,-0.008641586313141117,False
2018-06-28,2698.68994140625,2724.340087890625,2691.989990234375,2716.31005859375,2716.31005859375,3461100000,False,False,0.006159680019031288,False
2018-06-29,2727.1298828125,2743.260009765625,2718.030029296875,2718.3701171875,2718.3701171875,3586800000,False,False,0.0007581158875170001,False
2018-07-02,2704.949951171875,2727.260009765625,2698.949951171875,2726.7099609375,2726.7099609375,3095040000,False,False,0.003063260834293461,False
2018-07-03,2733.27001953125,2736.580078125,2711.159912109375,2713.219970703125,2713.219970703125,1911460000,False,False,-0.004959629280533677,False
2018-07-05,2724.18994140625,2737.830078125,2716.02001953125,2736.610107421875,2736.610107421875,2980160000,False,False,0.008583856745537827,False
2018-07-06,2737.679931640625,2764.409912109375,2733.52001953125,2759.820068359375,2759.820068359375,2590250000,False,False,0.00844551760058016,False
2018-07-09,2775.6201171875,2784.64990234375,2770.72998046875,2784.169921875,2784.169921875,3070060000,False,False,0.008784290785341506,False
2018-07-10,2788.56005859375,2795.580078125,2786.239990234375,2793.840087890625,2793.840087890625,3080140000,False,False,0.003467249318821859,False
2018-07-11,2779.820068359375,2785.909912109375,2770.77001953125,2774.02001953125,2774.02001953125,2986180000,False,False,-0.007119486371916502,False
2018-07-12,2783.139892578125,2799.219970703125,2781.530029296875,2798.2900390625,2798.2900390625,2834230000,False,False,0.0087109915801719,False
2018-07-13,2796.929931640625,2804.530029296875,2791.68994140625,2801.31005859375,2801.31005859375,2619790000,False,False,0.0010786555366086475,False
2018-07-16,2797.360107421875,2801.18994140625,2793.389892578125,2798.429931640625,2798.429931640625,2819860000,False,False,-0.0010286646208985384,False
2018-07-17,2789.340087890625,2814.18994140625,2789.239990234375,2809.550048828125,2809.550048828125,3064920000,False,False,0.003965824343443431,False
2018-07-18,2811.35009765625,2816.760009765625,2805.889892578125,2815.6201171875,2815.6201171875,3111560000,False,False,0.0021581820767374625,False
2018-07-19,2809.3701171875,2812.050048828125,2799.77001953125,2804.489990234375,2804.489990234375,3278360000,False,False,-0.003960826849049506,False
2018-07-20,2804.550048828125,2809.699951171875,2800.010009765625,2801.830078125,2801.830078125,3243250000,False,False,-0.0009488977712743676,False
2018-07-23,2799.169921875,2808.610107421875,2795.139892578125,2806.97998046875,2806.97998046875,2928490000,False,False,0.0018363623432315187,False
2018-07-24,2820.679931640625,2829.989990234375,2811.1201171875,2820.39990234375,2820.39990234375,3430410000,False,False,0.004769518886053562,False
2018-07-25,2817.72998046875,2848.030029296875,2817.72998046875,2846.070068359375,2846.070068359375,3584400000,False,False,0.009060435070372713,False
2018-07-26,2835.489990234375,2845.570068359375,2835.260009765625,2837.43994140625,2837.43994140625,3667290000,False,False,-0.00303690274886736,False
2018-07-27,2842.35009765625,2843.169921875,2808.340087890625,2818.820068359375,2818.820068359375,3434370000,False,False,-0.006583834644845457,False
2018-07-30,2819.0,2821.739990234375,2798.110107421875,2802.60009765625,2802.60009765625,3261190000,False,False,-0.0057707893155871425,False
2018-07-31,2809.72998046875,2824.4599609375,2808.06005859375,2816.2900390625,2816.2900390625,3906890000,False,False,0.004872837219303094,False
2018-08-01,2821.169921875,2825.830078125,2805.85009765625,2813.360107421875,2813.360107421875,3501350000,False,False,-0.0010408930675711336,False
2018-08-02,2800.47998046875,2829.909912109375,2796.340087890625,2827.219970703125,2827.219970703125,3501380000,False,False,0.0049143495822087,False
2018-08-03,2829.6201171875,2840.3798828125,2827.3701171875,2840.35009765625,2840.35009765625,3043690000,False,False,0.004633432065347987,False
2018-08-06,2840.2900390625,2853.2900390625,2835.97998046875,2850.39990234375,2850.39990234375,2879020000,False,False,0.003531982650801626,False
2018-08-07,2855.919921875,2863.429931640625,2855.919921875,2858.449951171875,2858.449951171875,3185440000,False,False,0.0028202017464857678,False
2018-08-08,2856.7900390625,2862.43994140625,2853.090087890625,2857.699951171875,2857.699951171875,2978070000,False,False,-0.00026241439329510795,False
2018-08-09,2857.18994140625,2862.47998046875,2851.97998046875,2853.580078125,2853.580078125,3066180000,False,False,-0.0014427146770399496,False
2018-08-10,2838.89990234375,2842.199951171875,2825.81005859375,2833.280029296875,2833.280029296875,3265590000,False,False,-0.007139312263244473,False
2018-08-13,2835.4599609375,2843.39990234375,2819.8798828125,2821.929931640625,2821.929931640625,3173630000,False,False,-0.004014037665980266,False
2018-08-14,2827.8798828125,2843.110107421875,2826.580078125,2839.9599609375,2839.9599609375,2986500000,False,False,0.006368930016417421,False
2018-08-15,2827.949951171875,2827.949951171875,2802.489990234375,2818.3701171875,2818.3701171875,3656680000,False,False,-0.007631208581378815,False
2018-08-16,2831.43994140625,2850.489990234375,2831.43994140625,2840.68994140625,2840.68994140625,3232000000,False,False,0.00788821455263811,False
2018-08-17,2838.320068359375,2855.6298828125,2833.72998046875,2850.1298828125,2850.1298828125,3037640000,False,False,0.003317606375263089,False
2018-08-20,2853.929931640625,2859.760009765625,2850.6201171875,2857.050048828125,2857.050048828125,2757150000,False,False,0.002425074902128281,False
2018-08-21,2861.510009765625,2873.22998046875,2861.320068359375,2862.9599609375,2862.9599609375,3174010000,False,False,0.002066399954627058,False
2018-08-22,2860.989990234375,2867.5400390625,2856.050048828125,2861.820068359375,2861.820068359375,2701250000,False,False,-0.0003982310542435054,False
2018-08-23,2860.2900390625,2868.780029296875,2854.030029296875,2856.97998046875,2856.97998046875,2724450000,False,False,-0.0016926939235351061,False
2018-08-24,2862.35009765625,2876.159912109375,2862.35009765625,2874.68994140625,2874.68994140625,2603010000,False,False,0.006179705928285333,False
2018-08-27,2884.68994140625,2898.25,2884.68994140625,2896.739990234375,2896.739990234375,2865070000,False,False,0.007641141407110444,False
2018-08-28,2901.449951171875,2903.77001953125,2893.5,2897.52001953125,2897.52001953125,2687770000,False,False,0.00026924207759835515,False
2018-08-29,2900.6201171875,2916.5,2898.39990234375,2914.0400390625,2914.0400390625,2805520000,False,False,0.005685242468911669,False
2018-08-30,2908.93994140625,2912.4599609375,2895.219970703125,2901.1298828125,2901.1298828125,2810450000,False,False,-0.004440172044458075,False
2018-08-31,2898.3701171875,2906.320068359375,2891.72998046875,2901.52001953125,2901.52001953125,2887220000,False,False,0.00013446846730492032,False
2018-09-04,2896.9599609375,2900.179931640625,2885.1298828125,2896.719970703125,2896.719970703125,3087420000,False,False,-0.0016556920488793076,False
2018-09-05,2891.590087890625,2894.2099609375,2876.919921875,2888.60009765625,2888.60009765625,3248780000,False,False,-0.002807062801265972,False
2018-09-06,2888.639892578125,2892.050048828125,2867.2900390625,2878.050048828125,2878.050048828125,3144240000,False,False,-0.0036589910366181576,False
2018-09-07,2868.260009765625,2883.81005859375,2864.1201171875,2871.679931640625,2871.679931640625,2976580000,False,False,-0.002215797895014484,False
2018-09-10,2881.389892578125,2886.929931640625,2875.93994140625,2877.1298828125,2877.1298828125,2751100000,False,False,0.0018960282146933797,False
2018-09-11,2871.570068359375,2892.52001953125,2866.780029296875,2887.889892578125,2887.889892578125,2904500000,False,False,0.003732865689715426,False
2018-09-12,2888.2900390625,2894.64990234375,2879.199951171875,2888.919921875,2888.919921875,3341280000,False,False,0.0003566083498935524,False
2018-09-13,2896.85009765625,2906.760009765625,2896.389892578125,2904.179931640625,2904.179931640625,3274090000,False,False,0.005268352159391334,False
2018-09-14,2906.3798828125,2908.300048828125,2895.77001953125,2904.97998046875,2904.97998046875,3179410000,False,False,0.00027544390076635555,False
2018-09-17,2903.830078125,2904.64990234375,2886.159912109375,2888.800048828125,2888.800048828125,2967980000,False,False,-0.005585290991549207,False
2018-09-18,2890.739990234375,2911.169921875,2890.429931640625,2904.31005859375,2904.31005859375,3091190000,False,False,0.0053546528676252396,False
2018-09-19,2906.60009765625,2912.360107421875,2903.820068359375,2907.949951171875,2907.949951171875,3302460000,False,False,0.0012524880331719868,False
2018-09-20,2919.72998046875,2934.800048828125,2919.72998046875,2930.75,2930.75,3406520000,False,False,0.00781001418532906,False
2018-09-21,2936.760009765625,2940.909912109375,2927.110107421875,2929.669921875,2929.669921875,5652470000,False,False,-0.00036860093700704873,False
2018-09-24,2921.830078125,2923.7900390625,2912.6298828125,2919.3701171875,2919.3701171875,3392030000,False,False,-0.003521882314013849,False
2018-09-25,2921.75,2923.949951171875,2913.699951171875,2915.56005859375,2915.56005859375,3330880000,False,False,-0.001305948493117946,False
2018-09-26,2916.97998046875,2931.14990234375,2903.280029296875,2905.969970703125,2905.969970703125,3417540000,False,False,-0.003294699681159941,False
2018-09-27,2911.64990234375,2927.219970703125,2909.27001953125,2914.0,2914.0,3101360000,False,False,0.0027594762285113967,False
2018-09-28,2910.030029296875,2920.530029296875,2907.5,2913.97998046875,2913.97998046875,3461680000,False,False,-6.870144138179519e-06,False
2018-10-01,2926.2900390625,2937.06005859375,2917.909912109375,2924.590087890625,2924.590087890625,3375890000,False,False,0.0036344923421985013,False
2018-10-02,2923.800048828125,2931.419921875,2919.3701171875,2923.429931640625,2923.429931640625,3432620000,False,False,-0.0003967689102790794,False
2018-10-03,2931.68994140625,2939.860107421875,2921.360107421875,2925.510009765625,2925.510009765625,3625510000,False,False,0.0007112667367183715,False
2018-10-04,2919.35009765625,2919.780029296875,2883.919921875,2901.610107421875,2901.610107421875,3510370000,False,False,-0.008203035421009815,False
2018-10-05,2902.5400390625,2909.639892578125,2869.2900390625,2885.570068359375,2885.570068359375,3340820000,False,False,-0.0055433145846221455,False
2018-10-08,2877.530029296875,2889.449951171875,2862.080078125,2884.429931640625,2884.429931640625,3381820000,False,False,-0.000395194708349698,False
2018-10-09,2882.510009765625,2894.830078125,2874.27001953125,2880.340087890625,2880.340087890625,3531690000,False,False,-0.0014189098341542976,False
2018-10-10,2873.89990234375,2874.02001953125,2784.860107421875,2785.679931640625,2785.679931640625,4554260000,False,False,-0.03341638904260208,False
2018-10-11,2776.8701171875,2795.139892578125,2710.510009765625,2728.3701171875,2728.3701171875,4914090000,False,False,-0.02078757997254153,False
2018-10-12,2770.5400390625,2775.77001953125,2729.43994140625,2767.1298828125,2767.1298828125,4024010000,False,False,0.014106235408376288,False
2018-10-15,2763.830078125,2775.989990234375,2749.030029296875,2750.7900390625,2750.7900390625,3327160000,False,False,-0.005922482291300048,False
2018-10-16,2767.050048828125,2813.4599609375,2766.909912109375,2809.919921875,2809.919921875,3460260000,False,False,0.02126782803490127,False
2018-10-17,2811.669921875,2816.93994140625,2781.81005859375,2809.2099609375,2809.2099609375,3347090000,False,False,-0.0002526942626648821,False
2018-10-18,2802.0,2806.0400390625,2755.179931640625,2768.780029296875,2768.780029296875,3639300000,False,False,-0.014496490575341185,False
2018-10-19,2775.659912109375,2797.77001953125,2760.27001953125,2767.780029296875,2767.780029296875,3593940000,False,False,-0.00036123513527937907,False
2018-10-22,2773.93994140625,2778.93994140625,2749.219970703125,2755.8798828125,2755.8798828125,3331270000,False,False,-0.004308797096477868,False
2018-10-23,2721.030029296875,2753.590087890625,2691.429931640625,2740.68994140625,2740.68994140625,4373710000,False,False,-0.005527076180694164,False
2018-10-24,2737.8701171875,2742.590087890625,2651.889892578125,2656.10009765625,2656.10009765625,4738670000,False,False,-0.03135077386114084,False
2018-10-25,2674.8798828125,2722.699951171875,2667.840087890625,2705.570068359375,2705.570068359375,4663930000,False,False,0.018453717978714167,False
2018-10-26,2667.860107421875,2692.3798828125,2628.159912109375,2658.68994140625,2658.68994140625,4804330000,False,False,-0.017479138010003174,False
2018-10-29,2682.64990234375,2706.85009765625,2603.5400390625,2641.25,2641.25,4701260000,False,False,-0.00658120829519397,False
2018-10-30,2640.679931640625,2685.429931640625,2635.340087890625,2682.6298828125,2682.6298828125,5125600000,False,False,0.015545322971877482,False
2018-10-31,2705.60009765625,2736.68994140625,2705.60009765625,2711.739990234375,2711.739990234375,5133380000,False,False,0.010792878754571094,False
2018-11-01,2717.580078125,2741.669921875,2708.85009765625,2740.3701171875,2740.3701171875,4730250000,False,False,0.010502498868529206,False
2018-11-02,2745.449951171875,2756.550048828125,2700.43994140625,2723.06005859375,2723.06005859375,4261230000,False,False,-0.006336721055879746,False
2018-11-05,2726.3701171875,2744.27001953125,2717.93994140625,2738.31005859375,2738.31005859375,3650910000,False,False,0.0055846936971941175,False
2018-11-06,2738.39990234375,2756.820068359375,2737.080078125,2755.449951171875,2755.449951171875,3543800000,False,False,0.0062397877444086355,False
2018-11-07,2774.1298828125,2815.14990234375,2774.1298828125,2813.889892578125,2813.889892578125,3929080000,False,False,0.020987078560774024,False
2018-11-08,2806.3798828125,2814.75,2794.989990234375,2806.830078125,2806.830078125,3673550000,False,False,-0.002512068988491457,False
2018-11-09,2794.10009765625,2794.10009765625,2764.239990234375,2781.010009765625,2781.010009765625,4029030000,False,False,-0.00924158591537243,False
2018-11-12,2773.929931640625,2775.989990234375,2722.0,2726.219970703125,2726.219970703125,3701570000,False,False,-0.019898150985467496,False
2018-11-13,2730.050048828125,2754.60009765625,2714.97998046875,2722.179931640625,2722.179931640625,4112820000,False,False,-0.0014830188221738934,False
2018-11-14,2737.89990234375,2746.800048828125,2685.75,2701.580078125,2701.580078125,4449060000,False,False,-0.007596188818450545,False
2018-11-15,2693.52001953125,2735.3798828125,2670.75,2730.199951171875,2730.199951171875,4204960000,False,False,0.01053803274264194,False
2018-11-16,2718.5400390625,2746.75,2712.159912109375,2736.27001953125,2736.27001953125,3996970000,False,False,0.002220837537483983,False
2018-11-19,2730.739990234375,2733.159912109375,2681.090087890625,2690.72998046875,2690.72998046875,3806940000,False,False,-0.016783161235721437,False
2018-11-20,2654.60009765625,2669.43994140625,2631.52001953125,2641.889892578125,2641.889892578125,4370820000,False,False,-0.018317995556585972,False
2018-11-21,2657.739990234375,2670.72998046875,2649.820068359375,2649.929931640625,2649.929931640625,3237400000,False,False,0.0030386693107672014,False
2018-11-23,2633.360107421875,2647.550048828125,2631.090087890625,2632.56005859375,2632.56005859375,1651680000,False,False,-0.006576419711855615,False
2018-11-26,2649.969970703125,2674.35009765625,2649.969970703125,2673.449951171875,2673.449951171875,3523520000,False,False,0.015412975845366429,False
2018-11-27,2663.75,2682.530029296875,2655.889892578125,2682.169921875,2682.169921875,3494380000,False,False,0.003256384364612641,False
2018-11-28,2691.449951171875,2744.0,2684.3798828125,2743.7900390625,2743.7900390625,3984540000,False,False,0.022714051303113776,False
2018-11-29,2736.969970703125,2753.75,2722.93994140625,2737.800048828125,2737.800048828125,3599200000,False,False,-0.002185494545393453,False
2018-11-30,2737.760009765625,2760.8798828125,2732.760009765625,2760.169921875,2760.169921875,4668310000,False,False,0.008137547716617559,False
2018-12-03,2790.5,2800.179931640625,2773.3798828125,2790.3701171875,2790.3701171875,4221580000,False,False,0.010882001794362436,False
2018-12-04,2782.429931640625,2785.929931640625,2697.179931640625,2700.06005859375,2700.06005859375,4515710000,False,False,-0.03290022883855611,False
2018-12-06,2663.510009765625,2696.14990234375,2621.530029296875,2695.949951171875,2695.949951171875,5180430000,False,False,-0.0015233879141442856,False
2018-12-07,2691.260009765625,2708.5400390625,2623.139892578125,2633.080078125,2633.080078125,4242240000,False,False,-0.02359633545632224,False
2018-12-10,2630.860107421875,2647.510009765625,2583.22998046875,2637.719970703125,2637.719970703125,4162880000,False,False,0.0017606032229163218,False
2018-12-11,2664.43994140625,2674.35009765625,2621.300048828125,2636.780029296875,2636.780029296875,3963440000,False,False,-0.00035640967530566644,False
2018-12-12,2658.22998046875,2685.43994140625,2650.260009765625,2651.070068359375,2651.070068359375,4029300000,False,False,0.005404871010351243,False
2018-12-13,2658.699951171875,2670.18994140625,2637.27001953125,2650.5400390625,2650.5400390625,3978340000,False,False,-0.00019995031241503897,False
2018-12-14,2629.679931640625,2635.070068359375,2593.840087890625,2599.949951171875,2599.949951171875,4064370000,False,False,-0.019271212268699812,False
2018-12-17,2590.75,2601.1298828125,2530.5400390625,2545.93994140625,2545.93994140625,4661420000,False,False,-0.020992284828576645,False
2018-12-18,2559.89990234375,2573.989990234375,2528.7099609375,2546.159912109375,2546.159912109375,4519190000,False,False,8.639685378910398e-05,False
2018-12-19,2547.050048828125,2585.2900390625,2488.9599609375,2506.9599609375,2506.9599609375,5152830000,False,False,-0.015515459175936802,False
2018-12-20,2496.77001953125,2509.6298828125,2441.179931640625,2467.419921875,2467.419921875,5619780000,False,False,-0.015897809484103957,False
2018-12-21,2465.3798828125,2504.409912109375,2408.550048828125,2416.6201171875,2416.6201171875,7657890000,False,False,-0.02080312049854063,False
2018-12-24,2400.56005859375,2410.340087890625,2351.10009765625,2351.10009765625,2351.10009765625,2613670000,False,False,-0.02748657287831441,False
2018-12-26,2363.1201171875,2467.760009765625,2346.580078125,2467.699951171875,2467.699951171875,4249740000,False,False,0.04840317767080503,False
2018-12-27,2442.5,2489.10009765625,2397.93994140625,2488.830078125,2488.830078125,4139010000,False,False,0.008526228968816992,False
2018-12-28,2498.77001953125,2520.27001953125,2472.889892578125,2485.739990234375,2485.739990234375,3728440000,False,False,-0.0012423539102312722,False
2018-12-31,2498.93994140625,2509.239990234375,2482.820068359375,2506.85009765625,2506.85009765625,3461920000,False,False,0.008456625862206874,False
2019-01-02,2476.9599609375,2519.489990234375,2467.469970703125,2510.030029296875,2510.030029296875,3733160000,False,False,0.0012676930626261643,False
2019-01-03,2491.919921875,2493.139892578125,2443.9599609375,2447.889892578125,2447.889892578125,3858830000,False,False,-0.02506833181891511,False
2019-01-04,2474.330078125,2538.070068359375,2474.330078125,2531.93994140625,2531.93994140625,4234140000,False,False,0.03375939906034647,False
2019-01-07,2535.610107421875,2566.159912109375,2524.56005859375,2549.68994140625,2549.68994140625,4133120000,False,False,0.006985975995229761,False
2019-01-08,2568.110107421875,2579.820068359375,2547.56005859375,2574.409912109375,2574.409912109375,4120060000,False,False,0.009648587336497393,False
2019-01-09,2580.0,2595.320068359375,2568.889892578125,2584.9599609375,2584.9599609375,4088740000,False,False,0.004089671332822161,False
2019-01-10,2573.510009765625,2597.820068359375,2562.02001953125,2596.639892578125,2596.639892578125,3721300000,False,False,0.004508241374462229,False
2019-01-11,2588.110107421875,2596.27001953125,2577.39990234375,2596.260009765625,2596.260009765625,3447460000,False,False,-0.0001463085444824661,False
2019-01-14,2580.31005859375,2589.320068359375,2570.409912109375,2582.610107421875,2582.610107421875,3689370000,False,False,-0.00527139458724949,False
2019-01-15,2585.10009765625,2613.080078125,2585.10009765625,2610.300048828125,2610.300048828125,3601180000,False,False,0.010664618879761001,False
2019-01-16,2614.75,2625.760009765625,2612.679931640625,2616.10009765625,2616.10009765625,3882180000,False,False,0.0022195205290883643,False
2019-01-17,2609.280029296875,2645.06005859375,2606.360107421875,2635.9599609375,2635.9599609375,3802410000,False,False,0.007562730706235749,False
2019-01-18,2651.27001953125,2675.469970703125,2647.580078125,2670.7099609375,2670.7099609375,4009010000,False,False,0.01309691283985578,False
2019-01-22,2657.8798828125,2657.8798828125,2617.27001953125,2632.89990234375,2632.89990234375,3923950000,False,False,-0.014258476827972471,False
2019-01-23,2643.47998046875,2653.18994140625,2612.860107421875,2638.699951171875,2638.699951171875,3358770000,False,False,0.002200489919450871,False
2019-01-24,2638.840087890625,2647.199951171875,2627.010009765625,2642.330078125,2642.330078125,3449230000,False,False,0.001374780110977555,False
2019-01-25,2657.43994140625,2672.3798828125,2657.330078125,2664.760009765625,2664.760009765625,3821000000,False,False,0.008452867700518018,False
2019-01-28,2644.969970703125,2644.969970703125,2624.06005859375,2643.85009765625,2643.85009765625,3630820000,False,False,-0.007877775848708898,False
2019-01-29,2644.889892578125,2650.929931640625,2631.050048828125,2640.0,2640.0,3518070000,False,False,-0.0014573079351148383,False
2019-01-30,2653.6201171875,2690.43994140625,2648.340087890625,2681.050048828125,2681.050048828125,3883270000,False,False,0.015429609891560045,False
2019-01-31,2685.489990234375,2708.949951171875,2678.64990234375,2704.10009765625,2704.10009765625,4953800000,False,False,0.008560648809767757,False
2019-02-01,2702.320068359375,2716.659912109375,2696.8798828125,2706.530029296875,2706.530029296875,3782490000,False,False,0.0008982065848071141,False
2019-02-04,2706.489990234375,2724.989990234375,2698.75,2724.8701171875,2724.8701171875,3369450000,False,False,0.006753381117479676,False
2019-02-05,2728.340087890625,2738.97998046875,2724.030029296875,2737.699951171875,2737.699951171875,3597620000,False,False,0.0046973704373502,False
2019-02-06,2735.050048828125,2738.080078125,2724.14990234375,2731.610107421875,2731.610107421875,3486590000,False,False,-0.0022269157175087858,False
2019-02-07,2717.530029296875,2719.320068359375,2687.260009765625,2706.050048828125,2706.050048828125,4114040000,False,False,-0.009401193202230233,False
2019-02-08,2692.360107421875,2708.070068359375,2681.830078125,2707.8798828125,2707.8798828125,3649510000,False,False,0.0006759725660127,False
2019-02-11,2712.39990234375,2718.050048828125,2703.7900390625,2709.800048828125,2709.800048828125,3395330000,False,False,0.0007088518038183947,False
2019-02-12,2722.610107421875,2748.18994140625,2722.610107421875,2744.72998046875,2744.72998046875,3843020000,False,False,0.012807852902838604,False
2019-02-13,2750.300048828125,2761.85009765625,2748.6298828125,2753.030029296875,2753.030029296875,3684910000,False,False,0.0030194315937109753,False
2019-02-14,2743.5,2757.89990234375,2731.22998046875,2745.72998046875,2745.72998046875,3845390000,False,False,-0.0026551633836986214,False
2019-02-15,2760.239990234375,2775.659912109375,2760.239990234375,2775.60009765625,2775.60009765625,3648680000,False,False,0.010820004664957538,False
2019-02-19,2769.280029296875,2787.330078125,2767.2900390625,2779.760009765625,2779.760009765625,3535270000,False,False,0.0014976213265920058,False
2019-02-20,2779.050048828125,2789.8798828125,2774.06005859375,2784.699951171875,2784.699951171875,3904830000,False,False,0.00177553356074094,False
2019-02-21,2780.239990234375,2781.580078125,2764.550048828125,2774.8798828125,2774.8798828125,3598260000,False,False,-0.0035326693258413886,False
2019-02-22,2780.669921875,2794.199951171875,2779.110107421875,2792.669921875,2792.669921875,3429350000,False,False,0.006390638694710404,False
2019-02-25,2804.35009765625,2813.489990234375,2794.989990234375,2796.110107421875,2796.110107421875,3860260000,False,False,0.0012311044497517107,False
2019-02-26,2792.360107421875,2803.1201171875,2789.469970703125,2793.89990234375,2793.89990234375,3676200000,False,False,-0.0007907696728402984,False
2019-02-27,2787.5,2795.760009765625,2775.1298828125,2792.3798828125,2792.3798828125,3771790000,False,False,-0.0005441974362980739,False
2019-02-28,2788.110107421875,2793.72998046875,2782.510009765625,2784.489990234375,2784.489990234375,4445780000,False,False,-0.002829507598950442,False
2019-03-01,2798.219970703125,2808.02001953125,2787.3798828125,2803.68994140625,2803.68994140625,3994950000,False,False,0.006871656588713028,False
2019-03-04,2814.3701171875,2816.8798828125,2767.659912109375,2792.81005859375,2792.81005859375,3949730000,False,False,-0.003888107395255168,False
2019-03-05,2794.409912109375,2796.43994140625,2782.969970703125,2789.64990234375,2789.64990234375,3631380000,False,False,-0.001132173489706859,False
2019-03-06,2790.27001953125,2790.27001953125,2768.68994140625,2771.449951171875,2771.449951171875,3800180000,False,False,-0.00654547360412503,False
2019-03-07,2766.530029296875,2767.25,2739.090087890625,2748.929931640625,2748.929931640625,3932150000,False,False,-0.008158911138331157,False
2019-03-08,2730.7900390625,2744.1298828125,2722.27001953125,2743.070068359375,2743.070068359375,3424300000,False,False,-0.0021339641314536495,False
2019-03-11,2747.610107421875,2784.0,2747.610107421875,2783.300048828125,2783.300048828125,3764850000,False,False,0.014559535563489445,False
2019-03-12,2787.340087890625,2798.320068359375,2786.72998046875,2791.52001953125,2791.52001953125,3432340000,False,False,0.002948965727805163,False
2019-03-13,2799.780029296875,2821.239990234375,2799.780029296875,2810.919921875,2810.919921875,3782250000,False,False,0.0069255467570192835,False
2019-03-14,2810.3798828125,2815.0,2803.4599609375,2808.47998046875,2808.47998046875,3505670000,False,False,-0.0008683993315961826,False
2019-03-15,2810.7900390625,2830.72998046875,2810.7900390625,2822.47998046875,2822.47998046875,5969780000,False,False,0.0049725194084307206,False
2019-03-18,2822.610107421875,2835.409912109375,2821.989990234375,2832.93994140625,2832.93994140625,3620770000,False,False,0.0036990967989080333,False
2019-03-19,2840.760009765625,2852.419921875,2823.27001953125,2832.570068359375,2832.570068359375,3650740000,False,False,-0.00013057007992675946,False
2019-03-20,2831.340087890625,2843.5400390625,2812.429931640625,2824.22998046875,2824.22998046875,3779160000,False,False,-0.002948696740769673,False
2019-03-21,2819.719970703125,2860.31005859375,2817.3798828125,2854.8798828125,2854.8798828125,3612620000,False,False,0.010794015494689354,False
2019-03-22,2844.52001953125,2846.159912109375,2800.469970703125,2800.7099609375,2800.7099609375,4253730000,False,False,-0.019156827134273257,False
2019-03-25,2796.010009765625,2809.7900390625,2785.02001953125,2798.360107421875,2798.360107421875,3406110000,False,False,-0.000839372833310059,False
2019-03-26,2812.659912109375,2829.8701171875,2803.989990234375,2818.4599609375,2818.4599609375,3288570000,False,False,0.007157052947934055,False
2019-03-27,2819.719970703125,2825.56005859375,2787.719970703125,2805.3701171875,2805.3701171875,3422400000,False,False,-0.00465514327659887,False
2019-03-28,2809.39990234375,2819.7099609375,2798.77001953125,2815.43994140625,2815.43994140625,3185460000,False,False,0.0035830547152617266,False
2019-03-29,2828.27001953125,2836.030029296875,2819.22998046875,2834.39990234375,2834.39990234375,3752520000,False,False,0.006711706043324668,False
2019-04-01,2848.6298828125,2869.39990234375,2848.6298828125,2867.18994140625,2867.18994140625,3560090000,False,False,0.011502195518044496,False
2019-04-02,2868.239990234375,2872.89990234375,2858.75,2867.239990234375,2867.239990234375,3267210000,False,False,1.7455554858152623e-05,False
2019-04-03,2876.090087890625,2885.25,2865.169921875,2873.39990234375,2873.39990234375,3570000000,False,False,0.002146072420089187,False
2019-04-04,2873.989990234375,2881.280029296875,2867.139892578125,2879.389892578125,2879.389892578125,3038740000,False,False,0.0020824652429942735,False
2019-04-05,2884.159912109375,2893.239990234375,2882.989990234375,2892.739990234375,2892.739990234375,3155970000,False,False,0.004625717623099122,False
2019-04-08,2888.4599609375,2895.949951171875,2880.780029296875,2895.77001953125,2895.77001953125,3056460000,False,False,0.0010469117505236662,False
2019-04-09,2886.580078125,2886.8798828125,2873.330078125,2878.199951171875,2878.199951171875,3032480000,False,False,-0.0060859764356695385,False
2019-04-10,2881.3701171875,2889.7099609375,2879.1298828125,2888.2099609375,2888.2099609375,3092230000,False,False,0.003471837754499924,False
2019-04-11,2891.919921875,2893.419921875,2881.989990234375,2888.320068359375,2888.320068359375,2970650000,False,False,3.8122340342693696e-05,False
2019-04-12,2900.860107421875,2910.5400390625,2898.3701171875,2907.409912109375,2907.409912109375,3726050000,False,False,0.0065875783895457275,False
2019-04-15,2908.320068359375,2909.60009765625,2896.47998046875,2905.580078125,2905.580078125,3114530000,False,False,-0.0006295672443571088,False
2019-04-16,2912.260009765625,2916.06005859375,2900.7099609375,2907.06005859375,2907.06005859375,3403120000,False,False,0.0005092283251399622,False
2019-04-17,2916.0400390625,2918.0,2895.449951171875,2900.449951171875,2900.449951171875,3648100000,False,False,-0.0022764008207388597,False
2019-04-18,2904.81005859375,2908.39990234375,2891.89990234375,2905.030029296875,2905.030029296875,3507100000,False,False,0.0015778468242496745,False
2019-04-22,2898.780029296875,2909.510009765625,2896.35009765625,2907.969970703125,2907.969970703125,3010130000,False,False,0.0010115058169329091,False
2019-04-23,2909.989990234375,2936.31005859375,2908.530029296875,2933.679931640625,2933.679931640625,3674480000,False,False,0.008802351174995391,False
2019-04-24,2934.0,2936.830078125,2926.050048828125,2927.25,2927.25,3468480000,False,False,-0.0021941686030362366,False
2019-04-25,2928.989990234375,2933.10009765625,2912.840087890625,2926.169921875,2926.169921875,3440010000,False,False,-0.0003690417402728576,False
2019-04-26,2925.81005859375,2939.8798828125,2917.56005859375,2939.8798828125,2939.8798828125,3264390000,False,False,0.004674350323304823,False
2019-04-29,2940.580078125,2949.52001953125,2939.35009765625,2943.030029296875,2943.030029296875,3150390000,False,False,0.0010709485042338864,False
2019-04-30,2937.139892578125,2948.219970703125,2924.110107421875,2945.830078125,2945.830078125,3939760000,False,False,0.0009509646987914453,False
2019-05-01,2952.330078125,2954.1298828125,2923.360107421875,2923.72998046875,2923.72998046875,3669330000,False,False,-0.00753044585029134,False
2019-05-02,2922.159912109375,2931.679931640625,2900.5,2917.52001953125,2917.52001953125,3802290000,False,False,-0.0021262446486827887,False
2019-05-03,2929.2099609375,2947.85009765625,2929.2099609375,2945.639892578125,2945.639892578125,3357180000,False,False,0.00959212747891747,False
2019-05-06,2908.889892578125,2937.320068359375,2898.2099609375,2932.469970703125,2932.469970703125,3203260000,False,False,-0.004481013189072523,False
2019-05-07,2913.030029296875,2913.030029296875,2862.60009765625,2884.050048828125,2884.050048828125,3793060000,False,False,-0.016649488088905522,False
2019-05-08,2879.610107421875,2897.9599609375,2873.280029296875,2879.419921875,2879.419921875,3543110000,False,False,-0.0016067153894199682,False
2019-05-09,2859.840087890625,2875.969970703125,2836.39990234375,2870.719970703125,2870.719970703125,3659050000,False,False,-0.0030259986619282898,False
2019-05-10,2863.10009765625,2891.31005859375,2825.389892578125,2881.39990234375,2881.39990234375,3566780000,False,False,0.003713394069918638,False
2019-05-13,2840.18994140625,2840.18994140625,2801.429931640625,2811.8701171875,2811.8701171875,3900270000,False,False,-0.024426469138497504,False
2019-05-14,2820.1201171875,2852.5400390625,2820.1201171875,2834.409912109375,2834.409912109375,3354860000,False,False,0.007983987523216093,False
2019-05-15,2820.3798828125,2858.679931640625,2815.080078125,2850.9599609375,2850.9599609375,3140900000,False,False,0.005821994327723055,False
2019-05-16,2855.800048828125,2892.14990234375,2855.800048828125,2876.320068359375,2876.320068359375,3338470000,False,False,0.008855957116499086,False
2019-05-17,2858.60009765625,2885.47998046875,2854.22998046875,2859.530029296875,2859.530029296875,3316040000,False,False,-0.005854437174043804,False
2019-05-20,2841.93994140625,2853.860107421875,2831.2900390625,2840.22998046875,2840.22998046875,3293750000,False,False,-0.006772257975405369,False
2019-05-21,2854.02001953125,2868.8798828125,2854.02001953125,2864.360107421875,2864.360107421875,3223050000,False,False,0.008459949093190606,False
2019-05-22,2856.06005859375,2865.469970703125,2851.110107421875,2856.27001953125,2856.27001953125,3194000000,False,False,-0.0028283923638994365,False
2019-05-23,2836.699951171875,2836.699951171875,2805.489990234375,2822.239990234375,2822.239990234375,3899320000,False,False,-0.01198569224128196,False
2019-05-24,2832.409912109375,2841.360107421875,2820.18994140625,2826.06005859375,2826.06005859375,2889230000,False,False,0.0013526437720373175,False
2019-05-28,2830.030029296875,2840.510009765625,2801.580078125,2802.389892578125,2802.389892578125,4146980000,False,False,-0.008410950000260244,False
2019-05-29,2790.25,2792.030029296875,2766.06005859375,2783.02001953125,2783.02001953125,3701110000,False,False,-0.00693591016723137,False
2019-05-30,2786.93994140625,2799.0,2776.739990234375,2788.860107421875,2788.860107421875,3276030000,False,False,0.002096272674997037,False
2019-05-31,2766.14990234375,2768.97998046875,2750.52001953125,2752.06005859375,2752.06005859375,3982670000,False,False,-0.013283205250452958,False
2019-06-03,2751.530029296875,2763.070068359375,2728.81005859375,2744.449951171875,2744.449951171875,3952360000,False,False,-0.002769070654307939,False
2019-06-04,2762.639892578125,2804.489990234375,2762.639892578125,2803.27001953125,2803.27001953125,3814130000,False,False,0.021205927081077776,False
2019-06-05,2818.090087890625,2827.280029296875,2800.919921875,2826.14990234375,2826.14990234375,3570760000,False,False,0.008128726978813691,False
2019-06-06,2828.510009765625,2852.10009765625,2822.449951171875,2843.489990234375,2843.489990234375,3445140000,False,False,0.006116840676004416,False
2019-06-07,2852.8701171875,2884.969970703125,2852.8701171875,2873.340087890625,2873.340087890625,3244380000,False,False,0.010442979247260026,False
2019-06-10,2885.830078125,2904.77001953125,2885.510009765625,2886.72998046875,2886.72998046875,3209890000,False,False,0.004649220074765499,False
2019-06-11,2903.27001953125,2910.610107421875,2878.530029296875,2885.719970703125,2885.719970703125,3551000000,False,False,-0.0003499414579512858,False
2019-06-12,2882.72998046875,2888.570068359375,2874.679931640625,2879.840087890625,2879.840087890625,3039870000,False,False,-0.002039657827237423,False
2019-06-13,2886.239990234375,2895.239990234375,2881.989990234375,2891.639892578125,2891.639892578125,3100640000,False,False,0.004089010502850191,False
2019-06-14,2886.820068359375,2894.449951171875,2879.6201171875,2886.97998046875,2886.97998046875,2992810000,False,False,-0.0016128117861529605,False
2019-06-17,2889.75,2897.27001953125,2887.300048828125,2889.669921875,2889.669921875,2828400000,False,False,0.0009313154323528439,False
2019-06-18,2906.7099609375,2930.7900390625,2905.43994140625,2917.75,2917.75,3441540000,False,False,0.009670489592970687,False
2019-06-19,2920.550048828125,2931.739990234375,2911.429931640625,2926.4599609375,2926.4599609375,3300220000,False,False,0.0029807167930238428,False
2019-06-20,2949.60009765625,2958.06005859375,2931.5,2954.179931640625,2954.179931640625,3943060000,False,False,0.00942760533587314,False
2019-06-21,2952.7099609375,2964.14990234375,2946.8701171875,2950.4599609375,2950.4599609375,5003540000,False,False,-0.0012600162797279978,False
2019-06-24,2951.419921875,2954.919921875,2944.050048828125,2945.35009765625,2945.35009765625,3136960000,False,False,-0.0017333884605870258,False
2019-06-25,2945.780029296875,2946.52001953125,2916.010009765625,2917.3798828125,2917.3798828125,3579430000,False,False,-0.009541775640387554,False
2019-06-26,2926.070068359375,2932.590087890625,2912.989990234375,2913.780029296875,2913.780029296875,3511350000,False,False,-0.0012346956788039985,False
2019-06-27,2919.659912109375,2929.300048828125,2918.570068359375,2924.919921875,2924.919921875,3162500000,False,False,0.0038158857925908473,False
2019-06-28,2932.93994140625,2943.97998046875,2929.050048828125,2941.760009765625,2941.760009765625,5422650000,False,False,0.005740941840599626,False
2019-07-01,2971.409912109375,2977.929931640625,2952.219970703125,2964.330078125,2964.330078125,3524860000,False,False,0.007643018610953927,False
2019-07-02,2964.659912109375,2973.2099609375,2955.919921875,2973.010009765625,2973.010009765625,3224490000,False,False,0.002923847276988696,False
2019-07-03,2978.080078125,2995.840087890625,2977.9599609375,2995.820068359375,2995.820068359375,1963570000,False,False,0.007643095660684157,False
2019-07-05,2984.25,2994.030029296875,2967.969970703125,2990.409912109375,2990.409912109375,2434680000,False,False,-0.0018075342045486649,False
2019-07-08,2979.77001953125,2980.760009765625,2970.090087890625,2975.949951171875,2975.949951171875,2922360000,False,False,-0.004847173010123794,False
2019-07-09,2965.52001953125,2981.89990234375,2963.43994140625,2979.6298828125,2979.6298828125,3033330000,False,False,0.0012357930584538906,False
2019-07-10,2989.300048828125,3002.97998046875,2984.6201171875,2993.070068359375,2993.070068359375,3157800000,False,False,0.004500546936082614,False
2019-07-11,2999.6201171875,3002.330078125,2988.800048828125,2999.909912109375,2999.909912109375,3155710000,False,False,0.002282619578948549,False
2019-07-12,3003.360107421875,3013.919921875,3001.8701171875,3013.77001953125,3013.77001953125,2984140000,False,False,0.004609534302066538,False
2019-07-15,3017.800048828125,3017.800048828125,3008.77001953125,3014.300048828125,3014.300048828125,2876100000,False,False,0.00017585372838413283,False
2019-07-16,3012.1298828125,3015.02001953125,3001.14990234375,3004.0400390625,3004.0400390625,3297030000,False,False,-0.003409584555010327,False
2019-07-17,3005.10009765625,3005.260009765625,2984.25,2984.419921875,2984.419921875,3185650000,False,False,-0.006552665466093182,False
2019-07-18,2978.8701171875,2998.280029296875,2973.090087890625,2995.110107421875,2995.110107421875,3369820000,False,False,0.0035755977088190827,False
2019-07-19,3004.260009765625,3006.02001953125,2975.860107421875,2976.610107421875,2976.610107421875,3285890000,False,False,-0.006195889464844692,False
2019-07-22,2981.929931640625,2990.7099609375,2976.64990234375,2985.030029296875,2985.030029296875,3016200000,False,False,0.002824701686250326,False
2019-07-23,2994.739990234375,3005.89990234375,2988.56005859375,3005.469970703125,3005.469970703125,3333810000,False,False,0.00682414513927642,False
2019-07-24,2998.77001953125,3019.590087890625,2996.820068359375,3019.56005859375,3019.56005859375,3433220000,False,False,0.004677192813475714,False
2019-07-25,3016.260009765625,3016.31005859375,2997.239990234375,3003.669921875,3003.669921875,3657050000,False,False,-0.005276296483599537,False
2019-07-26,3013.25,3027.97998046875,3012.590087890625,3025.860107421875,3025.860107421875,3260170000,False,False,0.007360535770783042,False
2019-07-29,3024.469970703125,3025.610107421875,3014.300048828125,3020.969970703125,3020.969970703125,3224490000,False,False,-0.0016174219290574364,False
2019-07-30,3007.659912109375,3017.18994140625,3000.93994140625,3013.179931640625,3013.179931640625,3632770000,False,False,-0.0025819853720443708,False
2019-07-31,3016.219970703125,3017.39990234375,2958.080078125,2980.3798828125,2980.3798828125,4626330000,False,False,-0.01094520695213996,False
2019-08-01,2980.320068359375,3013.590087890625,2945.22998046875,2953.56005859375,2953.56005859375,4793810000,False,False,-0.009039527568806017,False
2019-08-02,2943.89990234375,2945.5,2914.110107421875,2932.050048828125,2932.050048828125,3882810000,False,False,-0.007309388539565105,False
2019-08-05,2898.070068359375,2898.070068359375,2822.1201171875,2844.739990234375,2844.739990234375,4542850000,False,False,-0.030230182169694777,False
2019-08-06,2861.179931640625,2884.39990234375,2847.419921875,2881.77001953125,2881.77001953125,4156640000,False,False,0.012933023911166613,False
2019-08-07,2858.64990234375,2892.169921875,2825.7099609375,2883.97998046875,2883.97998046875,4512720000,False,False,0.0007665823338588767,False
2019-08-08,2896.2099609375,2938.719970703125,2894.469970703125,2938.090087890625,2938.090087890625,4118530000,False,False,0.018588462466865085,False
2019-08-09,2930.510009765625,2935.75,2900.14990234375,2918.64990234375,2918.64990234375,3356850000,False,False,-0.006638593133657111,False
2019-08-12,2907.070068359375,2907.580078125,2873.139892578125,2882.699951171875,2882.699951171875,3328570000,False,False,-0.012393809115915354,False
2019-08-13,2880.719970703125,2943.31005859375,2877.050048828125,2926.320068359375,2926.320068359375,3857190000,False,False,0.015018346267301863,False
2019-08-14,2894.14990234375,2894.14990234375,2839.639892578125,2840.60009765625,2840.60009765625,4325150000,False,False,-0.02973035245453567,False
2019-08-15,2846.199951171875,2856.669921875,2825.510009765625,2847.60009765625,2847.60009765625,4041720000,False,False,0.0024612366981802422,False
2019-08-16,2864.739990234375,2893.6298828125,2864.739990234375,2888.679931640625,2888.679931640625,3524080000,False,False,0.014323058172245003,False
2019-08-19,2913.47998046875,2931.0,2913.47998046875,2923.64990234375,2923.64990234375,3221050000,False,False,0.012033175564397505,False
2019-08-20,2919.010009765625,2923.6298828125,2899.60009765625,2900.510009765625,2900.510009765625,3067710000,False,False,-0.007946215312115467,False
2019-08-21,2922.0400390625,2928.72998046875,2917.909912109375,2924.429931640625,2924.429931640625,3016540000,False,False,0.008212979557352937,False
2019-08-22,2930.93994140625,2939.080078125,2904.510009765625,2922.949951171875,2922.949951171875,2893660000,False,False,-0.00050620295927854,False
2019-08-23,2911.070068359375,2927.010009765625,2834.969970703125,2847.110107421875,2847.110107421875,3942520000,False,False,-0.02628888112283785,False
2019-08-26,2866.699951171875,2879.27001953125,2856.0,2878.3798828125,2878.3798828125,2859790000,False,False,0.01092311273079789,False
2019-08-27,2893.139892578125,2898.7900390625,2860.590087890625,2869.159912109375,2869.159912109375,3537490000,False,False,-0.0032083218005562386,False
2019-08-28,2861.280029296875,2890.030029296875,2853.050048828125,2887.93994140625,2887.93994140625,3102480000,False,False,0.006524151530562512,False
2019-08-29,2910.3701171875,2930.5,2905.669921875,2924.580078125,2924.580078125,3177150000,False,False,0.012607482441094399,False
2019-08-30,2937.090087890625,2940.429931640625,2913.320068359375,2926.4599609375,2926.4599609375,3009910000,False,False,0.0006425807598767749,False
2019-09-03,2909.010009765625,2914.389892578125,2891.85009765625,2906.27001953125,2906.27001953125,3427830000,False,False,-0.0069230093326854165,False
2019-09-04,2924.669921875,2938.840087890625,2921.860107421875,2937.780029296875,2937.780029296875,3167900000,False,False,0.010783725278421427,False
2019-09-05,2960.60009765625,2985.860107421875,2960.60009765625,2976.0,2976.0,3902600000,False,False,0.01292591292175976,False
2019-09-06,2980.330078125,2985.030029296875,2972.510009765625,2978.7099609375,2978.7099609375,3209340000,False,False,0.0009101908043767861,False
2019-09-09,2988.429931640625,2989.429931640625,2969.389892578125,2978.429931640625,2978.429931640625,4031120000,False,False,-9.401467889992668e-05,False
2019-09-10,2971.010009765625,2979.389892578125,2957.010009765625,2979.389892578125,2979.389892578125,4393040000,False,False,0.0003222524259310153,False
2019-09-11,2981.409912109375,3000.929931640625,2975.31005859375,3000.929931640625,3000.929931640625,3934370000,False,False,0.0072036723263872,False
2019-09-12,3009.080078125,3020.739990234375,3000.919921875,3009.570068359375,3009.570068359375,3796990000,False,False,0.0028750162782333164,False
2019-09-13,3012.2099609375,3017.330078125,3002.89990234375,3007.389892578125,3007.389892578125,3557010000,False,False,-0.0007246768769660504,False
2019-09-16,2996.409912109375,3002.18994140625,2990.669921875,2997.9599609375,2997.9599609375,4285860000,False,False,-0.0031405129163559896,False
2019-09-17,2995.669921875,3006.2099609375,2993.72998046875,3005.699951171875,3005.699951171875,3673250000,False,False,0.0025784253724619854,False
2019-09-18,3001.5,3007.830078125,2978.570068359375,3006.72998046875,3006.72998046875,3458800000,False,False,0.00034263328426719085,False
2019-09-19,3010.360107421875,3021.989990234375,3003.159912109375,3006.7900390625,3006.7900390625,3265660000,False,False,1.9974521929475905e-05,False
2019-09-20,3008.419921875,3016.3701171875,2984.679931640625,2992.070068359375,2992.070068359375,6103440000,False,False,-0.004907599104880387,False
2019-09-23,2983.5,2999.14990234375,2982.22998046875,2991.780029296875,2991.780029296875,3187250000,False,False,-9.694061782751375e-05,False
2019-09-24,3002.429931640625,3007.97998046875,2957.72998046875,2966.60009765625,2966.60009765625,3872800000,False,False,-0.00845198896355148,False
2019-09-25,2968.35009765625,2989.820068359375,2952.860107421875,2984.8701171875,2984.8701171875,3331200000,False,False,0.0061396852419639035,False
2019-09-26,2985.72998046875,2987.280029296875,2963.7099609375,2977.6201171875,2977.6201171875,3084910000,False,False,-0.002431871009613191,False
2019-09-27,2985.469970703125,2987.31005859375,2945.530029296875,2961.7900390625,2961.7900390625,3246480000,False,False,-0.005330534579128577,False
2019-09-30,2967.070068359375,2983.85009765625,2967.070068359375,2976.739990234375,2976.739990234375,3249130000,False,False,0.005034910215248393,False
2019-10-01,2983.68994140625,2992.530029296875,2938.699951171875,2940.25,2940.25,3560750000,False,False,-0.012334126945412846,False
2019-10-02,2924.780029296875,2924.780029296875,2874.929931640625,2887.610107421875,2887.610107421875,3914180000,False,False,-0.01806540418764383,False
2019-10-03,2885.3798828125,2911.1298828125,2855.93994140625,2910.6298828125,2910.6298828125,3515130000,False,False,0.007940304773866787,False
2019-10-04,2918.56005859375,2953.739990234375,2918.56005859375,2952.010009765625,2952.010009765625,3005600000,False,False,0.014116785239259274,False
2019-10-07,2944.22998046875,2959.75,2935.679931640625,2938.7900390625,2938.7900390625,2959050000,False,False,-0.00448835227368152,False
2019-10-08,2920.39990234375,2925.469970703125,2892.659912109375,2893.06005859375,2893.06005859375,3370700000,False,False,-0.01568315955210993,False
2019-10-09,2911.10009765625,2929.320068359375,2907.409912109375,2919.39990234375,2919.39990234375,2735350000,False,False,0.009063296514845923,False
2019-10-10,2918.550048828125,2948.4599609375,2917.1201171875,2938.1298828125,2938.1298828125,3234400000,False,False,0.0063952024117826045,False
2019-10-11,2963.070068359375,2993.280029296875,2963.070068359375,2970.27001953125,2970.27001953125,3581320000,False,False,0.010879579673789056,False
2019-10-14,2965.81005859375,2972.840087890625,2962.93994140625,2966.14990234375,2966.14990234375,2559270000,False,False,-0.0013880816732189801,False
2019-10-15,2973.610107421875,3003.280029296875,2973.610107421875,2995.679931640625,2995.679931640625,3345090000,False,False,0.009906445376489171,False
2019-10-16,2989.679931640625,2997.5400390625,2985.199951171875,2989.68994140625,2989.68994140625,3230320000,False,False,-0.002001544553193733,False
2019-10-17,3000.77001953125,3008.2900390625,2991.7900390625,2997.949951171875,2997.949951171875,3103470000,False,False,0.002759021969775287,False
2019-10-18,2996.840087890625,3000.0,2976.31005859375,2986.199951171875,2986.199951171875,3268970000,False,False,-0.003927045709799847,False
2019-10-21,2996.47998046875,3007.330078125,2995.35009765625,3006.719970703125,3006.719970703125,3271960000,False,False,0.006848114105333746,False
2019-10-22,3010.72998046875,3014.570068359375,2995.0400390625,2995.989990234375,2995.989990234375,3527540000,False,False,-0.003575049258376838,False
2019-10-23,2994.010009765625,3004.780029296875,2991.2099609375,3004.52001953125,3004.52001953125,3413600000,False,False,0.002843103345830729,False
2019-10-24,3014.780029296875,3016.070068359375,3000.419921875,3010.2900390625,3010.2900390625,3696510000,False,False,0.0019186046591713529,False
2019-10-25,3003.320068359375,3027.389892578125,3001.93994140625,3022.550048828125,3022.550048828125,3379060000,False,False,0.004064429510656049,False
2019-10-28,3032.1201171875,3044.080078125,3032.1201171875,3039.419921875,3039.419921875,3524970000,False,False,0.0055658199161177,False
2019-10-29,3035.389892578125,3047.8701171875,3034.81005859375,3036.889892578125,3036.889892578125,3594430000,False,False,-0.0008327519564807664,False
2019-10-30,3039.739990234375,3050.10009765625,3025.9599609375,3046.77001953125,3046.77001953125,3779660000,False,False,0.0032480894008573105,False
2019-10-31,3046.89990234375,3046.89990234375,3023.18994140625,3037.56005859375,3037.56005859375,4149310000,False,False,-0.0030274386345390905,False
2019-11-01,3050.719970703125,3066.949951171875,3050.719970703125,3066.909912109375,3066.909912109375,3956290000,False,False,0.009615930559647514,False
2019-11-04,3078.9599609375,3085.199951171875,3074.8701171875,3078.27001953125,3078.27001953125,4178040000,False,False,0.0036972458053124275,False
2019-11-05,3080.800048828125,3083.949951171875,3072.14990234375,3074.6201171875,3074.6201171875,4490590000,False,False,-0.0011864027118206639,False
2019-11-06,3075.10009765625,3078.340087890625,3065.889892578125,3076.780029296875,3076.780029296875,4465510000,False,False,0.0007022505922896238,False
2019-11-07,3087.02001953125,3097.77001953125,3080.22998046875,3085.179931640625,3085.179931640625,4151990000,False,False,0.002726375244280665,False
2019-11-08,3081.25,3093.090087890625,3073.580078125,3093.080078125,3093.080078125,3508160000,False,False,0.002557403145115828,False
2019-11-11,3080.330078125,3088.330078125,3075.820068359375,3087.010009765625,3087.010009765625,3041120000,False,False,-0.0019643954133371925,False
2019-11-12,3089.280029296875,3102.610107421875,3084.72998046875,3091.840087890625,3091.840087890625,3495560000,False,False,0.0015634233012630327,False
2019-11-13,3084.179931640625,3098.06005859375,3078.800048828125,3094.0400390625,3094.0400390625,3513720000,False,False,0.0007112815701162954,False
2019-11-14,3090.75,3098.199951171875,3083.260009765625,3096.6298828125,3096.6298828125,3282090000,False,False,0.0008366926144567594,False
2019-11-15,3107.919921875,3120.4599609375,3104.60009765625,3120.4599609375,3120.4599609375,3359800000,False,False,0.007666028777973181,False
2019-11-18,3117.909912109375,3124.169921875,3112.06005859375,3122.030029296875,3122.030029296875,3440140000,False,False,0.0005030263228096366,False
2019-11-19,3127.449951171875,3127.639892578125,3113.469970703125,3120.179931640625,3120.179931640625,3613670000,False,False,-0.0005927700996925261,False
2019-11-20,3114.659912109375,3118.969970703125,3091.409912109375,3108.4599609375,3108.4599609375,4041010000,False,False,-0.0037632564209410676,False
2019-11-21,3108.489990234375,3110.110107421875,3094.550048828125,3103.5400390625,3103.5400390625,3744010000,False,False,-0.0015840060861895076,False
2019-11-22,3111.409912109375,3112.8701171875,3099.260009765625,3110.2900390625,3110.2900390625,3235270000,False,False,0.002172573942375937,False
2019-11-25,3117.43994140625,3133.830078125,3117.43994140625,3133.639892578125,3133.639892578125,3514310000,False,False,0.0074792518874672075,False
2019-11-26,3134.85009765625,3142.68994140625,3131.0,3140.52001953125,3140.52001953125,4600450000,False,False,0.0021931636449402277,False
2019-11-27,3145.489990234375,3154.260009765625,3143.409912109375,3153.6298828125,3153.6298828125,3035470000,False,False,0.0041657356252997445,False
2019-11-29,3147.179931640625,3150.300048828125,3139.340087890625,3140.97998046875,3140.97998046875,1743420000,False,False,-0.004019286229989053,False
2019-12-02,3143.85009765625,3144.31005859375,3110.780029296875,3113.8701171875,3113.8701171875,3285750000,False,False,-0.008668483693963605,False
2019-12-03,3087.409912109375,3094.969970703125,3070.330078125,3093.199951171875,3093.199951171875,3671580000,False,False,-0.006660225258045148,False
2019-12-04,3103.5,3119.3798828125,3102.530029296875,3112.760009765625,3112.760009765625,3702980000,False,False,0.006303657608769993,False
2019-12-05,3119.2099609375,3119.449951171875,3103.760009765625,3117.429931640625,3117.429931640625,3360480000,False,False,0.0014991269266302707,False
2019-12-06,3134.6201171875,3150.60009765625,3134.6201171875,3145.909912109375,3145.909912109375,3483310000,False,False,0.009094246030426013,False
2019-12-09,3141.860107421875,3148.8701171875,3135.4599609375,3135.9599609375,3135.9599609375,3400470000,False,False,-0.003167833684474369,False
2019-12-10,3135.360107421875,3142.1201171875,3126.090087890625,3132.52001953125,3132.52001953125,3346310000,False,False,-0.0010975361689841293,False
2019-12-11,3135.75,3143.97998046875,3133.2099609375,3141.6298828125,3141.6298828125,3257650000,False,False,0.0029039375293507703,False
2019-12-12,3141.22998046875,3176.280029296875,3138.469970703125,3168.570068359375,3168.570068359375,4003200000,False,False,0.008538667375555057,False
2019-12-13,3166.64990234375,3182.679931640625,3156.510009765625,3168.800048828125,3168.800048828125,3757650000,False,False,7.25791502146863e-05,False
2019-12-16,3183.6298828125,3197.7099609375,3183.6298828125,3191.449951171875,3191.449951171875,4070200000,False,False,0.007122360942542787,False
2019-12-17,3195.39990234375,3198.219970703125,3191.030029296875,3192.52001953125,3192.52001953125,3842940000,False,False,0.0003352360284609262,False
2019-12-18,3195.2099609375,3198.47998046875,3191.139892578125,3191.139892578125,3191.139892578125,4029950000,False,False,-0.0004323936405227425,False
2019-12-19,3192.320068359375,3205.47998046875,3192.320068359375,3205.3701171875,3205.3701171875,3784360000,False,False,0.004449378821864254,False
2019-12-20,3223.330078125,3225.64990234375,3216.030029296875,3221.219970703125,3221.219970703125,6457480000,False,False,0.004932595804334098,False
2019-12-23,3226.050048828125,3227.780029296875,3222.300048828125,3224.010009765625,3224.010009765625,3064530000,False,False,0.0008657687142985109,False
2019-12-24,3225.449951171875,3226.429931640625,3220.510009765625,3223.3798828125,3223.3798828125,1296530000,False,False,-0.00019546730246814044,False
2019-12-26,3227.199951171875,3240.080078125,3227.199951171875,3239.909912109375,3239.909912109375,2164540000,False,False,0.005115062410053991,False
2019-12-27,3247.22998046875,3247.929931640625,3234.3701171875,3240.02001953125,3240.02001953125,2429150000,False,False,3.3984139657930306e-05,False
2019-12-30,3240.090087890625,3240.919921875,3216.570068359375,3221.2900390625,3221.2900390625,3021720000,False,False,-0.005797596079349905,False
2019-12-31,3215.179931640625,3231.719970703125,3212.030029296875,3230.780029296875,3230.780029296875,2894760000,False,False,0.002941690644190719,False
2020-01-02,3244.669921875,3258.139892578125,3235.530029296875,3257.85009765625,3257.85009765625,3459930000,False,False,0.008343895362316707,False
2020-01-03,3226.360107421875,3246.14990234375,3222.340087890625,3234.85009765625,3234.85009765625,3484700000,False,False,-0.007084909364954553,False
2020-01-06,3217.550048828125,3246.840087890625,3214.639892578125,3246.280029296875,3246.280029296875,3702460000,False,False,0.003527145194272564,False
2020-01-07,3241.860107421875,3244.909912109375,3232.429931640625,3237.179931640625,3237.179931640625,3435910000,False,False,-0.0028071750845948405,False
2020-01-08,3238.590087890625,3267.070068359375,3236.669921875,3253.050048828125,3253.050048828125,3726840000,False,False,0.004890473485641129,False
2020-01-09,3266.030029296875,3275.580078125,3263.669921875,3274.699951171875,3274.699951171875,3641230000,False,False,0.006633214116906491,False
2020-01-10,3281.81005859375,3282.989990234375,3260.860107421875,3265.35009765625,3265.35009765625,3214580000,False,False,-0.0028592624875049015,False
2020-01-13,3271.1298828125,3288.1298828125,3268.429931640625,3288.1298828125,3288.1298828125,3459390000,False,False,0.006951994045933256,False
2020-01-14,3285.35009765625,3294.25,3277.18994140625,3283.14990234375,3283.14990234375,3687620000,False,False,-0.0015156808368957204,False
2020-01-15,3282.27001953125,3298.659912109375,3280.68994140625,3289.2900390625,3289.2900390625,3721490000,False,False,0.0018684502436879626,False
2020-01-16,3302.969970703125,3317.110107421875,3302.820068359375,3316.81005859375,3316.81005859375,3540580000,False,False,0.008331747422232019,False
2020-01-17,3323.659912109375,3329.8798828125,3318.860107421875,3329.6201171875,3329.6201171875,3726220000,False,False,0.003854723247485144,False
2020-01-21,3321.030029296875,3329.7900390625,3316.610107421875,3320.7900390625,3320.7900390625,4104840000,False,False,-0.002655500369585384,False
2020-01-22,3330.02001953125,3337.77001953125,3320.0400390625,3321.75,3321.75,3623780000,False,False,0.00028903429668107475,False
2020-01-23,3315.77001953125,3326.8798828125,3301.8701171875,3325.5400390625,3325.5400390625,3766710000,False,False,0.001140326193358241,False
2020-01-24,3333.10009765625,3333.179931640625,3281.530029296875,3295.469970703125,3295.469970703125,3708780000,False,False,-0.009083289426193788,False
2020-01-27,3247.159912109375,3258.85009765625,3234.5,3243.6298828125,3243.6298828125,3831050000,False,False,-0.015855752356844034,False
2020-01-28,3255.35009765625,3285.780029296875,3253.219970703125,3276.239990234375,3276.239990234375,3531570000,False,False,0.010003383500352516,False
2020-01-29,3289.4599609375,3293.469970703125,3271.889892578125,3273.39990234375,3273.39990234375,3600250000,False,False,-0.0008672501435846315,False
2020-01-30,3256.449951171875,3285.909912109375,3242.800048828125,3283.659912109375,3283.659912109375,3790350000,False,False,0.0031294569302110597,False
2020-01-31,3282.330078125,3282.330078125,3214.679931640625,3225.52001953125,3225.52001953125,4529700000,False,False,-0.01786444357136295,False
2020-02-03,3235.659912109375,3268.43994140625,3235.659912109375,3248.919921875,3248.919921875,3760460000,False,False,0.007228425761232584,False
2020-02-04,3280.610107421875,3306.919921875,3280.610107421875,3297.590087890625,3297.590087890625,3996900000,False,False,0.014869315917506062,False
2020-02-05,3324.909912109375,3337.580078125,3313.75,3334.68994140625,3334.68994140625,4121480000,False,False,0.011187778658972936,False
2020-02-06,3344.919921875,3347.9599609375,3334.389892578125,3345.780029296875,3345.780029296875,3887250000,False,False,0.003320155057001924,False
2020-02-07,3335.5400390625,3341.419921875,3322.1201171875,3327.7099609375,3327.7099609375,3733920000,False,False,-0.005415491009458352,False
2020-02-10,3318.280029296875,3352.260009765625,3317.77001953125,3352.090087890625,3352.090087890625,3462730000,False,False,0.007299690120573207,False
2020-02-11,3365.8701171875,3375.6298828125,3352.719970703125,3357.75,3357.75,3762940000,False,False,0.0016870486860021178,False
2020-02-12,3370.5,3381.469970703125,3369.719970703125,3379.449951171875,3379.449951171875,3930910000,False,False,0.006441853105203067,False
2020-02-13,3365.89990234375,3385.090087890625,3360.52001953125,3373.93994140625,3373.93994140625,3500890000,False,False,-0.0016317763599886593,False
2020-02-14,3378.080078125,3380.68994140625,3366.14990234375,3380.159912109375,3380.159912109375,3419700000,False,False,0.0018418360984854144,False
2020-02-18,3369.0400390625,3375.010009765625,3355.610107421875,3370.2900390625,3370.2900390625,3750400000,False,False,-0.0029242139861477136,False
2020-02-19,3380.389892578125,3393.52001953125,3378.830078125,3386.14990234375,3386.14990234375,3614200000,False,False,0.004694748284284925,False
2020-02-20,3380.449951171875,3389.14990234375,3341.02001953125,3373.22998046875,3373.22998046875,4019180000,False,False,-0.0038228174279975285,False
2020-02-21,3360.5,3360.760009765625,3328.449951171875,3337.75,3337.75,3908780000,False,False,-0.010573809232819777,False
2020-02-24,3257.610107421875,3259.81005859375,3214.64990234375,3225.889892578125,3225.889892578125,4851160000,False,False,-0.03408807942044074,False
2020-02-25,3238.93994140625,3246.989990234375,3118.77001953125,3128.2099609375,3128.2099609375,5596760000,False,False,-0.030747904375353224,False
2020-02-26,3139.89990234375,3182.510009765625,3108.989990234375,3116.389892578125,3116.389892578125,5484650000,False,False,-0.00378569732353003,False
2020-02-27,3062.5400390625,3097.070068359375,2977.389892578125,2978.760009765625,2978.760009765625,7064710000,False,False,-0.045168136352261155,False
2020-02-28,2916.89990234375,2959.719970703125,2855.840087890625,2954.219970703125,2954.219970703125,8569570000,False,False,-0.008272463109653077,False
2020-03-02,2974.280029296875,3090.9599609375,2945.18994140625,3090.22998046875,3090.22998046875,6381330000,False,False,0.0450108687694132,False
2020-03-03,3096.4599609375,3136.719970703125,2976.6298828125,3003.3701171875,3003.3701171875,6376510000,False,False,-0.02851048492291458,False
2020-03-04,3045.75,3130.969970703125,3034.3798828125,3130.1201171875,3130.1201171875,5073020000,False,False,0.041336349360633136,False
2020-03-05,3075.699951171875,3083.0400390625,2999.830078125,3023.93994140625,3023.93994140625,5579290000,False,False,-0.034510782439981125,False
2020-03-06,2954.199951171875,2985.929931640625,2901.5400390625,2972.3701171875,2972.3701171875,6555240000,False,False,-0.01720094365238617,False
2020-03-09,2863.889892578125,2863.889892578125,2734.429931640625,2746.56005859375,2746.56005859375,8441290000,False,False,-0.07901041294037148,False
2020-03-10,2813.47998046875,2882.590087890625,2734.0,2882.22998046875,2882.22998046875,7642040000,False,False,0.048215052425859106,False
2020-03-11,2825.60009765625,2825.60009765625,2707.219970703125,2741.3798828125,2741.3798828125,7431200000,False,False,-0.05010289280860541,False
2020-03-12,2630.860107421875,2660.949951171875,2478.860107421875,2480.639892578125,2480.639892578125,8850810000,False,False,-0.09994485240247351,False
2020-03-13,2569.989990234375,2711.330078125,2492.3701171875,2711.02001953125,2711.02001953125,8299070000,False,False,0.08880840694923595,False
2020-03-16,2508.590087890625,2562.97998046875,2380.93994140625,2386.1298828125,2386.1298828125,7805450000,False,False,-0.12765219747281742,True
2020-03-17,2425.659912109375,2553.929931640625,2367.0400390625,2529.18994140625,2529.18994140625,8370250000,False,False,0.05822631263569171,False
2020-03-18,2436.5,2453.570068359375,2280.52001953125,2398.10009765625,2398.10009765625,8799300000,False,False,-0.053222272332080246,False
2020-03-19,2393.47998046875,2466.969970703125,2319.780029296875,2409.389892578125,2409.389892578125,7956100000,False,False,0.004696760970401053,False
2020-03-20,2431.93994140625,2453.010009765625,2295.56005859375,2304.919921875,2304.919921875,9053950000,False,False,-0.04432762405336681,False
2020-03-23,2290.7099609375,2300.72998046875,2191.860107421875,2237.39990234375,2237.39990234375,7411380000,False,False,-0.02973150100957679,False
2020-03-24,2344.43994140625,2449.7099609375,2344.43994140625,2447.330078125,2447.330078125,7563150000,False,False,0.08968323251796326,False
2020-03-25,2457.77001953125,2571.419921875,2407.530029296875,2475.56005859375,2475.56005859375,8300010000,False,False,0.011468990420822226,False
2020-03-26,2501.2900390625,2637.010009765625,2500.719970703125,2630.070068359375,2630.070068359375,7766990000,False,False,0.06054383107424656,False
2020-03-27,2555.8701171875,2615.909912109375,2520.02001953125,2541.469970703125,2541.469970703125,6201670000,False,False,-0.0342678455416263,False
2020-03-30,2558.97998046875,2631.800048828125,2545.280029296875,2626.64990234375,2626.64990234375,5751120000,False,False,0.032966590569974794,False
2020-03-31,2614.68994140625,2641.389892578125,2571.14990234375,2584.590087890625,2584.590087890625,6576210000,False,False,-0.016142310788415843,False
2020-04-01,2498.080078125,2522.75,2447.489990234375,2470.5,2470.5,5964000000,False,False,-0.04514636273278691,False
2020-04-02,2458.5400390625,2533.219970703125,2455.7900390625,2526.89990234375,2526.89990234375,6464190000,False,False,0.022572657056960366,False
2020-04-03,2514.919921875,2538.179931640625,2459.9599609375,2488.64990234375,2488.64990234375,6096970000,False,False,-0.015252860825944299,False
2020-04-06,2578.280029296875,2676.85009765625,2574.570068359375,2663.679931640625,2663.679931640625,6403840000,False,False,0.06796824414483035,False
2020-04-07,2738.64990234375,2756.889892578125,2657.669921875,2659.409912109375,2659.409912109375,7050410000,False,False,-0.001604339048362459,False
2020-04-08,2685.0,2760.75,2663.300048828125,2749.97998046875,2749.97998046875,5875710000,False,False,0.033489371191284686,False
2020-04-09,2776.989990234375,2818.570068359375,2762.360107421875,2789.820068359375,2789.820068359375,7899550000,False,False,0.014383470303699339,False
2020-04-13,2782.4599609375,2782.4599609375,2721.169921875,2761.6298828125,2761.6298828125,5319530000,False,False,-0.01015605944467711,False
2020-04-14,2805.10009765625,2851.85009765625,2805.10009765625,2846.06005859375,2846.06005859375,5615730000,False,False,0.03011455957230757,False
2020-04-15,2795.639892578125,2801.8798828125,2761.5400390625,2783.360107421875,2783.360107421875,5208000000,False,False,-0.022276732672369248,False
2020-04-16,2799.340087890625,2806.510009765625,2764.320068359375,2799.550048828125,2799.550048828125,5228810000,False,False,0.0057998378395412884,False
2020-04-17,2842.429931640625,2879.219970703125,2830.8798828125,2874.56005859375,2874.56005859375,5804810000,False,False,0.026440932021320578,False
2020-04-20,2845.6201171875,2868.97998046875,2820.429931640625,2823.159912109375,2823.159912109375,5228630000,False,False,-0.018042845615347775,False
2020-04-21,2784.81005859375,2785.5400390625,2727.10009765625,2736.56005859375,2736.56005859375,5121010000,False,False,-0.031155115236330667,False
2020-04-22,2787.889892578125,2815.10009765625,2775.949951171875,2799.31005859375,2799.31005859375,5084920000,False,False,0.02267130058213675,False
2020-04-23,2810.419921875,2844.89990234375,2794.260009765625,2797.800048828125,2797.800048828125,5773530000,False,False,-0.0005395676601955963,False
2020-04-24,2812.639892578125,2842.7099609375,2791.760009765625,2836.739990234375,2836.739990234375,5382810000,False,False,0.013822090566839217,False
2020-04-27,2854.64990234375,2887.719970703125,2852.889892578125,2878.47998046875,2878.47998046875,5203930000,False,False,0.014606868181735996,False
2020-04-28,2909.9599609375,2921.14990234375,2860.7099609375,2863.389892578125,2863.389892578125,5691160000,False,False,-0.005256170190483643,False
2020-04-29,2918.4599609375,2954.860107421875,2912.159912109375,2939.510009765625,2939.510009765625,6645640000,False,False,0.02623670404507307,False
2020-04-30,2930.909912109375,2930.909912109375,2892.469970703125,2912.429931640625,2912.429931640625,6544980000,False,False,-0.009255143319054839,False
2020-05-01,2869.090087890625,2869.090087890625,2821.610107421875,2830.7099609375,2830.7099609375,4759810000,False,False,-0.028460211014775954,False
2020-05-04,2815.010009765625,2844.239990234375,2797.85009765625,2842.739990234375,2842.739990234375,4735930000,False,False,0.0042408225788494016,False
2020-05-05,2868.8798828125,2898.22998046875,2863.550048828125,2868.43994140625,2868.43994140625,5140290000,False,False,0.008999935197779802,False
2020-05-06,2883.139892578125,2891.110107421875,2847.64990234375,2848.419921875,2848.419921875,4892570000,False,False,-0.007003880399042588,False
2020-05-07,2878.260009765625,2901.919921875,2876.47998046875,2881.18994140625,2881.18994140625,5178790000,False,False,0.011438955754890805,False
2020-05-08,2908.830078125,2932.159912109375,2902.8798828125,2929.800048828125,2929.800048828125,4876030000,False,False,0.016730795065226244,False
2020-05-11,2915.4599609375,2944.25,2903.43994140625,2930.18994140625,2930.18994140625,4819730000,False,False,0.0001330693667907644,False
2020-05-12,2939.5,2945.820068359375,2869.590087890625,2870.1201171875,2870.1201171875,5119630000,False,False,-0.020713365772047604,False
2020-05-13,2865.860107421875,2874.139892578125,2793.14990234375,2820.0,2820.0,6151650000,False,False,-0.017616996624280044,False
2020-05-14,2794.5400390625,2852.800048828125,2766.639892578125,2852.5,2852.5,5651130000,False,False,0.01145891780407149,False
2020-05-15,2829.949951171875,2865.010009765625,2816.780029296875,2863.699951171875,2863.699951171875,5507700000,False,False,0.003918675203723029,False
2020-05-18,2913.860107421875,2968.090087890625,2913.860107421875,2953.909912109375,2953.909912109375,6373670000,False,False,0.031015208770073424,False
2020-05-19,2948.590087890625,2964.2099609375,2922.35009765625,2922.93994140625,2922.93994140625,4984330000,False,False,-0.010539747711599283,False
2020-05-20,2953.6298828125,2980.2900390625,2953.6298828125,2971.610107421875,2971.610107421875,5005380000,False,False,0.0165139906134157,False
2020-05-21,2969.949951171875,2978.5,2938.570068359375,2948.510009765625,2948.510009765625,4976620000,False,False,-0.007803968309953686,False
2020-05-22,2948.050048828125,2956.760009765625,2933.590087890625,2955.449951171875,2955.449951171875,3970860000,False,False,0.002350945686812366,False
2020-05-26,3004.080078125,3021.719970703125,2988.169921875,2991.77001953125,2991.77001953125,5848500000,False,False,0.01221428502146052,False
2020-05-27,3015.64990234375,3036.25,2969.75,3036.1298828125,3036.1298828125,6398000000,False,False,0.014718447490314346,False
2020-05-28,3046.610107421875,3068.669921875,3023.39990234375,3029.72998046875,3029.72998046875,5447020000,False,False,-0.0021101393249195488,False
2020-05-29,3025.169921875,3049.169921875,2998.610107421875,3044.31005859375,3044.31005859375,7297550000,False,False,0.004800793552307952,False
2020-06-01,3038.780029296875,3062.179931640625,3031.5400390625,3055.72998046875,3055.72998046875,4684170000,False,False,0.003744216478364391,False
2020-06-02,3064.780029296875,3081.070068359375,3051.639892578125,3080.820068359375,3080.820068359375,5197150000,False,False,0.008177307282398658,False
2020-06-03,3098.89990234375,3130.93994140625,3098.89990234375,3122.8701171875,3122.8701171875,6005560000,False,False,0.01355667081256392,False
2020-06-04,3111.56005859375,3128.909912109375,3090.409912109375,3112.35009765625,3112.35009765625,6451290000,False,False,-0.003374389083608904,False
2020-06-05,3163.840087890625,3211.719970703125,3163.840087890625,3193.929931640625,3193.929931640625,8639300000,False,False,0.025874012821635813,False
2020-06-08,3199.919921875,3233.1298828125,3196.0,3232.389892578125,3232.389892578125,8498300000,False,False,0.011969656405806002,False
2020-06-09,3213.320068359375,3222.7099609375,3193.110107421875,3207.179931640625,3207.179931640625,6410930000,False,False,-0.007829743419721978,False
2020-06-10,3213.419921875,3223.27001953125,3181.489990234375,3190.139892578125,3190.139892578125,6598870000,False,False,-0.005327255735182077,False
2020-06-11,3123.530029296875,3123.530029296875,2999.489990234375,3002.10009765625,3002.10009765625,7037320000,False,False,-0.06075269299628893,False
2020-06-12,3071.0400390625,3088.419921875,2984.469970703125,3041.31005859375,3041.31005859375,5845330000,False,False,0.012976286605211731,False
2020-06-15,2993.760009765625,3079.760009765625,2965.659912109375,3066.590087890625,3066.590087890625,5757480000,False,False,0.00827786081817526,False
2020-06-16,3131.0,3153.449951171875,3076.06005859375,3124.739990234375,3124.739990234375,5845810000,False,False,0.018784852866710527,False
2020-06-17,3136.1298828125,3141.159912109375,3108.030029296875,3113.489990234375,3113.489990234375,4560450000,False,False,-0.0036067962326294138,False
2020-06-18,3101.639892578125,3120.0,3093.510009765625,3115.340087890625,3115.340087890625,4448690000,False,False,0.0005940434038017573,False
2020-06-19,3140.2900390625,3155.530029296875,3083.110107421875,3097.739990234375,3097.739990234375,8346650000,False,False,-0.005665513565673728,False
2020-06-22,3094.419921875,3120.919921875,3079.389892578125,3117.860107421875,3117.860107421875,4686690000,False,False,0.006474093296658384,False
2020-06-23,3138.699951171875,3154.89990234375,3127.1201171875,3131.2900390625,3131.2900390625,4711850000,False,False,0.004298169191483789,False
2020-06-24,3114.39990234375,3115.010009765625,3032.1298828125,3050.330078125,3050.330078125,5597680000,False,False,-0.0261952655956623,False
2020-06-25,3046.60009765625,3086.25,3024.010009765625,3083.760009765625,3083.760009765625,4847690000,False,False,0.01089982772821816,False
2020-06-26,3073.199951171875,3073.72998046875,3004.6298828125,3009.050048828125,3009.050048828125,8107850000,False,False,-0.024525204274831163,False
2020-06-29,3018.590087890625,3053.889892578125,2999.739990234375,3053.239990234375,3053.239990234375,4473970000,False,False,0.01457888811353358,False
2020-06-30,3050.199951171875,3111.510009765625,3047.830078125,3100.2900390625,3100.2900390625,4705850000,False,False,0.015292349435755562,False
2020-07-01,3105.919921875,3128.43994140625,3101.169921875,3115.860107421875,3115.860107421875,4449230000,False,False,0.005009563975870565,False
2020-07-02,3143.639892578125,3165.81005859375,3124.52001953125,3130.010009765625,3130.010009765625,4197720000,False,False,0.0045309704768169146,False
2020-07-06,3155.2900390625,3182.590087890625,3155.2900390625,3179.719970703125,3179.719970703125,4759160000,False,False,0.01575693083216329,False
2020-07-07,3166.43994140625,3184.14990234375,3142.929931640625,3145.320068359375,3145.320068359375,4571330000,False,False,-0.010877477869643567,False
2020-07-08,3153.070068359375,3171.800048828125,3136.530029296875,3169.93994140625,3169.93994140625,4937310000,False,False,0.007796986263430269,False
2020-07-09,3176.169921875,3179.780029296875,3115.699951171875,3152.050048828125,3152.050048828125,4843650000,False,False,-0.005659591476194623,False
2020-07-10,3152.469970703125,3186.820068359375,3136.219970703125,3185.0400390625,3185.0400390625,4524190000,False,False,0.010411809774443004,False
2020-07-13,3205.080078125,3235.320068359375,3149.429931640625,3155.219970703125,3155.219970703125,4902440000,False,False,-0.009406645216058874,False
2020-07-14,3141.110107421875,3200.949951171875,3127.659912109375,3197.52001953125,3197.52001953125,4507140000,False,False,0.01331730058290395,False
2020-07-15,3225.97998046875,3238.280029296875,3200.760009765625,3226.56005859375,3226.56005859375,4686830000,False,False,0.009041056936355048,False
2020-07-16,3208.360107421875,3220.389892578125,3198.590087890625,3215.570068359375,3215.570068359375,3972860000,False,False,-0.0034119152141152374,False
2020-07-17,3224.2099609375,3233.52001953125,3205.64990234375,3224.72998046875,3224.72998046875,4012850000,False,False,0.0028445625875835605,False
2020-07-20,3224.2900390625,3258.610107421875,3215.159912109375,3251.840087890625,3251.840087890625,3979340000,False,False,0.008371797255140334,False
2020-07-21,3268.52001953125,3277.2900390625,3247.77001953125,3257.300048828125,3257.300048828125,4556610000,False,False,0.0016776293345600682,False
2020-07-22,3254.860107421875,3279.320068359375,3253.10009765625,3276.02001953125,3276.02001953125,4267160000,False,False,0.005730630594473862,False
2020-07-23,3271.639892578125,3279.989990234375,3222.659912109375,3235.659912109375,3235.659912109375,4296760000,False,False,-0.012396378412246847,False
2020-07-24,3218.580078125,3227.260009765625,3200.050048828125,3215.6298828125,3215.6298828125,3689410000,False,False,-0.006209640024276134,False
2020-07-27,3219.840087890625,3241.429931640625,3214.25,3239.409912109375,3239.409912109375,3970310000,False,False,0.007367928821482373,False
2020-07-28,3234.27001953125,3243.719970703125,3216.169921875,3218.43994140625,3218.43994140625,4053180000,False,False,-0.006494435418646306,False
2020-07-29,3227.219970703125,3264.739990234375,3227.219970703125,3258.43994140625,3258.43994140625,4478200000,False,False,0.012351783351742583,False
2020-07-30,3231.760009765625,3250.919921875,3204.1298828125,3246.219970703125,3246.219970703125,4264920000,False,False,-0.0037573017634548516,False
2020-07-31,3270.449951171875,3272.169921875,3220.260009765625,3271.1201171875,3271.1201171875,5007530000,False,False,0.0076412362421762695,False
2020-08-03,3288.260009765625,3302.72998046875,3284.530029296875,3294.610107421875,3294.610107421875,4438940000,False,False,0.007155362664358673,False
2020-08-04,3289.919921875,3306.840087890625,3286.3701171875,3306.510009765625,3306.510009765625,4414380000,False,False,0.003605423026133557,False
2020-08-05,3317.3701171875,3330.77001953125,3317.3701171875,3327.77001953125,3327.77001953125,4535060000,False,False,0.006409160435517922,False
2020-08-06,3323.169921875,3351.030029296875,3318.139892578125,3349.159912109375,3349.159912109375,4278930000,False,False,0.006407126020664802,False
2020-08-07,3340.050048828125,3352.5400390625,3328.719970703125,3351.280029296875,3351.280029296875,4110030000,False,False,0.0006328292699566697,False
2020-08-10,3356.0400390625,3363.2900390625,3335.43994140625,3360.469970703125,3360.469970703125,4327920000,False,False,0.0027384652733919213,False
2020-08-11,3370.340087890625,3381.010009765625,3326.43994140625,3333.68994140625,3333.68994140625,4880540000,False,False,-0.008001055401377298,False
2020-08-12,3355.4599609375,3387.889892578125,3355.4599609375,3380.35009765625,3380.35009765625,3772250000,False,False,0.013899502293613534,False
2020-08-13,3372.949951171875,3387.239990234375,3363.35009765625,3373.429931640625,3373.429931640625,3438730000,False,False,-0.002049272676156681,False
2020-08-14,3368.659912109375,3378.510009765625,3361.639892578125,3372.85009765625,3372.85009765625,3200060000,False,False,-0.00017189739627902921,False
2020-08-17,3380.860107421875,3387.590087890625,3379.219970703125,3381.989990234375,3381.989990234375,3460330000,False,False,0.002706177507423456,False
2020-08-18,3387.0400390625,3395.06005859375,3370.14990234375,3389.780029296875,3389.780029296875,3669550000,False,False,0.0023007404198168474,False
2020-08-19,3392.510009765625,3399.5400390625,3369.659912109375,3374.85009765625,3374.85009765625,3679480000,False,False,-0.004414123345182018,False
2020-08-20,3360.47998046875,3390.800048828125,3354.68994140625,3385.510009765625,3385.510009765625,3431040000,False,False,0.0031536547683461333,False
2020-08-21,3386.010009765625,3399.9599609375,3379.31005859375,3397.159912109375,3397.159912109375,3505010000,False,False,0.0034351999829724668,False
2020-08-24,3418.090087890625,3432.090087890625,3413.1298828125,3431.280029296875,3431.280029296875,3743410000,False,False,0.009993615364903508,False
2020-08-25,3435.949951171875,3444.2099609375,3425.840087890625,3443.6201171875,3443.6201171875,3627650000,False,False,0.003589899745540117,False
2020-08-26,3449.969970703125,3481.070068359375,3444.14990234375,3478.72998046875,3478.72998046875,3780530000,False,False,0.010144001344841499,False
2020-08-27,3485.139892578125,3501.3798828125,3468.35009765625,3484.550048828125,3484.550048828125,3955890000,False,False,0.0016716460318091384,False
2020-08-28,3494.68994140625,3509.22998046875,3484.320068359375,3508.010009765625,3508.010009765625,3868510000,False,False,0.006710002849570254,False
2020-08-31,3509.72998046875,3514.77001953125,3493.25,3500.31005859375,3500.31005859375,4348280000,False,False,-0.002197375175508541,False
2020-09-01,3507.43994140625,3528.030029296875,3494.60009765625,3526.64990234375,3526.64990234375,4101490000,False,False,0.007496831420705943,False
2020-09-02,3543.760009765625,3588.110107421875,3535.22998046875,3580.840087890625,3580.840087890625,4295640000,False,False,0.01524905014386973,False
2020-09-03,3564.739990234375,3564.85009765625,3427.409912109375,3455.06005859375,3455.06005859375,4911830000,False,False,-0.0357575941421853,False
2020-09-04,3453.60009765625,3479.14990234375,3349.6298828125,3426.9599609375,3426.9599609375,4438720000,False,False,-0.008166280754275102,False
2020-09-08,3371.8798828125,3379.969970703125,3329.27001953125,3331.840087890625,3331.840087890625,4694330000,False,False,-0.02814882908646679,False
2020-09-09,3369.820068359375,3424.77001953125,3366.840087890625,3398.9599609375,3398.9599609375,3932520000,False,False,0.019944760662180386,False
2020-09-10,3412.56005859375,3425.550048828125,3329.25,3339.18994140625,3339.18994140625,4208630000,False,False,-0.017741245925395586,False
2020-09-11,3352.699951171875,3368.949951171875,3310.469970703125,3340.969970703125,3340.969970703125,3710090000,False,False,0.0005329301580873496,False
2020-09-14,3363.56005859375,3402.929931640625,3363.56005859375,3383.5400390625,3383.5400390625,3839580000,False,False,0.012661335025022992,False
2020-09-15,3407.72998046875,3419.47998046875,3389.25,3401.199951171875,3401.199951171875,4057190000,False,False,0.005205785930499657,False
2020-09-16,3411.22998046875,3428.919921875,3384.449951171875,3385.489990234375,3385.489990234375,4718900000,False,False,-0.0046296468921518345,False
2020-09-17,3346.860107421875,3375.169921875,3328.820068359375,3357.010009765625,3357.010009765625,4379840000,False,False,-0.008447949528552457,False
2020-09-18,3357.3798828125,3362.27001953125,3292.39990234375,3319.469970703125,3319.469970703125,7076400000,False,False,-0.011245576947828505,False
2020-09-21,3285.570068359375,3285.570068359375,3229.10009765625,3281.06005859375,3281.06005859375,4836070000,False,False,-0.011638564027297718,False
2020-09-22,3295.75,3320.31005859375,3270.949951171875,3315.570068359375,3315.570068359375,3974510000,False,False,0.010463016398376152,False
2020-09-23,3320.110107421875,3323.35009765625,3232.570068359375,3236.919921875,3236.919921875,4378650000,False,False,-0.02400733891437413,False
2020-09-24,3226.139892578125,3278.699951171875,3209.449951171875,3246.590087890625,3246.590087890625,4601920000,False,False,0.0029830055546290505,False
2020-09-25,3236.659912109375,3306.8798828125,3228.43994140625,3298.4599609375,3298.4599609375,3803330000,False,False,0.015850439224188495,False
2020-09-28,3333.89990234375,3360.739990234375,3332.909912109375,3351.60009765625,3351.60009765625,3950910000,False,False,0.0159821918538544,False
2020-09-29,3350.919921875,3357.919921875,3327.5400390625,3335.469970703125,3335.469970703125,3661590000,False,False,-0.004824282704443997,False
2020-09-30,3341.2099609375,3393.56005859375,3340.469970703125,3363.0,3363.0,4738640000,False,False,0.00821984256837961,False
2020-10-01,3385.8701171875,3397.179931640625,3361.389892578125,3380.800048828125,3380.800048828125,4076340000,False,False,0.0052789495642950775,False
2020-10-02,3338.93994140625,3369.10009765625,3323.68994140625,3348.419921875,3348.419921875,3975180000,False,False,-0.009623812866370861,False
2020-10-05,3367.27001953125,3409.570068359375,3367.27001953125,3408.60009765625,3408.60009765625,3692720000,False,False,0.017813109002900934,False
2020-10-06,3408.739990234375,3431.56005859375,3354.5400390625,3360.969970703125,3360.969970703125,4453390000,False,False,-0.014072064387523205,False
2020-10-07,3384.56005859375,3426.260009765625,3384.56005859375,3419.43994140625,3419.43994140625,3814750000,False,False,0.017247163770241564,False
2020-10-08,3434.280029296875,3447.280029296875,3428.14990234375,3446.830078125,3446.830078125,3867640000,False,False,0.007978212894869286,False
2020-10-09,3459.669921875,3482.340087890625,3458.070068359375,3477.139892578125,3477.139892578125,3944090000,False,False,0.008755095180752877,False
2020-10-12,3500.02001953125,3549.85009765625,3499.610107421875,3534.219970703125,3534.219970703125,3435760000,False,False,0.01628253015832422,False
2020-10-13,3534.010009765625,3534.010009765625,3500.860107421875,3511.929931640625,3511.929931640625,3611100000,False,False,-0.006326891629163268,False
2020-10-14,3515.469970703125,3527.93994140625,3480.550048828125,3488.669921875,3488.669921875,3858510000,False,False,-0.0066451720840594065,False
2020-10-15,3453.719970703125,3489.080078125,3440.889892578125,3483.340087890625,3483.340087890625,3724550000,False,False,-0.001528923514213078,False
2020-10-16,3493.5,3515.760009765625,3480.449951171875,3483.81005859375,3483.81005859375,4688030000,False,False,0.00013491045663045577,False
2020-10-19,3493.659912109375,3502.419921875,3419.929931640625,3426.919921875,3426.919921875,4091080000,False,False,-0.016464663514942676,False
2020-10-20,3439.3798828125,3476.929931640625,3435.64990234375,3443.1201171875,3443.1201171875,3917850000,False,False,0.0047161953200011274,False
2020-10-21,3439.909912109375,3464.860107421875,3433.06005859375,3435.56005859375,3435.56005859375,4103960000,False,False,-0.0021981140115702774,False
2020-10-22,3438.5,3460.530029296875,3415.340087890625,3453.489990234375,3453.489990234375,4172060000,False,False,0.0052053540034913415,False
2020-10-23,3464.89990234375,3466.4599609375,3440.449951171875,3465.389892578125,3465.389892578125,3651600000,False,False,0.003439838320389479,False
2020-10-26,3441.419921875,3441.419921875,3364.860107421875,3400.969970703125,3400.969970703125,4002210000,False,False,-0.018764472985322012,False
2020-10-27,3403.14990234375,3409.510009765625,3388.7099609375,3390.679931640625,3390.679931640625,3962400000,False,False,-0.003030205350445511,False
2020-10-28,3342.47998046875,3342.47998046875,3268.889892578125,3271.030029296875,3271.030029296875,5139970000,False,False,-0.03592554210857772,False
2020-10-29,3277.169921875,3341.050048828125,3259.820068359375,3310.110107421875,3310.110107421875,4911860000,False,False,0.01187652493999744,False
2020-10-30,3293.590087890625,3304.929931640625,3233.93994140625,3269.9599609375,3269.9599609375,4843930000,False,False,-0.012203713445259962,False
2020-11-02,3296.199951171875,3330.139892578125,3279.739990234375,3310.239990234375,3310.239990234375,4314690000,False,False,0.012242950890591667,False
2020-11-03,3336.25,3389.489990234375,3336.25,3369.159912109375,3369.159912109375,4241380000,False,False,0.01764273768407783,False
2020-11-04,3406.4599609375,3486.25,3405.169921875,3443.43994140625,3443.43994140625,4790400000,False,False,0.021807525655091704,False
2020-11-05,3485.739990234375,3529.050048828125,3485.739990234375,3510.449951171875,3510.449951171875,4858150000,False,False,0.01927326577670128,False
2020-11-06,3508.340087890625,3521.580078125,3484.340087890625,3509.43994140625,3509.43994140625,4842460000,False,False,-0.00028775658537381985,False
2020-11-09,3583.0400390625,3645.989990234375,3547.47998046875,3550.5,3550.5,8570510000,False,False,0.011631974746344153,False
2020-11-10,3543.260009765625,3557.219970703125,3511.909912109375,3545.530029296875,3545.530029296875,6037470000,False,False,-0.001400775220867666,False
2020-11-11,3563.219970703125,3581.159912109375,3557.0,3572.659912109375,3572.659912109375,4635560000,False,False,0.007622728362991461,False
2020-11-12,3562.669921875,3569.02001953125,3518.580078125,3537.010009765625,3537.010009765625,4909660000,False,False,-0.01002865154706935,False
2020-11-13,3552.570068359375,3593.659912109375,3552.570068359375,3585.14990234375,3585.14990234375,4719580000,False,False,0.013518546706294007,False
2020-11-16,3600.159912109375,3628.510009765625,3600.159912109375,3626.909912109375,3626.909912109375,5295510000,False,False,0.011580734922832603,False
2020-11-17,3610.31005859375,3623.110107421875,3588.679931640625,3609.530029296875,3609.530029296875,4812180000,False,False,-0.004803443784647531,False
2020-11-18,3612.090087890625,3619.090087890625,3567.330078125,3567.7900390625,3567.7900390625,5284810000,False,False,-0.011631210647481315,False
2020-11-19,3559.409912109375,3585.219970703125,3543.840087890625,3581.8701171875,3581.8701171875,4363370000,False,False,0.003938675690732779,False
2020-11-20,3579.31005859375,3581.22998046875,3556.85009765625,3557.5400390625,3557.5400390625,4236370000,False,False,-0.006815737372918576,False
2020-11-23,3566.820068359375,3589.81005859375,3552.77001953125,3577.590087890625,3577.590087890625,5057550000,False,False,0.005620108181849693,False
2020-11-24,3594.52001953125,3642.31005859375,3594.52001953125,3635.409912109375,3635.409912109375,6280290000,False,False,0.016032458814031775,False
2020-11-25,3635.5,3635.5,3617.760009765625,3629.64990234375,3629.64990234375,4910440000,False,False,-0.0015856747555094064,False
2020-11-27,3638.550048828125,3644.31005859375,3629.330078125,3638.35009765625,3638.35009765625,2778390000,False,False,0.0023941110259011363,False
2020-11-30,3634.179931640625,3634.179931640625,3594.389892578125,3621.6298828125,3621.6298828125,6308410000,False,False,-0.004606140636972006,False
2020-12-01,3645.8701171875,3678.449951171875,3645.8701171875,3662.449951171875,3662.449951171875,5418480000,False,False,0.011208140661592923,False
2020-12-02,3653.780029296875,3670.9599609375,3644.840087890625,3669.010009765625,3669.010009765625,5041250000,False,False,0.0017895645286042845,False
2020-12-03,3668.280029296875,3682.72998046875,3657.169921875,3666.719970703125,3666.719970703125,5065340000,False,False,-0.0006243520802942291,False
2020-12-04,3670.93994140625,3699.199951171875,3670.93994140625,3699.1201171875,3699.1201171875,5099620000,False,False,0.00879746371518688,False
2020-12-07,3694.72998046875,3697.409912109375,3678.8798828125,3691.9599609375,3691.9599609375,4804500000,False,False,-0.001937513438963252,False
2020-12-08,3683.050048828125,3708.449951171875,3678.830078125,3702.25,3702.25,4584390000,False,False,0.002783271170170473,False
2020-12-09,3705.97998046875,3712.389892578125,3660.5400390625,3672.820068359375,3672.820068359375,5232800000,False,False,-0.00798096494847171,False
2020-12-10,3659.1298828125,3678.489990234375,3645.179931640625,3668.10009765625,3668.10009765625,4658480000,False,False,-0.0012859345277717227,False
2020-12-11,3656.080078125,3665.909912109375,3633.39990234375,3663.4599609375,3663.4599609375,4375470000,False,False,-0.0012657980842328352,False
2020-12-14,3675.27001953125,3697.610107421875,3645.840087890625,3647.489990234375,3647.489990234375,4623850000,False,False,-0.0043687882451469585,False
2020-12-15,3666.409912109375,3695.2900390625,3659.6201171875,3694.6201171875,3694.6201171875,4387080000,False,False,0.012838482022218645,False
2020-12-16,3696.25,3711.27001953125,3688.570068359375,3701.169921875,3701.169921875,4067040000,False,False,0.0017712256203230642,False
2020-12-17,3713.64990234375,3725.1201171875,3710.8701171875,3722.47998046875,3722.47998046875,4192810000,False,False,0.0057411428089832834,False
2020-12-18,3722.389892578125,3726.699951171875,3685.840087890625,3709.409912109375,3709.409912109375,7097100000,False,False,-0.003517296952148704,False
2020-12-21,3684.280029296875,3702.89990234375,3636.47998046875,3694.919921875,3694.919921875,4748580000,False,False,-0.003913928486909485,False
2020-12-22,3698.080078125,3698.260009765625,3676.159912109375,3687.260009765625,3687.260009765625,4053310000,False,False,-0.0020752446917703606,False
2020-12-23,3693.419921875,3711.239990234375,3689.280029296875,3690.010009765625,3690.010009765625,3779160000,False,False,0.0007455332718186887,False
2020-12-24,3694.030029296875,3703.820068359375,3689.320068359375,3703.06005859375,3703.06005859375,1883780000,False,False,0.0035303499794869524,False
2020-12-28,3723.030029296875,3740.510009765625,3723.030029296875,3735.360107421875,3735.360107421875,3535460000,False,False,0.0086847075384115,False
2020-12-29,3750.010009765625,3756.1201171875,3723.31005859375,3727.0400390625,3727.0400390625,3393290000,False,False,-0.002229864827278697,False
2020-12-30,3736.18994140625,3744.6298828125,3730.2099609375,3732.0400390625,3732.0400390625,3154850000,False,False,0.0013406480950792154,False
2020-12-31,3733.27001953125,3760.199951171875,3726.8798828125,3756.070068359375,3756.070068359375,3179040000,False,False,0.006418204711703793,False
2021-01-04,3764.610107421875,3769.989990234375,3662.7099609375,3700.64990234375,3700.64990234375,5015000000,False,False,-0.014864762712025787,False
2021-01-05,3698.02001953125,3737.830078125,3695.070068359375,3726.860107421875,3726.860107421875,4591020000,False,False,0.007057631383362026,False
2021-01-06,3712.199951171875,3783.0400390625,3705.340087890625,3748.139892578125,3748.139892578125,6064110000,False,False,0.005693603382474094,False
2021-01-07,3764.7099609375,3811.550048828125,3764.7099609375,3803.7900390625,3803.7900390625,5099160000,False,False,0.014738260107752971,False
2021-01-08,3815.050048828125,3826.68994140625,3783.60009765625,3824.679931640625,3824.679931640625,4773040000,False,False,0.00547683739351537,False
2021-01-11,3803.139892578125,3817.860107421875,3789.02001953125,3799.610107421875,3799.610107421875,4465430000,False,False,-0.006576327616621317,False
2021-01-12,3801.6201171875,3810.780029296875,3776.510009765625,3801.18994140625,3801.18994140625,4994950000,False,False,0.000415702030569564,False
2021-01-13,3802.22998046875,3820.9599609375,3791.5,3809.840087890625,3809.840087890625,4602510000,False,False,0.0022730563867261076,False
2021-01-14,3814.97998046875,3823.60009765625,3792.860107421875,3795.5400390625,3795.5400390625,5198480000,False,False,-0.003760513068743101,False
2021-01-15,3788.72998046875,3788.72998046875,3749.6201171875,3768.25,3768.25,5369820000,False,False,-0.007216000798278504,False
2021-01-19,3781.8798828125,3804.530029296875,3780.3701171875,3798.909912109375,3798.909912109375,5014440000,False,False,0.008103457635761657,False
2021-01-20,3816.219970703125,3859.75,3816.219970703125,3851.85009765625,3851.85009765625,4566190000,False,False,0.013839417376510862,False
2021-01-21,3857.4599609375,3861.449951171875,3845.050048828125,3853.070068359375,3853.070068359375,4501760000,False,False,0.00031667316131354906,False
2021-01-22,3844.239990234375,3852.31005859375,3830.409912109375,3841.469970703125,3841.469970703125,5110890000,False,False,-0.0030151526629377105,False
2021-01-25,3851.679931640625,3859.22998046875,3797.159912109375,3855.360107421875,3855.360107421875,7000840000,False,False,0.0036093175130174657,False
2021-01-26,3862.9599609375,3870.89990234375,3847.780029296875,3849.6201171875,3849.6201171875,6137500000,False,False,-0.001489943161153501,False
2021-01-27,3836.830078125,3836.830078125,3732.47998046875,3750.77001953125,3750.77001953125,9976520000,False,False,-0.02601331512610035,False
2021-01-28,3755.75,3830.5,3755.75,3787.3798828125,3787.3798828125,6992770000,False,False,0.009713298778760395,False
2021-01-29,3778.050048828125,3778.050048828125,3694.1201171875,3714.239990234375,3714.239990234375,6643370000,False,False,-0.019500377654792,False
2021-02-01,3731.169921875,3784.320068359375,3725.6201171875,3773.860107421875,3773.860107421875,5436230000,False,False,0.015924300234678626,False
2021-02-02,3791.840087890625,3843.090087890625,3791.840087890625,3826.31005859375,3826.31005859375,5514090000,False,False,0.013802528814310624,False
2021-02-03,3840.27001953125,3847.510009765625,3816.679931640625,3830.169921875,3830.169921875,4864870000,False,False,0.0010082606153447803,False
2021-02-04,3836.659912109375,3872.419921875,3836.659912109375,3871.739990234375,3871.739990234375,4879240000,False,False,0.010794847643921975,False
2021-02-05,3878.300048828125,3894.56005859375,3874.929931640625,3886.830078125,3886.830078125,4879470000,False,False,0.003889919607763825,False
2021-02-08,3892.590087890625,3915.77001953125,3892.590087890625,3915.590087890625,3915.590087890625,4648360000,False,False,0.007372107476289037,False
2021-02-09,3910.489990234375,3918.35009765625,3902.639892578125,3911.22998046875,3911.22998046875,4568320000,False,False,-0.0011141454217211749,False
2021-02-10,3920.780029296875,3931.5,3884.93994140625,3909.8798828125,3909.8798828125,4837070000,False,False,-0.0003452445223915674,False
2021-02-11,3916.39990234375,3925.989990234375,3890.389892578125,3916.3798828125,3916.3798828125,4590960000,False,False,0.0016610748145877074,False
2021-02-12,3911.64990234375,3937.22998046875,3905.780029296875,3934.830078125,3934.830078125,4135060000,False,False,0.004699970926162608,False
2021-02-16,3939.610107421875,3950.429931640625,3923.85009765625,3932.590087890625,3932.590087890625,5058990000,False,False,-0.0005694345154154666,False
2021-02-17,3918.5,3933.610107421875,3900.429931640625,3931.330078125,3931.330078125,4730650000,False,False,-0.0003204533489169501,False
2021-02-18,3915.860107421875,3921.97998046875,3885.030029296875,3913.969970703125,3913.969970703125,4793650000,False,False,-0.004425614227243303,False
2021-02-19,3921.159912109375,3930.409912109375,3903.070068359375,3906.7099609375,3906.7099609375,4845320000,False,False,-0.0018566190956649255,False
2021-02-22,3885.550048828125,3902.919921875,3874.7099609375,3876.5,3876.5,5917100000,False,False,-0.007762892893710863,False
2021-02-23,3857.070068359375,3895.97998046875,3805.590087890625,3881.3701171875,3881.3701171875,6296610000,False,False,0.0012555296115265332,False
2021-02-24,3873.7099609375,3928.64990234375,3859.60009765625,3925.429931640625,3925.429931640625,6012790000,False,False,0.011287667670985945,False
2021-02-25,3915.800048828125,3925.02001953125,3814.0400390625,3829.340087890625,3829.340087890625,6547470000,False,False,-0.02478339442417185,False
2021-02-26,3839.659912109375,3861.080078125,3789.5400390625,3811.14990234375,3811.14990234375,6526070000,False,False,-0.004761532293798778,False
2021-03-01,3842.510009765625,3914.5,3842.510009765625,3901.820068359375,3901.820068359375,5114820000,False,False,0.02351217322569352,False
2021-03-02,3903.639892578125,3906.409912109375,3868.570068359375,3870.2900390625,3870.2900390625,5536010000,False,False,-0.008113678739508762,False
2021-03-03,3863.989990234375,3874.469970703125,3818.860107421875,3819.719970703125,3819.719970703125,6173660000,False,False,-0.01315233589480116,False
2021-03-04,3818.530029296875,3843.669921875,3723.340087890625,3768.469970703125,3768.469970703125,7195400000,False,False,-0.013508038064390469,False
2021-03-05,3793.580078125,3851.68994140625,3730.18994140625,3841.93994140625,3841.93994140625,6851070000,False,False,0.019308356338709188,False
2021-03-08,3844.389892578125,3881.06005859375,3819.25,3821.35009765625,3821.35009765625,5871710000,False,False,-0.005373643224025429,False
2021-03-09,3851.929931640625,3903.760009765625,3851.929931640625,3875.43994140625,3875.43994140625,5513560000,False,False,0.014055400743930569,False
2021-03-10,3891.989990234375,3917.35009765625,3885.72998046875,3898.81005859375,3898.81005859375,5847380000,False,False,0.006012203770988197,False
2021-03-11,3915.5400390625,3960.27001953125,3915.5400390625,3939.340087890625,3939.340087890625,5312880000,False,False,0.010341825500657608,False
2021-03-12,3924.52001953125,3944.989990234375,3915.2099609375,3943.340087890625,3943.340087890625,4476280000,False,False,0.0010148833275308508,False
2021-03-15,3942.9599609375,3970.080078125,3923.5400390625,3968.93994140625,3968.93994140625,4900100000,False,False,0.006470939539413048,False
2021-03-16,3973.590087890625,3981.0400390625,3953.43994140625,3962.7099609375,3962.7099609375,4613080000,False,False,-0.0015709169785959108,False
2021-03-17,3949.570068359375,3983.8701171875,3935.739990234375,3974.1201171875,3974.1201171875,4561660000,False,False,0.0028752446501592592,False
2021-03-18,3953.5,3969.6201171875,3910.860107421875,3915.4599609375,3915.4599609375,5118590000,False,False,-0.014870560065947797,False
2021-03-19,3913.139892578125,3930.1201171875,3886.75,3913.10009765625,3913.10009765625,7757420000,False,False,-0.0006028856737550234,False
2021-03-22,3916.47998046875,3955.31005859375,3914.159912109375,3940.590087890625,3940.590087890625,4316260000,False,False,0.007000556898342752,False
2021-03-23,3937.60009765625,3949.1298828125,3901.570068359375,3910.52001953125,3910.52001953125,4669010000,False,False,-0.007660118119334028,False
2021-03-24,3919.929931640625,3942.080078125,3889.070068359375,3889.139892578125,3889.139892578125,4783020000,False,False,-0.00548233660034883,False
2021-03-25,3879.340087890625,3919.5400390625,3853.5,3909.52001953125,3909.52001953125,4948340000,False,False,0.005226583432729291,False
2021-03-26,3917.1201171875,3978.18994140625,3917.1201171875,3974.5400390625,3974.5400390625,5483160000,False,False,0.016494418658716575,False
2021-03-29,3969.31005859375,3981.830078125,3943.25,3971.090087890625,3971.090087890625,4628180000,False,False,-0.0008683896263867381,False
2021-03-30,3963.340087890625,3968.010009765625,3944.35009765625,3958.550048828125,3958.550048828125,4121510000,False,False,-0.0031628294096500294,False
2021-03-31,3967.25,3994.409912109375,3966.97998046875,3972.889892578125,3972.889892578125,4578050000,False,False,0.003615953592419885,False
2021-04-01,3992.780029296875,4020.6298828125,3992.780029296875,4019.8701171875,4019.8701171875,4162130000,False,False,0.011755830427674127,False
2021-04-05,4034.43994140625,4083.419921875,4034.43994140625,4077.909912109375,4077.909912109375,4005030000,False,False,0.0143349877622439,False
2021-04-06,4075.570068359375,4086.22998046875,4068.139892578125,4073.93994140625,4073.93994140625,4081270000,False,False,-0.0009740049407969285,False
2021-04-07,4074.2900390625,4083.1298828125,4068.31005859375,4079.949951171875,4079.949951171875,4120810000,False,False,0.0014741456981068137,False
2021-04-08,4089.949951171875,4098.18994140625,4082.5400390625,4097.169921875,4097.169921875,3907100000,False,False,0.004211750940591775,False
2021-04-09,4096.10986328125,4129.47998046875,4095.510009765625,4128.7998046875,4128.7998046875,3640390000,False,False,0.007690288135687276,False
2021-04-12,4124.7099609375,4131.759765625,4114.81982421875,4127.990234375,4127.990234375,3588900000,False,False,-0.0001960980747395339,False
2021-04-13,4130.10009765625,4148.0,4124.43017578125,4141.58984375,4141.58984375,3734720000,False,False,0.0032890718770625686,False
2021-04-14,4141.580078125,4151.68994140625,4120.8701171875,4124.66015625,4124.66015625,3985350000,False,False,-0.004096104320730151,False
2021-04-15,4139.759765625,4173.490234375,4139.759765625,4170.419921875,4170.419921875,4033420000,False,False,0.011033101401119478,False
2021-04-16,4174.14013671875,4191.31005859375,4170.75,4185.47021484375,4185.47021484375,4163820000,False,False,0.0036023233905179666,False
2021-04-19,4179.7998046875,4180.81005859375,4150.47021484375,4163.259765625,4163.259765625,3810290000,False,False,-0.005320689893757947,False
2021-04-20,4159.18017578125,4159.18017578125,4118.3798828125,4134.93994140625,4134.93994140625,4342650000,False,False,-0.006825561005077803,False
2021-04-21,4128.419921875,4175.02001953125,4126.35009765625,4173.419921875,4173.419921875,3887250000,False,False,0.009263020919853236,False
2021-04-22,4170.4599609375,4179.56982421875,4123.68994140625,4134.97998046875,4134.97998046875,4245140000,False,False,-0.009253337860554323,False
2021-04-23,4138.77978515625,4194.169921875,4138.77978515625,4180.169921875,4180.169921875,3569880000,False,False,0.01086940989553096,False
2021-04-26,4185.02978515625,4194.18994140625,4182.35986328125,4187.6201171875,4187.6201171875,3748320000,False,False,0.001780684564582624,False
2021-04-27,4188.25,4193.35009765625,4176.22021484375,4186.72021484375,4186.72021484375,3710700000,False,False,-0.0002149189814442344,False
2021-04-28,4185.14013671875,4201.52978515625,4181.77978515625,4183.18017578125,4183.18017578125,3787360000,False,False,-0.0008458975873960478,False
2021-04-29,4206.14013671875,4218.77978515625,4176.81005859375,4211.47021484375,4211.47021484375,4298680000,False,False,0.0067400415367024095,False
2021-04-30,4198.10009765625,4198.10009765625,4174.85009765625,4181.169921875,4181.169921875,4300880000,False,False,-0.0072207134171198275,False
2021-05-03,4191.97998046875,4209.39013671875,4188.02978515625,4192.66015625,4192.66015625,4070220000,False,False,0.002744321649512167,False
2021-05-04,4179.0400390625,4179.0400390625,4128.58984375,4164.66015625,4164.66015625,4452460000,False,False,-0.0067007374898472305,False
2021-05-05,4177.06005859375,4187.72021484375,4160.93994140625,4167.58984375,4167.58984375,4230920000,False,False,0.0007032164471135163,False
2021-05-06,4169.14013671875,4202.7001953125,4147.330078125,4201.6201171875,4201.6201171875,4511000000,False,False,0.008132299498632055,False
2021-05-07,4210.33984375,4238.0400390625,4201.64013671875,4232.60009765625,4232.60009765625,4016080000,False,False,0.007346291419186351,False
2021-05-10,4228.2900390625,4236.39013671875,4188.1298828125,4188.43017578125,4188.43017578125,4560700000,False,False,-0.010490480503138024,False
2021-05-11,4150.33984375,4162.0400390625,4111.52978515625,4152.10009765625,4152.10009765625,4870710000,False,False,-0.008711750141781542,False
2021-05-12,4130.5498046875,4134.72998046875,4056.8798828125,4063.0400390625,4063.0400390625,4733070000,False,False,-0.021682782358302413,False
2021-05-13,4074.989990234375,4131.580078125,4074.989990234375,4112.5,4112.5,4779540000,False,False,0.012099644578094055,False
2021-05-14,4129.580078125,4183.1298828125,4129.580078125,4173.85009765625,4173.85009765625,4008880000,False,False,0.014807778563623631,False
2021-05-17,4169.919921875,4171.919921875,4142.68994140625,4163.2900390625,4163.2900390625,4125050000,False,False,-0.002533258183961915,False
2021-05-18,4165.93994140625,4169.14990234375,4125.990234375,4127.830078125,4127.830078125,4398150000,False,False,-0.0085537723840327,False
2021-05-19,4098.4501953125,4116.93017578125,4061.409912109375,4115.68017578125,4115.68017578125,4247450000,False,False,-0.002947751811378411,False
2021-05-20,4121.97021484375,4172.7998046875,4121.97021484375,4159.1201171875,4159.1201171875,3978880000,False,False,0.01049942933450842,False
2021-05-21,4168.60986328125,4188.72021484375,4151.72021484375,4155.85986328125,4155.85986328125,3995250000,False,False,-0.0007841880752528091,False
2021-05-24,4170.16015625,4209.52001953125,4170.16015625,4197.0498046875,4197.0498046875,3684800000,False,False,0.009862497481216075,False
2021-05-25,4205.93994140625,4213.419921875,4182.52001953125,4188.1298828125,4188.1298828125,4182250000,False,False,-0.002127545400828599,False
2021-05-26,4191.58984375,4202.60986328125,4184.10986328125,4195.990234375,4195.990234375,4420890000,False,False,0.0018750575506104544,False
2021-05-27,4201.93994140625,4213.3798828125,4197.77978515625,4200.8798828125,4200.8798828125,6406310000,False,False,0.001164636089862995,False
2021-05-28,4210.77001953125,4218.35986328125,4203.56982421875,4204.10986328125,4204.10986328125,4649250000,False,False,0.000768586452887337,False
2021-06-01,4216.52001953125,4234.1201171875,4197.58984375,4202.0400390625,4202.0400390625,5074670000,False,False,-0.0004924547586291649,False
2021-06-02,4206.81982421875,4217.3701171875,4198.27001953125,4208.1201171875,4208.1201171875,5833670000,False,False,0.0014458890369002922,False
2021-06-03,4191.43017578125,4204.39013671875,4167.93017578125,4192.85009765625,4192.85009765625,5587970000,False,False,-0.003635303056049319,False
2021-06-04,4206.0498046875,4233.4501953125,4206.0498046875,4229.89013671875,4229.89013671875,4139790000,False,False,0.008795303383016323,False
2021-06-07,4229.33984375,4232.33984375,4215.66015625,4226.52001953125,4226.52001953125,4476920000,False,False,-0.0007970562694215079,False
2021-06-08,4233.81005859375,4236.740234375,4208.41015625,4227.259765625,4227.259765625,4659620000,False,False,0.00017500954944121158,False
2021-06-09,4232.990234375,4237.08984375,4218.740234375,4219.5498046875,4219.5498046875,4713260000,False,False,-0.0018255325906156837,False
2021-06-10,4228.56005859375,4249.740234375,4220.33984375,4239.18017578125,4239.18017578125,4408210000,False,False,0.004641454776462911,False
2021-06-11,4242.89990234375,4248.3798828125,4232.25,4247.43994140625,4247.43994140625,3815010000,False,False,0.0019465389328083601,False
2021-06-14,4248.31005859375,4255.58984375,4234.06982421875,4255.14990234375,4255.14990234375,4151200000,False,False,0.0018135563851361702,False
2021-06-15,4255.27978515625,4257.16015625,4238.35009765625,4246.58984375,4246.58984375,4048940000,False,False,-0.00201371995427588,False
2021-06-16,4248.8701171875,4251.89013671875,4202.4501953125,4223.7001953125,4223.7001953125,4538350000,False,False,-0.005404703747026491,False
2021-06-17,4220.3701171875,4232.2900390625,4196.0498046875,4221.85986328125,4221.85986328125,5312680000,False,False,-0.00043581054367264766,False
2021-06-18,4204.77978515625,4204.77978515625,4164.39990234375,4166.4501953125,4166.4501953125,6817010000,False,False,-0.013211355687284158,False
2021-06-21,4173.39990234375,4226.240234375,4173.39990234375,4224.7900390625,4224.7900390625,4128950000,False,False,0.013905163512319857,False
2021-06-22,4224.60986328125,4255.83984375,4217.27001953125,4246.43994140625,4246.43994140625,3828390000,False,False,0.005111406378990611,False
2021-06-23,4249.27001953125,4256.60009765625,4241.43017578125,4241.83984375,4241.83984375,3730350000,False,False,-0.0010838705186495853,False
2021-06-24,4256.97021484375,4271.27978515625,4256.97021484375,4266.490234375,4266.490234375,3816660000,False,False,0.005794429545916893,False
2021-06-25,4274.4501953125,4286.1201171875,4271.16015625,4280.7001953125,4280.7001953125,7341450000,False,False,0.003325063164687565,False
2021-06-28,4284.89990234375,4292.14013671875,4274.669921875,4290.60986328125,4290.60986328125,4147890000,False,False,0.0023122888604717494,False
2021-06-29,4293.2099609375,4300.52001953125,4287.0400390625,4291.7998046875,4291.7998046875,3707150000,False,False,0.0002772977426878152,False
2021-06-30,4290.64990234375,4302.43017578125,4287.9599609375,4297.5,4297.5,4266040000,False,False,0.0013272784229071918,False
2021-07-01,4300.72998046875,4320.66015625,4300.72998046875,4319.93994140625,4319.93994140625,3788230000,False,False,0.005208041432254744,False
2021-07-02,4326.60009765625,4355.43017578125,4326.60009765625,4352.33984375,4352.33984375,3225840000,False,False,0.007472095894691671,False
2021-07-06,4356.4599609375,4356.4599609375,4314.3701171875,4343.5400390625,4343.5400390625,4309570000,False,False,-0.0020239027700217787,False
2021-07-07,4351.009765625,4361.8798828125,4329.7900390625,4358.1298828125,4358.1298828125,4037380000,False,False,0.0033533465536629346,False
2021-07-08,4321.06982421875,4330.8798828125,4289.3701171875,4320.81982421875,4320.81982421875,4347500000,False,False,-0.008597881009556396,False
2021-07-09,4329.3798828125,4371.60009765625,4329.3798828125,4369.5498046875,4369.5498046875,3531120000,False,False,0.011214825902413766,False
2021-07-12,4372.41015625,4386.68017578125,4364.02978515625,4384.6298828125,4384.6298828125,3384460000,False,False,0.0034452326955940497,False
2021-07-13,4381.06982421875,4392.3701171875,4366.919921875,4369.2099609375,4369.2099609375,3695430000,False,False,-0.0035230111811655838,False
2021-07-14,4380.10986328125,4393.68017578125,4362.35986328125,4374.2998046875,4374.2998046875,4006370000,False,False,0.0011642565654693257,False
2021-07-15,4369.02001953125,4369.02001953125,4340.7001953125,4360.02978515625,4360.02978515625,3905230000,False,False,-0.0032675735627459117,False
2021-07-16,4367.43017578125,4375.08984375,4322.52978515625,4327.16015625,4327.16015625,3985700000,False,False,-0.007567415006813217,False
2021-07-19,4296.39990234375,4296.39990234375,4233.1298828125,4258.490234375,4258.490234375,5157660000,False,False,-0.015996781399983978,False
2021-07-20,4265.10986328125,4336.83984375,4262.0498046875,4323.06005859375,4323.06005859375,4438270000,False,False,0.0150488060047999,False
2021-07-21,4331.1298828125,4359.7001953125,4331.1298828125,4358.68994140625,4358.68994140625,3810280000,False,False,0.008208041662144044,False
2021-07-22,4361.27001953125,4369.8701171875,4350.06005859375,4367.47998046875,4367.47998046875,3358300000,False,False,0.0020146392092429753,False
2021-07-23,4381.2001953125,4415.18017578125,4381.2001953125,4411.7900390625,4411.7900390625,4540070000,False,False,0.010094332386254415,False
2021-07-26,4409.580078125,4422.72998046875,4405.4501953125,4422.2998046875,4422.2998046875,4275630000,False,False,0.0023793669227295928,False
2021-07-27,4416.3798828125,4416.3798828125,4372.509765625,4401.4599609375,4401.4599609375,4241950000,False,False,-0.004723583382178003,False
2021-07-28,4402.9501953125,4415.47021484375,4387.009765625,4400.64013671875,4400.64013671875,4215290000,False,False,-0.000186279231552706,False
2021-07-29,4403.58984375,4429.97021484375,4403.58984375,4419.14990234375,4419.14990234375,4044600000,False,False,0.004197331845272641,False
2021-07-30,4395.1201171875,4412.25,4389.64990234375,4395.259765625,4395.259765625,3956740000,False,False,-0.005420713608261166,False
2021-08-02,4406.85986328125,4422.18017578125,4384.81005859375,4387.16015625,4387.16015625,3724090000,False,False,-0.001844505670060361,False
2021-08-03,4392.740234375,4423.7900390625,4373.0,4423.14990234375,4423.14990234375,3965190000,False,False,0.008169961338918062,False
2021-08-04,4415.9501953125,4416.169921875,4400.22998046875,4402.66015625,4402.66015625,4260760000,False,False,-0.004643150661295458,False
2021-08-05,4408.85986328125,4429.759765625,4408.85986328125,4429.10009765625,4429.10009765625,3769410000,False,False,0.005987485990419113,False
2021-08-06,4429.06982421875,4440.81982421875,4429.06982421875,4436.52001953125,4436.52001953125,3451870000,False,False,0.0016738645485288822,False
2021-08-09,4437.77001953125,4439.39013671875,4424.740234375,4432.35009765625,4432.35009765625,3449280000,False,False,-0.0009403502649549345,False
2021-08-10,4435.7900390625,4445.2099609375,4430.02978515625,4436.75,4436.75,3886610000,False,False,0.0009921869538634502,False
2021-08-11,4442.18017578125,4449.43994140625,4436.419921875,4442.41015625,4442.41015625,3532560000,False,False,0.0012749307180154837,False
2021-08-12,4446.080078125,4461.77001953125,4435.9599609375,4460.830078125,4460.830078125,3375310000,False,False,0.00413780773547866,False
2021-08-13,4464.83984375,4468.3701171875,4460.81982421875,4468.0,4468.0,3016470000,False,False,0.0016060163209228441,False
2021-08-16,4461.64990234375,4480.259765625,4437.66015625,4479.7099609375,4479.7099609375,3370640000,False,False,0.0026174222619943593,False
2021-08-17,4462.1201171875,4462.1201171875,4417.830078125,4448.080078125,4448.080078125,3836960000,False,False,-0.007085743507137991,False
2021-08-18,4440.93994140625,4454.31982421875,4397.58984375,4400.27001953125,4400.27001953125,3755590000,False,False,-0.01080665284525433,False
2021-08-19,4382.43994140625,4418.60986328125,4367.72998046875,4405.7998046875,4405.7998046875,4398410000,False,False,0.001255903256156918,False
2021-08-20,4410.56005859375,4444.35009765625,4406.7998046875,4441.669921875,4441.669921875,3652610000,False,False,0.00810860389074176,False
2021-08-23,4450.2900390625,4489.8798828125,4450.2900390625,4479.52978515625,4479.52978515625,3576530000,False,False,0.008487667984412181,False
2021-08-24,4484.39990234375,4492.81005859375,4482.27978515625,4486.22998046875,4486.22998046875,3979220000,False,False,0.0014946188019620721,False
2021-08-25,4490.4501953125,4501.7099609375,4485.66015625,4496.18994140625,4496.18994140625,3444700000,False,False,0.00221765740325088,False
2021-08-26,4493.75,4495.89990234375,4468.990234375,4470.0,4470.0,3263980000,False,False,-0.0058419498276026565,False
2021-08-27,4474.10009765625,4513.330078125,4474.10009765625,4509.3701171875,4509.3701171875,3331200000,False,False,0.008769071540452218,False
2021-08-30,4513.759765625,4537.35986328125,4513.759765625,4528.7900390625,4528.7900390625,3168660000,False,False,0.0042973241068746,False
2021-08-31,4529.75,4531.39013671875,4515.7998046875,4522.68017578125,4522.68017578125,4290710000,False,False,-0.0013500269158932096,False
2021-09-01,4528.7998046875,4537.10986328125,4522.02001953125,4524.08984375,4524.08984375,4057340000,False,False,0.00031164006095334113,False
2021-09-02,4534.47998046875,4545.85009765625,4524.66015625,4536.9501953125,4536.9501953125,3735990000,False,False,0.002838605754404257,False
2021-09-03,4532.419921875,4541.4501953125,4521.2998046875,4535.43017578125,4535.43017578125,3217530000,False,False,-0.0003350872611813474,False
2021-09-07,4535.3798828125,4535.3798828125,4513.0,4520.02978515625,4520.02978515625,3822960000,False,False,-0.0034013524523203464,False
2021-09-08,4518.08984375,4521.7900390625,4493.9501953125,4514.06982421875,4514.06982421875,3750880000,False,False,-0.001319436813816666,False
2021-09-09,4513.02001953125,4529.89990234375,4492.06982421875,4493.27978515625,4493.27978515625,3735390000,False,False,-0.004616247150002522,False
2021-09-10,4506.919921875,4520.47021484375,4457.66015625,4458.580078125,4458.580078125,3623180000,False,False,-0.0077525522862761,False
2021-09-13,4474.81005859375,4492.990234375,4445.7001953125,4468.72998046875,4468.72998046875,3914220000,False,False,0.002273900346369644,False
2021-09-14,4479.330078125,4485.68017578125,4435.4599609375,4443.0498046875,4443.0498046875,3670460000,False,False,-0.005763213966258604,False
2021-09-15,4447.490234375,4486.8701171875,4438.3701171875,4480.7001953125,4480.7001953125,4032020000,False,False,0.008438294222079725,False
2021-09-16,4477.08984375,4485.8701171875,4443.7998046875,4473.75,4473.75,3984560000,False,False,-0.0015523447127638308,False
2021-09-17,4469.740234375,4471.52001953125,4427.759765625,4432.990234375,4432.990234375,7289530000,False,False,-0.0091526302757993,False
2021-09-20,4402.9501953125,4402.9501953125,4305.91015625,4357.72998046875,4357.72998046875,4898070000,False,False,-0.017123077726381844,False
2021-09-21,4374.4501953125,4394.8701171875,4347.9599609375,4354.18994140625,4354.18994140625,3920920000,False,False,-0.0008126886585469564,False
2021-09-22,4367.43017578125,4416.75,4367.43017578125,4395.64013671875,4395.64013671875,3939170000,False,False,0.009474585224220084,False
2021-09-23,4406.75,4465.39990234375,4406.75,4448.97998046875,4448.97998046875,3916350000,False,False,0.012061680369935969,False
2021-09-24,4438.0400390625,4463.1201171875,4430.27001953125,4455.47998046875,4455.47998046875,3384290000,False,False,0.0014599428113642636,False
2021-09-27,4442.1201171875,4457.2998046875,4436.18994140625,4443.10986328125,4443.10986328125,4058650000,False,False,-0.002780243920187674,False
2021-09-28,4419.5400390625,4419.5400390625,4346.330078125,4352.6298828125,4352.6298828125,4416550000,False,False,-0.020574317739894057,False
2021-09-29,4362.41015625,4385.56982421875,4355.080078125,4359.4599609375,4359.4599609375,3712660000,False,False,0.0015679543362838073,False
2021-09-30,4370.669921875,4382.5498046875,4306.240234375,4307.5400390625,4307.5400390625,4448140000,False,False,-0.011981202945014901,False
2021-10-01,4317.16015625,4375.18994140625,4288.52001953125,4357.0400390625,4357.0400390625,4010370000,False,False,0.011425952113334161,False
2021-10-04,4348.83984375,4355.509765625,4278.93994140625,4300.4599609375,4300.4599609375,4307870000,False,False,-0.013070952048643704,False
2021-10-05,4309.8701171875,4369.22998046875,4309.8701171875,4345.72021484375,4345.72021484375,3902890000,False,False,0.010469517498601526,False
2021-10-06,4319.56982421875,4365.56982421875,4290.490234375,4363.5498046875,4363.5498046875,4009630000,False,False,0.004094399349624824,False
2021-10-07,4383.72998046875,4429.97021484375,4383.72998046875,4399.759765625,4399.759765625,3843740000,False,False,0.008264039225065405,False
2021-10-08,4406.509765625,4412.02001953125,4386.22021484375,4391.33984375,4391.33984375,3280160000,False,False,-0.0019155566024214522,False
2021-10-11,4385.43994140625,4415.8798828125,4360.58984375,4361.18994140625,4361.18994140625,3281970000,False,False,-0.006889441644339833,False
2021-10-12,4368.31005859375,4374.89013671875,4342.08984375,4350.64990234375,4350.64990234375,3558450000,False,False,-0.0024197056865549256,False
2021-10-13,4358.009765625,4372.8701171875,4329.919921875,4363.7998046875,4363.7998046875,3620070000,False,False,0.0030179558702319183,False
2021-10-14,4386.75,4439.72998046875,4386.75,4438.259765625,4438.259765625,3598280000,False,False,0.016919162285711567,False
2021-10-15,4447.68994140625,4475.81982421875,4447.68994140625,4471.3701171875,4471.3701171875,3819380000,False,False,0.007432520637190081,False
2021-10-18,4463.72021484375,4488.75,4447.47021484375,4486.4599609375,4486.4599609375,3662010000,False,False,0.0033690878018038262,False
2021-10-19,4497.33984375,4520.39990234375,4496.41015625,4519.6298828125,4519.6298828125,3459130000,False,False,0.007366142784235753,False
2021-10-20,4524.419921875,4540.8701171875,4524.39990234375,4536.18994140625,4536.18994140625,3670760000,False,False,0.003657333598560689,False
2021-10-21,4532.240234375,4551.43994140625,4526.89013671875,4549.77978515625,4549.77978515625,3822330000,False,False,0.002991393168360022,False
2021-10-22,4546.1201171875,4559.669921875,4524.0,4544.89990234375,4544.89990234375,3758220000,False,False,-0.0010731292246643565,False
2021-10-25,4553.68994140625,4572.6201171875,4537.35986328125,4566.47998046875,4566.47998046875,3899400000,False,False,0.004736959440853509,False
2021-10-26,4578.68994140625,4598.52978515625,4569.169921875,4574.7900390625,4574.7900390625,3879740000,False,False,0.0018181414322441137,False
2021-10-27,4580.22021484375,4584.56982421875,4551.66015625,4551.68017578125,4551.68017578125,4226050000,False,False,-0.0050643703711055294,False
2021-10-28,4562.83984375,4597.5498046875,4562.83984375,4596.419921875,4596.419921875,4132950000,False,False,0.009781288424184026,False
2021-10-29,4572.8701171875,4608.080078125,4567.58984375,4605.3798828125,4605.3798828125,4510200000,False,False,0.0019474372317175562,False
2021-11-01,4610.6201171875,4620.33984375,4595.06005859375,4613.669921875,4613.669921875,3971540000,False,False,0.0017984589459023885,False
2021-11-02,4613.33984375,4635.14990234375,4613.33984375,4630.64990234375,4630.64990234375,3975250000,False,False,0.003673607120388547,False
2021-11-03,4630.64990234375,4663.4599609375,4621.18994140625,4660.56982421875,4660.56982421875,4319660000,False,False,0.00644049461289024,False
2021-11-04,4662.93017578125,4683.0,4662.58984375,4680.06005859375,4680.06005859375,4462300000,False,False,0.004173222342817036,False
2021-11-05,4699.259765625,4718.5,4681.31982421875,4697.52978515625,4697.52978515625,4467180000,False,False,0.003725850045284445,False
2021-11-08,4701.47998046875,4714.919921875,4694.39013671875,4701.7001953125,4701.7001953125,4269710000,False,False,0.0008873940607025194,False
2021-11-09,4707.25,4708.52978515625,4670.8701171875,4685.25,4685.25,4117080000,False,False,-0.0035049109264001276,False
2021-11-10,4670.259765625,4684.85009765625,4630.85986328125,4646.7099609375,4646.7099609375,4503720000,False,False,-0.008259842163861058,False
2021-11-11,4659.39013671875,4664.5498046875,4648.31005859375,4649.27001953125,4649.27001953125,3926870000,False,False,0.0005507883329889288,False
2021-11-12,4655.240234375,4688.47021484375,4650.77001953125,4682.85009765625,4682.85009765625,3728600000,False,False,0.007196697564130407,False
2021-11-15,4689.2998046875,4697.419921875,4672.85986328125,4682.7998046875,4682.7998046875,3488410000,False,False,-1.0739878017001878e-05,False
2021-11-16,4679.419921875,4714.9501953125,4679.419921875,4700.89990234375,4700.89990234375,3972640000,False,False,0.0038577790571266367,False
2021-11-17,4701.5,4701.5,4684.41015625,4688.669921875,4688.669921875,3969070000,False,False,-0.0026050154828958787,False
2021-11-18,4700.72021484375,4708.7998046875,4672.77978515625,4704.5400390625,4704.5400390625,4226410000,False,False,0.0033790647401719144,False
2021-11-19,4708.43994140625,4717.75,4694.22021484375,4697.9599609375,4697.9599609375,4253180000,False,False,-0.001399644604988097,False
2021-11-22,4712.0,4743.830078125,4682.169921875,4682.93994140625,4682.93994140625,4441100000,False,False,-0.003202258316960725,False
2021-11-23,4678.47998046875,4699.39013671875,4652.66015625,4690.7001953125,4690.7001953125,4277590000,False,False,0.001655761383195201,False
2021-11-24,4675.77978515625,4702.8701171875,4659.89013671875,4701.4599609375,4701.4599609375,3418430000,False,False,0.0022912237766672798,False
2021-11-26,4664.6298828125,4664.6298828125,4585.43017578125,4594.6201171875,4594.6201171875,3517700000,False,False,-0.022987011159321162,False
2021-11-29,4628.75,4672.9501953125,4625.259765625,4655.27001953125,4655.27001953125,4336410000,False,False,0.013113836082824229,False
2021-11-30,4640.25,4646.02001953125,4560.0,4567.0,4567.0,6625990000,False,False,-0.019143381187850562,False
2021-12-01,4602.81982421875,4652.93994140625,4510.27001953125,4513.0400390625,4513.0400390625,5366730000,False,False,-0.011885541457955926,False
2021-12-02,4504.72998046875,4595.4599609375,4504.72998046875,4577.10009765625,4577.10009765625,5077180000,False,False,0.014094638396057768,False
2021-12-03,4589.490234375,4608.02978515625,4495.1201171875,4538.43017578125,4538.43017578125,5240070000,False,False,-0.00848445514173865,False
2021-12-06,4548.3701171875,4612.60009765625,4540.509765625,4591.669921875,4591.669921875,4770800000,False,False,0.011662599309686139,False
2021-12-07,4631.97021484375,4694.0400390625,4631.97021484375,4686.75,4686.75,4492400000,False,False,0.020495603186252546,False
2021-12-08,4690.85986328125,4705.06005859375,4674.52001953125,4701.2099609375,4701.2099609375,4234600000,False,False,0.003080535586585806,False
2021-12-09,4691.0,4695.259765625,4665.97998046875,4667.4501953125,4667.4501953125,3903840000,False,False,-0.007206988232523656,False
2021-12-10,4687.64013671875,4713.56982421875,4670.240234375,4712.02001953125,4712.02001953125,3870110000,False,False,0.009503769118209724,False
2021-12-13,4710.2998046875,4710.2998046875,4667.60009765625,4668.97021484375,4668.97021484375,4397230000,False,False,-0.009178158342793815,False
2021-12-14,4642.990234375,4660.47021484375,4606.52001953125,4634.08984375,4634.08984375,4485430000,False,False,-0.0074987228546236715,False
2021-12-15,4636.4599609375,4712.60009765625,4611.22021484375,4709.85009765625,4709.85009765625,4910130000,False,False,0.016216267351890877,False
2021-12-16,4719.1298828125,4731.990234375,4651.89013671875,4668.669921875,4668.669921875,4829500000,False,False,-0.008781863311112446,False
2021-12-17,4652.5,4666.7001953125,4600.22021484375,4620.64013671875,4620.64013671875,7987090000,False,False,-0.01034096458405368,False
2021-12-20,4587.89990234375,4587.89990234375,4531.10009765625,4568.02001953125,4568.02001953125,4635700000,False,False,-0.01145339832325659,False
2021-12-21,4594.9599609375,4651.14013671875,4583.16015625,4649.22998046875,4649.22998046875,4072430000,False,False,0.017621755385195486,False
2021-12-22,4650.35986328125,4697.669921875,4645.52978515625,4696.56005859375,4696.56005859375,3319610000,False,False,0.010128728029127596,False
2021-12-23,4703.9599609375,4740.740234375,4703.9599609375,4725.7900390625,4725.7900390625,2913040000,False,False,0.006204412685251626,False
2021-12-27,4733.990234375,4791.490234375,4733.990234375,4791.18994140625,4791.18994140625,2770290000,False,False,0.013744051573605864,False
2021-12-28,4795.490234375,4807.02001953125,4780.0400390625,4786.35009765625,4786.35009765625,2707920000,False,False,-0.0010106653988873737,False
2021-12-29,4788.64013671875,4804.06005859375,4778.080078125,4793.06005859375,4793.06005859375,2963310000,False,False,0.0014009134018576786,False
2021-12-30,4794.22998046875,4808.93017578125,4775.330078125,4778.72998046875,4778.72998046875,3124950000,False,False,-0.002994233841904309,False
2021-12-31,4775.2099609375,4786.830078125,4765.75,4766.18017578125,4766.18017578125,2677820000,False,False,-0.0026296343734744394,False
2022-01-03,4778.14013671875,4796.64013671875,4758.169921875,4796.56005859375,4796.56005859375,3831020000,False,False,0.006353824170388397,False
2022-01-04,4804.509765625,4818.6201171875,4774.27001953125,4793.5400390625,4793.5400390625,4683170000,False,False,-0.0006298202522032699,False
2022-01-05,4787.990234375,4797.7001953125,4699.43994140625,4700.580078125,4700.580078125,4887960000,False,False,-0.019583264304501073,False
2022-01-06,4693.39013671875,4725.009765625,4671.259765625,4696.0498046875,4696.0498046875,4295280000,False,False,-0.0009642337401809882,False
2022-01-07,4697.66015625,4707.9501953125,4662.740234375,4677.02978515625,4677.02978515625,4181510000,False,False,-0.004058441082336512,False
2022-01-10,4655.33984375,4673.02001953125,4582.240234375,4670.2900390625,4670.2900390625,4511810000,False,False,-0.0014420705375388979,False
2022-01-11,4669.14013671875,4714.1298828125,4638.27001953125,4713.06982421875,4713.06982421875,4101590000,False,False,0.009118286452399373,False
2022-01-12,4728.58984375,4748.830078125,4706.7099609375,4726.35009765625,4726.35009765625,4048220000,False,False,0.0028137920146670695,False
2022-01-13,4733.56005859375,4744.1298828125,4650.2900390625,4659.02978515625,4659.02978515625,4251730000,False,False,-0.014346029234400533,False
2022-01-14,4637.990234375,4665.1298828125,4614.75,4662.85009765625,4662.85009765625,4338490000,False,False,0.0008196442695905652,False
2022-01-18,4632.240234375,4632.240234375,4568.7001953125,4577.10986328125,4577.10986328125,4748700000,False,False,-0.0185591053980085,False
2022-01-19,4588.02978515625,4611.5498046875,4530.2001953125,4532.759765625,4532.759765625,4465740000,False,False,-0.009736790941460195,False
2022-01-20,4547.35009765625,4602.10986328125,4477.9501953125,4482.72998046875,4482.72998046875,4640870000,False,False,-0.011098742304330734,False
2022-01-21,4471.3798828125,4494.52001953125,4395.33984375,4397.93994140625,4397.93994140625,5589100000,False,False,-0.019095995324635427,False
2022-01-24,4356.31982421875,4417.35009765625,4222.6201171875,4410.1298828125,4410.1298828125,6928110000,False,False,0.0027679047582695165,False
2022-01-25,4366.64013671875,4411.009765625,4287.10986328125,4356.4501953125,4356.4501953125,5145050000,False,False,-0.012246590556866267,False
2022-01-26,4408.43017578125,4453.22998046875,4304.7998046875,4349.93017578125,4349.93017578125,5570640000,False,False,-0.0014977569258856588,False
2022-01-27,4380.580078125,4428.740234375,4309.5,4326.509765625,4326.509765625,5214200000,False,False,-0.005398635199970923,False
2022-01-28,4336.18994140625,4432.72021484375,4292.4599609375,4431.85009765625,4431.85009765625,5031090000,False,False,0.024055967914736694,False
2022-01-31,4431.7900390625,4516.89013671875,4414.02001953125,4515.5498046875,4515.5498046875,5098610000,False,False,0.018709826222984446,False
2022-02-01,4519.56982421875,4550.490234375,4483.52978515625,4546.5400390625,4546.5400390625,4816830000,False,False,0.006839560348317067,False
2022-02-02,4566.39013671875,4595.31005859375,4544.31982421875,4589.3798828125,4589.3798828125,4481580000,False,False,0.009378400448324454,False
2022-02-03,4535.41015625,4542.8798828125,4470.39013671875,4477.43994140625,4477.43994140625,4401970000,False,False,-0.024693471720120656,False
2022-02-04,4482.7900390625,4539.66015625,4451.5,4500.52978515625,4500.52978515625,4706290000,False,False,0.005143678439863626,False
2022-02-07,4505.75,4521.85986328125,4471.47021484375,4483.8701171875,4483.8701171875,4228480000,False,False,-0.003708580927828488,False
2022-02-08,4480.02001953125,4531.31982421875,4465.39990234375,4521.5400390625,4521.5400390625,4459620000,False,False,0.00836611346663433,False
2022-02-09,4547.0,4590.02978515625,4547.0,4587.18017578125,4587.18017578125,4524350000,False,False,0.014412842079264784,False
2022-02-10,4553.240234375,4588.919921875,4484.31005859375,4504.080078125,4504.080078125,5314860000,False,False,-0.01828182448505601,False
2022-02-11,4506.27001953125,4526.330078125,4401.41015625,4418.64013671875,4418.64013671875,5251500000,False,False,-0.019151682638086528,False
2022-02-14,4412.60986328125,4426.22021484375,4364.83984375,4401.669921875,4401.669921875,4600390000,False,False,-0.0038479907556283146,False
2022-02-15,4429.27978515625,4472.77001953125,4429.27978515625,4471.06982421875,4471.06982421875,4430830000,False,False,0.015643717646064172,False
2022-02-16,4455.75,4489.5498046875,4429.68017578125,4475.009765625,4475.009765625,4283640000,False,False,0.0008808197202838003,False
2022-02-17,4456.06005859375,4456.06005859375,4373.81005859375,4380.259765625,4380.259765625,4539420000,False,False,-0.021400504136936647,False
2022-02-18,4384.56982421875,4394.60009765625,4327.22021484375,4348.8701171875,4348.8701171875,4708060000,False,False,-0.007191961663866342,False
2022-02-22,4332.740234375,4362.1201171875,4267.10986328125,4304.759765625,4304.759765625,5121900000,False,False,-0.010194735435016016,False
2022-02-23,4324.93017578125,4341.509765625,4221.509765625,4225.5,4225.5,4797430000,False,False,-0.018583735748788438,False
2022-02-24,4155.77001953125,4294.72998046875,4114.64990234375,4288.7001953125,4288.7001953125,6752130000,False,False,0.014846105252724002,False
2022-02-25,4298.3798828125,4385.33984375,4286.830078125,4384.64990234375,4384.64990234375,5177060000,False,False,0.022126080551265786,False
2022-02-28,4354.169921875,4388.83984375,4315.1201171875,4373.93994140625,4373.93994140625,6071370000,False,False,-0.0024455914631261143,False
2022-03-01,4363.14013671875,4378.4501953125,4279.5400390625,4306.259765625,4306.259765625,5846230000,False,False,-0.015594467786613053,False
2022-03-02,4322.56005859375,4401.47998046875,4322.56005859375,4386.5400390625,4386.5400390625,5337870000,False,False,0.018471046780652183,False
2022-03-03,4401.31005859375,4416.77978515625,4345.56005859375,4363.490234375,4363.490234375,5039890000,False,False,-0.005268520744245652,False
2022-03-04,4342.1201171875,4342.1201171875,4284.97998046875,4328.8701171875,4328.8701171875,5797380000,False,False,-0.007965684543001903,False
2022-03-07,4327.009765625,4327.009765625,4199.85009765625,4201.08984375,4201.08984375,6940470000,False,False,-0.029962586814416495,False
2022-03-08,4202.66015625,4276.93994140625,4157.8701171875,4170.7001953125,4170.7001953125,7243120000,False,False,-0.007260043975698096,False
2022-03-09,4223.10009765625,4299.39990234375,4223.10009765625,4277.8798828125,4277.8798828125,5662670000,False,False,0.025373598122141117,False
2022-03-10,4252.5498046875,4268.27978515625,4209.7998046875,4259.52001953125,4259.52001953125,4980830000,False,False,-0.004301049920247209,False
2022-03-11,4279.5,4291.009765625,4200.490234375,4204.31005859375,4204.31005859375,4938640000,False,False,-0.013046278933238144,False
2022-03-14,4202.75,4247.56982421875,4161.72021484375,4173.10986328125,4173.10986328125,5574920000,False,False,-0.007448675095533314,False
2022-03-15,4188.81982421875,4271.0498046875,4187.89990234375,4262.4501953125,4262.4501953125,5392470000,False,False,0.021182629724144964,False
2022-03-16,4288.14013671875,4358.89990234375,4251.990234375,4357.85986328125,4357.85986328125,6309750000,False,False,0.022136921648393443,False
2022-03-17,4345.10986328125,4412.669921875,4335.64990234375,4411.669921875,4411.669921875,4985090000,False,False,0.012272205068700267,False
2022-03-18,4407.33984375,4465.39990234375,4390.56982421875,4463.1201171875,4463.1201171875,8278430000,False,False,0.011594814411888112,False
2022-03-21,4462.39990234375,4481.75,4424.2998046875,4461.18017578125,4461.18017578125,4869820000,False,False,-0.0004347548543014596,False
2022-03-22,4469.10009765625,4522.0,4469.10009765625,4511.60986328125,4511.60986328125,4754840000,False,False,0.011240699554074212,False
2022-03-23,4493.10009765625,4501.06982421875,4455.81005859375,4456.240234375,4456.240234375,4550670000,False,False,-0.012348630252495208,False
2022-03-24,4469.97998046875,4520.580078125,4465.169921875,4520.16015625,4520.16015625,4131390000,False,False,0.014242012281618024,False
2022-03-25,4522.91015625,4546.02978515625,4501.06982421875,4543.06005859375,4543.06005859375,4305020000,False,False,0.005053380704237665,False
2022-03-28,4541.08984375,4575.64990234375,4517.68994140625,4575.52001953125,4575.52001953125,4312260000,False,False,0.007119551020042568,False
2022-03-29,4602.85986328125,4637.2998046875,4589.66015625,4631.60009765625,4631.60009765625,5085910000,False,False,0.01218204410139109,False
2022-03-30,4624.2001953125,4627.77001953125,4581.31982421875,4602.4501953125,4602.4501953125,4385570000,False,False,-0.006313588999088777,False
2022-03-31,4599.02001953125,4603.06982421875,4530.41015625,4530.41015625,4530.41015625,4823020000,False,False,-0.015776335226881762,False
2022-04-01,4540.31982421875,4548.7001953125,4507.56982421875,4545.85986328125,4545.85986328125,4562940000,False,False,0.0034044209614630277,False
2022-04-04,4547.97021484375,4583.5,4539.2099609375,4582.64013671875,4582.64013671875,4547350000,False,False,0.008058382532133647,False
2022-04-05,4572.4501953125,4593.4501953125,4514.169921875,4525.1201171875,4525.1201171875,4800620000,False,False,-0.01263115907400537,False
2022-04-06,4494.169921875,4503.93994140625,4450.0400390625,4481.14990234375,4481.14990234375,4986830000,False,False,-0.009764433912479721,False
2022-04-07,4474.64990234375,4521.16015625,4450.2998046875,4500.2099609375,4500.2099609375,4821490000,False,False,0.004244365552037262,False
2022-04-08,4494.14990234375,4520.41015625,4474.60009765625,4488.27978515625,4488.27978515625,4083200000,False,False,-0.0026545466755523947,False
2022-04-11,4462.64013671875,4464.35009765625,4408.3798828125,4412.52978515625,4412.52978515625,4266290000,False,False,-0.017021334584696127,False
2022-04-12,4437.58984375,4471.0,4381.33984375,4397.4501953125,4397.4501953125,4152090000,False,False,-0.0034233005304522353,False
2022-04-13,4394.2998046875,4453.919921875,4392.7001953125,4446.58984375,4446.58984375,3828150000,False,False,0.011112603268901934,False
2022-04-14,4449.1201171875,4460.4599609375,4390.77001953125,4392.58984375,4392.58984375,4083090000,False,False,-0.012218480383508163,False
2022-04-18,4385.6298828125,4410.31005859375,4370.2998046875,4391.68994140625,4391.68994140625,3910490000,False,False,-0.0002048892724065068,False
2022-04-19,4390.6298828125,4471.02978515625,4390.6298828125,4462.2099609375,4462.2099609375,4108120000,False,False,0.01593004474938665,False
2022-04-20,4472.259765625,4488.2900390625,4448.759765625,4459.4501953125,4459.4501953125,4290450000,False,False,-0.0006186664061825758,False
2022-04-21,4489.169921875,4512.93994140625,4384.47021484375,4393.66015625,4393.66015625,4636890000,False,False,-0.014862855551311067,False
2022-04-22,4385.830078125,4385.830078125,4267.6201171875,4271.77978515625,4271.77978515625,4651940000,False,False,-0.028132076377366966,False
2022-04-25,4255.33984375,4299.02001953125,4200.81982421875,4296.1201171875,4296.1201171875,5240040000,False,False,0.0056817651441118085,False
2022-04-26,4278.14013671875,4278.14013671875,4175.0400390625,4175.2001953125,4175.2001953125,4689970000,False,False,-0.028550008928597752,False
2022-04-27,4186.52001953125,4240.7099609375,4162.89990234375,4183.9599609375,4183.9599609375,4769680000,False,False,0.0020958490249645954,False
2022-04-28,4222.580078125,4308.4501953125,4188.6298828125,4287.5,4287.5,4854180000,False,False,0.024445655340832175,False
2022-04-29,4253.75,4269.68017578125,4124.27978515625,4131.93017578125,4131.93017578125,5084030000,False,False,-0.03695915978469415,False
2022-05-02,4130.60986328125,4169.81005859375,4062.510009765625,4155.3798828125,4155.3798828125,5163790000,False,False,0.005659199293818601,False
2022-05-03,4159.77978515625,4200.10009765625,4147.080078125,4175.47998046875,4175.47998046875,4582050000,False,False,0.004825465075359521,False
2022-05-04,4181.18017578125,4307.66015625,4148.91015625,4300.169921875,4300.169921875,5136360000,False,False,0.029425221557325833,False
2022-05-05,4270.43017578125,4270.43017578125,4106.009765625,4146.8701171875,4146.8701171875,5077030000,False,False,-0.03630067756409906,False
2022-05-06,4128.169921875,4157.68994140625,4067.909912109375,4123.33984375,4123.33984375,5116940000,False,False,-0.00569038441395277,False
2022-05-09,4081.27001953125,4081.27001953125,3975.47998046875,3991.239990234375,3991.239990234375,5954520000,False,False,-0.03256151953960419,False
2022-05-10,4035.179931640625,4068.820068359375,3958.169921875,4001.050048828125,4001.050048828125,5885820000,False,False,0.002454881760409255,False
2022-05-11,3990.080078125,4049.090087890625,3928.820068359375,3935.179931640625,3935.179931640625,5816140000,False,False,-0.016600232095697796,False
2022-05-12,3903.949951171875,3964.800048828125,3858.8701171875,3930.080078125,3930.080078125,6286450000,False,False,-0.0012968049941124407,False
2022-05-13,3963.89990234375,4038.8798828125,3963.89990234375,4023.889892578125,4023.889892578125,5183340000,False,False,0.023589267956869442,False
2022-05-16,4013.02001953125,4046.4599609375,3983.989990234375,4008.010009765625,4008.010009765625,4415030000,False,False,-0.003954208517722458,False
2022-05-17,4052.0,4090.719970703125,4033.929931640625,4088.85009765625,4088.85009765625,4841410000,False,False,0.01996891958146264,False
2022-05-18,4051.97998046875,4051.97998046875,3911.909912109375,3923.679931640625,3923.679931640625,5103220000,False,False,-0.041233809291248875,False
2022-05-19,3899.0,3945.9599609375,3876.580078125,3900.7900390625,3900.7900390625,5113550000,False,False,-0.005850864777347809,False
2022-05-20,3927.760009765625,3943.419921875,3810.320068359375,3901.360107421875,3901.360107421875,5130730000,False,False,0.0001461310919903067,False
2022-05-23,3919.419921875,3981.8798828125,3909.0400390625,3973.75,3973.75,4420030000,False,False,0.018384995412060758,False
2022-05-24,3942.93994140625,3955.679931640625,3875.1298828125,3941.47998046875,3941.47998046875,4923190000,False,False,-0.008153950903558081,False
2022-05-25,3929.590087890625,3999.330078125,3925.030029296875,3978.72998046875,3978.72998046875,4802560000,False,False,0.009406385648931585,False
2022-05-26,3984.60009765625,4075.139892578125,3984.60009765625,4057.840087890625,4057.840087890625,4709970000,False,False,0.019688166007720866,False
2022-05-27,4077.429931640625,4158.490234375,4077.429931640625,4158.240234375,4158.240234375,4375620000,False,False,0.024441130195822013,False
2022-05-31,4151.08984375,4168.33984375,4104.8798828125,4132.14990234375,4132.14990234375,6822640000,False,False,-0.006294135193666945,False
2022-06-01,4149.77978515625,4166.5400390625,4073.85009765625,4101.22998046875,4101.22998046875,4531800000,False,False,-0.007510905041155451,False
2022-06-02,4095.409912109375,4177.509765625,4074.3701171875,4176.81982421875,4176.81982421875,4405790000,False,False,0.018263225415545106,False
2022-06-03,4137.56982421875,4142.669921875,4098.669921875,4108.5400390625,4108.5400390625,3711110000,False,False,-0.016482405609817057,False
2022-06-06,4134.72021484375,4168.77978515625,4109.18017578125,4121.43017578125,4121.43017578125,4332700000,False,False,0.003132489407036025,False
2022-06-07,4096.47021484375,4164.85986328125,4080.18994140625,4160.68017578125,4160.68017578125,4248210000,False,False,0.00947833153171984,False
2022-06-08,4147.1201171875,4160.14013671875,4107.2001953125,4115.77001953125,4115.77001953125,4159470000,False,False,-0.010852623040155319,False
2022-06-09,4101.64990234375,4119.10009765625,4017.169921875,4017.820068359375,4017.820068359375,4134170000,False,False,-0.02408645766515553,False
2022-06-10,3974.389892578125,3974.389892578125,3900.159912109375,3900.860107421875,3900.860107421875,4889640000,False,False,-0.029542414811409477,False
2022-06-13,3838.14990234375,3838.14990234375,3734.300048828125,3749.6298828125,3749.6298828125,5636890000,False,False,-0.03953993199003993,False
2022-06-14,3763.52001953125,3778.179931640625,3705.679931640625,3735.47998046875,3735.47998046875,5153890000,False,False,-0.003780818039489633,False
2022-06-15,3764.050048828125,3837.56005859375,3722.300048828125,3789.989990234375,3789.989990234375,5530480000,False,False,0.014487058836534478,False
2022-06-16,3728.179931640625,3728.179931640625,3639.77001953125,3666.77001953125,3666.77001953125,5644930000,False,False,-0.033052207113840666,False
2022-06-17,3665.89990234375,3707.7099609375,3636.8701171875,3674.840087890625,3674.840087890625,8520740000,False,False,0.0021984473410133873,False
2022-06-21,3715.31005859375,3779.64990234375,3715.31005859375,3764.7900390625,3764.7900390625,5292260000,False,False,0.024182474960671992,False
2022-06-22,3733.889892578125,3801.7900390625,3717.68994140625,3759.889892578125,3759.889892578125,5058990000,False,False,-0.0013024200953574458,False
2022-06-23,3774.7099609375,3802.580078125,3743.52001953125,3795.72998046875,3795.72998046875,5098640000,False,False,0.00948707248555652,False
2022-06-24,3821.75,3913.64990234375,3821.75,3911.739990234375,3911.739990234375,8120260000,False,False,0.030105539729901033,False
2022-06-27,3920.760009765625,3927.719970703125,3889.659912109375,3900.110107421875,3900.110107421875,4325310000,False,False,-0.0029774998903406716,False
2022-06-28,3913.0,3945.860107421875,3820.139892578125,3821.550048828125,3821.550048828125,4270120000,False,False,-0.0203486731494949,False
2022-06-29,3825.090087890625,3836.5,3799.02001953125,3818.830078125,3818.830078125,4211240000,False,False,-0.0007119988201726959,False
2022-06-30,3785.989990234375,3818.989990234375,3738.669921875,3785.3798828125,3785.3798828125,4840070000,False,False,-0.008797866246367652,False
2022-07-01,3781.0,3829.820068359375,3752.10009765625,3825.330078125,3825.330078125,4046950000,False,False,0.010498511296639174,False
2022-07-05,3792.610107421875,3832.18994140625,3742.06005859375,3831.389892578125,3831.389892578125,5076590000,False,False,0.0015828751061934918,False
2022-07-06,3831.97998046875,3870.909912109375,3809.3701171875,3845.080078125,3845.080078125,4417720000,False,False,0.003566795705066178,False
2022-07-07,3858.85009765625,3910.6298828125,3858.85009765625,3902.6201171875,3902.6201171875,4057770000,False,False,0.014853723180930391,False
2022-07-08,3888.260009765625,3918.5,3869.340087890625,3899.3798828125,3899.3798828125,3521620000,False,False,-0.00083061639612735,False
2022-07-11,3880.93994140625,3880.93994140625,3847.219970703125,3854.429931640625,3854.429931640625,3423480000,False,False,-0.011594417660525545,False
2022-07-12,3851.949951171875,3873.409912109375,3802.360107421875,3818.800048828125,3818.800048828125,3817210000,False,False,-0.00928686849749371,False
2022-07-13,3779.669921875,3829.43994140625,3759.070068359375,3801.780029296875,3801.780029296875,4109390000,False,False,-0.00446686411181668,False
2022-07-14,3763.989990234375,3796.409912109375,3721.56005859375,3790.3798828125,3790.3798828125,4199690000,False,False,-0.003003138812764307,False
2022-07-15,3818.0,3863.6201171875,3817.179931640625,3863.159912109375,3863.159912109375,4143800000,False,False,0.01901923165863364,False
2022-07-18,3883.7900390625,3902.43994140625,3818.6298828125,3830.85009765625,3830.85009765625,4046870000,False,False,-0.008398742485835936,False
2022-07-19,3860.72998046875,3939.81005859375,3860.72998046875,3936.68994140625,3936.68994140625,4041070000,False,False,0.02725351764373082,False
2022-07-20,3935.320068359375,3974.1298828125,3922.030029296875,3959.89990234375,3959.89990234375,4185300000,False,False,0.0058784939410571665,False
2022-07-21,3955.469970703125,3999.2900390625,3927.639892578125,3998.949951171875,3998.949951171875,4132790000,False,False,0.00981306668950467,False
2022-07-22,3998.429931640625,4012.43994140625,3938.860107421875,3961.6298828125,3961.6298828125,3979240000,False,False,-0.009376287293813849,False
2022-07-25,3965.719970703125,3975.300048828125,3943.4599609375,3966.840087890625,3966.840087890625,3568340000,False,False,0.001314302973305868,False
2022-07-26,3953.219970703125,3953.219970703125,3910.739990234375,3921.050048828125,3921.050048828125,3778950000,False,False,-0.011610342599263359,False
2022-07-27,3951.429931640625,4039.56005859375,3951.429931640625,4023.610107421875,4023.610107421875,4112180000,False,False,0.025820048778629066,False
2022-07-28,4026.1298828125,4078.949951171875,3992.969970703125,4072.429931640625,4072.429931640625,4413000000,False,False,0.012060319791912806,False
2022-07-29,4087.330078125,4140.14990234375,4079.219970703125,4130.2900390625,4130.2900390625,4616360000,False,False,0.014107775781753557,False
2022-08-01,4112.3798828125,4144.9501953125,4096.02001953125,4118.6298828125,4118.6298828125,4202810000,False,False,-0.002827076544916728,False
2022-08-02,4104.2099609375,4140.47021484375,4079.81005859375,4091.18994140625,4091.18994140625,4727710000,False,False,-0.00668468837887098,False
2022-08-03,4107.9599609375,4167.66015625,4107.9599609375,4155.169921875,4155.169921875,4351760000,False,False,0.015517456270090707,False
2022-08-04,4154.85009765625,4161.2900390625,4135.419921875,4151.93994140625,4151.93994140625,4283320000,False,False,-0.0007776424495837734,False
2022-08-05,4115.8701171875,4151.580078125,4107.31005859375,4145.18994140625,4145.18994140625,4085940000,False,False,-0.0016270690189191196,False
2022-08-08,4155.93017578125,4186.6201171875,4128.97021484375,4140.06005859375,4140.06005859375,4221090000,False,False,-0.0012383171221209141,False
2022-08-09,4133.10986328125,4137.2998046875,4112.08984375,4122.47021484375,4122.47021484375,3913090000,False,False,-0.004257744235926498,False
2022-08-10,4181.02001953125,4211.02978515625,4177.259765625,4210.240234375,4210.240234375,4546010000,False,False,0.021067158460407496,False
2022-08-11,4227.39990234375,4257.91015625,4201.41015625,4207.27001953125,4207.27001953125,4630200000,False,False,-0.0007057229222018175,False
2022-08-12,4225.02001953125,4280.47021484375,4219.77978515625,4280.14990234375,4280.14990234375,3788010000,False,False,0.017174046951492668,False
2022-08-15,4269.3701171875,4301.7900390625,4256.89990234375,4297.14013671875,4297.14013671875,3696830000,False,False,0.003961684056233163,False
2022-08-16,4290.4599609375,4325.27978515625,4277.77001953125,4305.2001953125,4305.2001953125,4329820000,False,False,0.0018739228259478625,False
2022-08-17,4280.39990234375,4302.18017578125,4253.080078125,4274.0400390625,4274.0400390625,3885030000,False,False,-0.007264114867648021,False
2022-08-18,4273.1298828125,4292.52978515625,4261.97998046875,4283.740234375,4283.740234375,3340330000,False,False,0.0022669896063847975,False
2022-08-19,4266.31005859375,4266.31005859375,4218.7001953125,4228.47998046875,4228.47998046875,3761340000,False,False,-0.012983928713038868,False
2022-08-22,4195.080078125,4195.080078125,4129.85986328125,4137.990234375,4137.990234375,3907430000,False,False,-0.021632366466494565,False
2022-08-23,4133.08984375,4159.77001953125,4124.02978515625,4128.72998046875,4128.72998046875,3823520000,False,False,-0.002240370434437464,False
2022-08-24,4126.5498046875,4156.56005859375,4119.97021484375,4140.77001953125,4140.77001953125,3583630000,False,False,0.002911916698724165,False
2022-08-25,4153.259765625,4200.5400390625,4147.58984375,4199.1201171875,4199.1201171875,3566870000,False,False,0.013993241836107048,False
2022-08-26,4198.740234375,4203.0400390625,4057.659912109375,4057.659912109375,4057.659912109375,3832750000,False,False,-0.03426857631703952,False
2022-08-29,4034.580078125,4062.989990234375,4017.419921875,4030.610107421875,4030.610107421875,3396510000,False,False,-0.0066886751973248065,False
2022-08-30,4041.25,4044.97998046875,3965.2099609375,3986.159912109375,3986.159912109375,3835860000,False,False,-0.011089416492117008,False
2022-08-31,4000.669921875,4015.3701171875,3954.530029296875,3955.0,3955.0,4542490000,False,False,-0.007847738208153028,False
2022-09-01,3936.72998046875,3970.22998046875,3903.64990234375,3966.85009765625,3966.85009765625,4152250000,False,False,0.0029917522671948716,False
2022-09-02,3994.659912109375,4018.429931640625,3906.2099609375,3924.260009765625,3924.260009765625,3665850000,False,False,-0.010794552570724387,False
2022-09-06,3930.889892578125,3942.550048828125,3886.75,3908.18994140625,3908.18994140625,4127340000,False,False,-0.004103464690895143,False
2022-09-07,3909.429931640625,3987.889892578125,3906.030029296875,3979.8701171875,3979.8701171875,3890320000,False,False,0.018174848666169877,False
2022-09-08,3959.93994140625,4010.5,3944.81005859375,4006.179931640625,4006.179931640625,3966850000,False,False,0.006588966880442448,False
2022-09-09,4022.93994140625,4076.81005859375,4022.93994140625,4067.360107421875,4067.360107421875,3901940000,False,False,0.01515601498121106,False
2022-09-12,4083.669921875,4119.27978515625,4083.669921875,4110.41015625,4110.41015625,3814200000,False,False,0.010528651483995635,False
2022-09-13,4037.1201171875,4037.1201171875,3921.280029296875,3932.68994140625,3932.68994140625,4224550000,False,False,-0.04419916303197406,False
2022-09-14,3940.72998046875,3961.93994140625,3912.179931640625,3946.010009765625,3946.010009765625,4293240000,False,False,0.003381289078844715,False
2022-09-15,3932.409912109375,3959.139892578125,3888.280029296875,3901.35009765625,3901.35009765625,4441830000,False,False,-0.011382272168149512,False
2022-09-16,3880.949951171875,3880.949951171875,3837.080078125,3873.330078125,3873.330078125,7954650000,False,False,-0.007208049775663175,False
2022-09-19,3849.909912109375,3900.449951171875,3838.5,3899.889892578125,3899.889892578125,3766850000,False,False,0.006833697724705768,False
2022-09-20,3875.22998046875,3876.010009765625,3827.5400390625,3855.929931640625,3855.929931640625,4058050000,False,False,-0.011336114736600402,False
2022-09-21,3871.39990234375,3907.070068359375,3789.489990234375,3789.929931640625,3789.929931640625,4078330000,False,False,-0.01726467409850635,False
2022-09-22,3782.360107421875,3790.89990234375,3749.449951171875,3757.989990234375,3757.989990234375,4284600000,False,False,-0.008463293830453985,False
2022-09-23,3727.139892578125,3727.139892578125,3647.469970703125,3693.22998046875,3693.22998046875,5144270000,False,False,-0.017382828767330778,False
2022-09-26,3682.719970703125,3715.669921875,3644.760009765625,3655.0400390625,3655.0400390625,4886140000,False,False,-0.010394360890280502,False
2022-09-27,3686.43994140625,3717.530029296875,3623.2900390625,3647.2900390625,3647.2900390625,4577740000,False,False,-0.0021226109548247284,False
2022-09-28,3651.93994140625,3736.739990234375,3640.610107421875,3719.0400390625,3719.0400390625,4684850000,False,False,0.019481144181152356,False
2022-09-29,3687.010009765625,3687.010009765625,3610.39990234375,3640.469970703125,3640.469970703125,4681810000,False,False,-0.0213527948230975,False
2022-09-30,3633.47998046875,3671.43994140625,3584.1298828125,3585.6201171875,3585.6201171875,5645360000,False,False,-0.0151813515462093,False
2022-10-03,3609.780029296875,3698.35009765625,3604.929931640625,3678.429931640625,3678.429931640625,4806680000,False,False,0.02555457753093017,False
2022-10-04,3726.4599609375,3791.919921875,3726.4599609375,3790.929931640625,3790.929931640625,5146580000,False,False,0.030125341416799834,False
2022-10-05,3753.25,3806.909912109375,3722.659912109375,3783.280029296875,3783.280029296875,4293180000,False,False,-0.0020199875589381176,False
2022-10-06,3771.969970703125,3797.929931640625,3739.219970703125,3744.52001953125,3744.52001953125,4252100000,False,False,-0.010297922911395202,False
2022-10-07,3706.739990234375,3706.739990234375,3620.72998046875,3639.659912109375,3639.659912109375,4449660000,False,False,-0.028403196531478058,False
2022-10-10,3647.510009765625,3652.169921875,3588.10009765625,3612.389892578125,3612.389892578125,3834320000,False,False,-0.007520673133652772,False
2022-10-11,3595.860107421875,3640.659912109375,3568.449951171875,3588.840087890625,3588.840087890625,4759030000,False,False,-0.006540518412323781,False
2022-10-12,3590.830078125,3608.340087890625,3573.860107421875,3577.030029296875,3577.030029296875,4006830000,False,False,-0.0032961996501662937,False
2022-10-13,3520.3701171875,3685.409912109375,3491.580078125,3669.909912109375,3669.909912109375,5021680000,False,False,0.025634259307631132,False
2022-10-14,3690.409912109375,3712.0,3579.679931640625,3583.070068359375,3583.070068359375,4243030000,False,False,-0.023947120744528417,False
2022-10-17,3638.64990234375,3689.72998046875,3638.64990234375,3677.949951171875,3677.949951171875,4352780000,False,False,0.026135524557561848,False
2022-10-18,3746.260009765625,3762.7900390625,3686.530029296875,3719.97998046875,3719.97998046875,4483740000,False,False,0.011362768207087462,False
2022-10-19,3703.110107421875,3728.580078125,3666.510009765625,3695.159912109375,3695.159912109375,4223800000,False,False,-0.006694455239684375,False
2022-10-20,3689.050048828125,3736.0,3656.43994140625,3665.780029296875,3665.780029296875,4496620000,False,False,-0.007982686738766696,False
2022-10-21,3657.10009765625,3757.889892578125,3647.419921875,3752.75,3752.75,5078020000,False,False,0.023447759860447268,False
2022-10-24,3762.010009765625,3810.739990234375,3741.64990234375,3797.340087890625,3797.340087890625,4747930000,False,False,0.011811940205111494,False
2022-10-25,3799.43994140625,3862.85009765625,3799.43994140625,3859.110107421875,3859.110107421875,4843120000,False,False,0.01613577001587496,False
2022-10-26,3825.969970703125,3886.14990234375,3824.070068359375,3830.60009765625,3830.60009765625,4817310000,False,False,-0.007415140398989885,False
2022-10-27,3834.68994140625,3859.949951171875,3803.7900390625,3807.300048828125,3807.300048828125,4687320000,False,False,-0.006101185053184453,False
2022-10-28,3808.260009765625,3905.419921875,3808.260009765625,3901.06005859375,3901.06005859375,4459410000,False,False,0.024328036770856338,False
2022-10-31,3881.85009765625,3893.72998046875,3863.179931640625,3871.97998046875,3871.97998046875,4820620000,False,False,-0.007482327030336412,False
2022-11-01,3901.7900390625,3911.7900390625,3843.800048828125,3856.10009765625,3856.10009765625,4481210000,False,False,-0.0041096637203590055,False
2022-11-02,3852.89990234375,3894.43994140625,3758.679931640625,3759.68994140625,3759.68994140625,4899000000,False,False,-0.025319843737482882,False
2022-11-03,3733.25,3750.590087890625,3698.14990234375,3719.889892578125,3719.889892578125,4625290000,False,False,-0.010642422531956597,False
2022-11-04,3766.97998046875,3796.340087890625,3708.840087890625,3770.550048828125,3770.550048828125,5400180000,False,False,0.013526823285563951,False
2022-11-07,3780.7099609375,3813.949951171875,3764.699951171875,3806.800048828125,3806.800048828125,4341620000,False,False,0.00956806167935914,False
2022-11-08,3817.02001953125,3859.39990234375,3786.280029296875,3828.110107421875,3828.110107421875,4607640000,False,False,0.005582282828760321,False
2022-11-09,3810.93994140625,3818.199951171875,3744.219970703125,3748.570068359375,3748.570068359375,4645010000,False,False,-0.020996784712303443,False
2022-11-10,3859.889892578125,3958.330078125,3859.889892578125,3956.3701171875,3956.3701171875,5781260000,False,False,0.05395251566479769,False
2022-11-11,3963.719970703125,4001.47998046875,3944.820068359375,3992.929931640625,3992.929931640625,5593310000,False,False,0.009198312304769028,False
2022-11-14,3977.969970703125,4008.969970703125,3956.39990234375,3957.25,3957.25,4561930000,False,False,-0.008975940544918012,False
2022-11-15,4006.409912109375,4028.840087890625,3953.169921875,3991.72998046875,3991.72998046875,5015310000,False,False,0.008675376414669186,False
2022-11-16,3976.820068359375,3983.090087890625,3954.340087890625,3958.7900390625,3958.7900390625,4165320000,False,False,-0.008286283111873759,False
2022-11-17,3919.260009765625,3954.330078125,3906.5400390625,3946.56005859375,3946.56005859375,4051780000,False,False,-0.0030941046442292835,False
2022-11-18,3966.389892578125,3979.889892578125,3935.97998046875,3965.340087890625,3965.340087890625,4037360000,False,False,0.00474729564815821,False
2022-11-21,3956.22998046875,3962.0,3933.340087890625,3949.93994140625,3949.93994140625,3850690000,False,False,-0.003891249800275618,False
2022-11-22,3965.510009765625,4005.8798828125,3956.8798828125,4003.580078125,4003.580078125,3887990000,False,False,0.01348860626982839,False
2022-11-23,4000.300048828125,4033.780029296875,3998.659912109375,4027.260009765625,4027.260009765625,3279720000,False,False,0.0058972660417383116,False
2022-11-25,4023.340087890625,4034.02001953125,4020.760009765625,4026.1201171875,4026.1201171875,1706460000,False,False,-0.0002830842622024787,False
2022-11-28,4005.360107421875,4012.27001953125,3955.77001953125,3963.93994140625,3963.93994140625,3615430000,False,False,-0.015564696794064813,False
2022-11-29,3964.18994140625,3976.77001953125,3937.64990234375,3957.6298828125,3957.6298828125,3546040000,False,False,-0.0015931337016243704,False
2022-11-30,3957.179931640625,4080.110107421875,3938.580078125,4080.110107421875,4080.110107421875,6579360000,False,False,0.030478643521294944,False
2022-12-01,4087.139892578125,4100.509765625,4050.8701171875,4076.570068359375,4076.570068359375,4527130000,False,False,-0.0008680098296065889,False
2022-12-02,4040.169921875,4080.47998046875,4026.6298828125,4071.699951171875,4071.699951171875,4012620000,False,False,-0.001195374663761461,False
2022-12-05,4052.02001953125,4052.449951171875,3984.489990234375,3998.840087890625,3998.840087890625,4280820000,False,False,-0.01805624963097222,False
2022-12-06,3996.6298828125,4001.510009765625,3918.389892578125,3941.260009765625,3941.260009765625,4368380000,False,False,-0.014503869422986057,False
2022-12-07,3933.280029296875,3957.570068359375,3922.679931640625,3933.919921875,3933.919921875,4118050000,False,False,-0.001864107253381664,False
2022-12-08,3947.7900390625,3974.18994140625,3935.830078125,3963.510009765625,3963.510009765625,4006900000,False,False,0.007493634413933237,False
2022-12-09,3954.169921875,3977.02001953125,3933.0400390625,3934.3798828125,3934.3798828125,3888260000,False,False,-0.0073767194642132125,False
2022-12-12,3939.2900390625,3990.7099609375,3935.300048828125,3990.56005859375,3990.56005859375,3904130000,False,False,0.01417830729965003,False
2022-12-13,4069.3798828125,4100.9599609375,3993.030029296875,4019.64990234375,4019.64990234375,5079360000,False,False,0.007263223255457212,False
2022-12-14,4015.5400390625,4053.760009765625,3965.64990234375,3995.320068359375,3995.320068359375,4472340000,False,False,-0.006071116623835963,False
2022-12-15,3958.3701171875,3958.3701171875,3879.449951171875,3895.75,3895.75,4493900000,False,False,-0.02523747790182607,False
2022-12-16,3890.909912109375,3890.909912109375,3827.909912109375,3852.360107421875,3852.360107421875,7493660000,False,False,-0.011200239946011676,False
2022-12-19,3853.7900390625,3854.860107421875,3800.0400390625,3817.659912109375,3817.659912109375,3969610000,False,False,-0.0090483289411038,False
2022-12-20,3810.469970703125,3838.239990234375,3795.6201171875,3821.6201171875,3821.6201171875,3985370000,False,False,0.001036800697890769,False
2022-12-21,3839.489990234375,3889.820068359375,3839.489990234375,3878.43994140625,3878.43994140625,3775200000,False,False,0.014758548669054294,False
2022-12-22,3853.260009765625,3853.260009765625,3764.489990234375,3822.389892578125,3822.389892578125,3956950000,False,False,-0.014557142498145655,False
2022-12-23,3815.110107421875,3845.800048828125,3797.010009765625,3844.820068359375,3844.820068359375,2819280000,False,False,0.005850952271915072,False
2022-12-27,3843.340087890625,3846.64990234375,3813.219970703125,3829.25,3829.25,3030300000,False,False,-0.004057844034659477,False
2022-12-28,3829.56005859375,3848.320068359375,3780.780029296875,3783.219970703125,3783.219970703125,3083520000,False,False,-0.012093470442948605,False
2022-12-29,3805.449951171875,3858.18994140625,3805.449951171875,3849.280029296875,3849.280029296875,3003680000,False,False,0.01731063431499432,False
2022-12-30,3829.06005859375,3839.85009765625,3800.340087890625,3839.5,3839.5,2979870000,False,False,-0.002543975646110833,False
2023-01-03,3853.2900390625,3878.4599609375,3794.330078125,3824.139892578125,3824.139892578125,3959140000,False,False,-0.004008572481273608,False
2023-01-04,3840.360107421875,3873.159912109375,3815.77001953125,3852.969970703125,3852.969970703125,4414080000,False,False,0.007510694562138916,False
2023-01-05,3839.739990234375,3839.739990234375,3802.419921875,3808.10009765625,3808.10009765625,3893450000,False,False,-0.011713869136457158,False
2023-01-06,3823.3701171875,3906.18994140625,3809.56005859375,3895.080078125,3895.080078125,3923560000,False,False,0.02258383558903089,False
2023-01-09,3910.820068359375,3950.570068359375,3890.419921875,3892.090087890625,3892.090087890625,4311770000,False,False,-0.0007679273259905782,False
2023-01-10,3888.570068359375,3919.830078125,3877.2900390625,3919.25,3919.25,3851030000,False,False,0.006953997970593733,False
2023-01-11,3932.35009765625,3970.070068359375,3928.5400390625,3969.610107421875,3969.610107421875,4303360000,False,False,0.012767571192293676,False
2023-01-12,3977.570068359375,3997.760009765625,3937.56005859375,3983.169921875,3983.169921875,4440260000,False,False,0.0034100849120427303,False
2023-01-13,3960.60009765625,4003.949951171875,3947.669921875,3999.090087890625,3999.090087890625,3939700000,False,False,0.003988892144656051,False
2023-01-17,3999.280029296875,4015.389892578125,3984.570068359375,3990.969970703125,3990.969970703125,4235560000,False,False,-0.002032555430996314,False
2023-01-18,4002.25,4014.159912109375,3926.590087890625,3928.860107421875,3928.860107421875,4298710000,False,False,-0.01568496697774467,False
2023-01-19,3911.840087890625,3922.93994140625,3885.5400390625,3898.85009765625,3898.85009765625,3991500000,False,False,-0.007667671901812428,False
2023-01-20,3909.0400390625,3972.9599609375,3897.860107421875,3972.610107421875,3972.610107421875,4013360000,False,False,0.01874167355235196,False
2023-01-23,3978.139892578125,4039.31005859375,3971.639892578125,4019.81005859375,4019.81005859375,3945210000,False,False,0.011811315951328555,False
2023-01-24,4001.739990234375,4023.919921875,3989.7900390625,4016.949951171875,4016.949951171875,3320430000,False,False,-0.0007117563642918193,False
2023-01-25,3982.7099609375,4019.550048828125,3949.06005859375,4016.219970703125,4016.219970703125,3724020000,False,False,-0.00018174157346566321,False
2023-01-26,4036.080078125,4061.570068359375,4013.2900390625,4060.429931640625,4060.429931640625,3809590000,False,False,0.010947708029114303,False
2023-01-27,4053.719970703125,4094.2099609375,4048.699951171875,4070.56005859375,4070.56005859375,3907760000,False,False,0.002491734021703855,False
2023-01-30,4049.27001953125,4063.85009765625,4015.550048828125,4017.77001953125,4017.77001953125,3802000000,False,False,-0.013053569315292663,False
2023-01-31,4020.85009765625,4077.159912109375,4020.43994140625,4076.60009765625,4076.60009765625,4679320000,False,False,0.014536304416419527,False
2023-02-01,4070.070068359375,4148.9501953125,4037.199951171875,4119.2099609375,4119.2099609375,4856930000,False,False,0.01039805629688473,False
2023-02-02,4158.68017578125,4195.43994140625,4141.8798828125,4179.759765625,4179.759765625,5624360000,False,False,0.014592384626854379,False
2023-02-03,4136.68994140625,4182.35986328125,4123.35986328125,4136.47998046875,4136.47998046875,4694510000,False,False,-0.010408592637285455,False
2023-02-06,4119.56982421875,4124.6298828125,4093.3798828125,4111.080078125,4111.080078125,4114240000,False,False,-0.006159393193939262,False
2023-02-07,4105.35009765625,4176.5400390625,4088.389892578125,4164.0,4164.0,4355860000,False,False,0.012790364037397075,False
2023-02-08,4153.47021484375,4156.85009765625,4111.669921875,4117.85986328125,4117.85986328125,4029820000,False,False,-0.011142573012411353,False
2023-02-09,4144.25,4156.22998046875,4069.669921875,4081.5,4081.5,4270200000,False,False,-0.008869009831037385,False
2023-02-10,4068.919921875,4094.360107421875,4060.7900390625,4090.4599609375,4090.4599609375,3891520000,False,False,0.0021928557092171274,False
2023-02-13,4096.6201171875,4138.89990234375,4092.669921875,4137.2900390625,4137.2900390625,3448620000,False,False,0.011383569951155146,False
2023-02-14,4126.7001953125,4159.77001953125,4095.010009765625,4136.1298828125,4136.1298828125,3929200000,False,False,-0.0002804538554937624,False
2023-02-15,4119.5,4148.10986328125,4103.97998046875,4147.60009765625,4147.60009765625,4075980000,False,False,0.002769337533076689,False
2023-02-16,4114.75,4136.5400390625,4089.489990234375,4090.409912109375,4090.409912109375,4143660000,False,False,-0.013884689204881605,False
2023-02-17,4077.389892578125,4081.510009765625,4047.949951171875,4079.090087890625,4079.090087890625,4045480000,False,False,-0.0027712421722827342,False
2023-02-21,4052.35009765625,4052.35009765625,3995.18994140625,3997.340087890625,3997.340087890625,4121590000,False,False,-0.020244783973471698,False
2023-02-22,4001.830078125,4017.3701171875,3976.89990234375,3991.050048828125,3991.050048828125,4079320000,False,False,-0.0015747954856433837,False
2023-02-23,4018.60009765625,4028.300048828125,3969.18994140625,4012.320068359375,4012.320068359375,3952940000,False,False,0.005315278263237728,False
2023-02-24,3973.239990234375,3978.25,3943.080078125,3970.0400390625,3970.0400390625,3877700000,False,False,-0.010593464619774184,False
2023-02-27,3992.360107421875,4018.050048828125,3973.550048828125,3982.239990234375,3982.239990234375,3836950000,False,False,0.0030682925395522777,False
2023-02-28,3977.18994140625,3997.5,3968.97998046875,3970.14990234375,3970.14990234375,5043400000,False,False,-0.0030406198309477117,False
2023-03-01,3963.340087890625,3971.72998046875,3939.050048828125,3951.389892578125,3951.389892578125,4249480000,False,False,-0.004736464203492832,False
2023-03-02,3938.679931640625,3990.840087890625,3928.159912109375,3981.35009765625,3981.35009765625,4244900000,False,False,0.0075535937311959735,False
2023-03-03,3998.02001953125,4048.2900390625,3995.169921875,4045.639892578125,4045.639892578125,4084730000,False,False,0.01601874917648306,False
2023-03-06,4055.14990234375,4078.489990234375,4044.610107421875,4048.419921875,4048.419921875,4000870000,False,False,0.0006869307788483012,False
2023-03-07,4048.260009765625,4050.0,3980.31005859375,3986.3701171875,3986.3701171875,3922500000,False,False,-0.015445590479262547,False
2023-03-08,3987.550048828125,4000.409912109375,3969.760009765625,3992.010009765625,3992.010009765625,3535570000,False,False,0.0014137941356032722,False
2023-03-09,3998.659912109375,4017.81005859375,3908.699951171875,3918.320068359375,3918.320068359375,4445260000,False,False,-0.018631857945482354,False
2023-03-10,3912.77001953125,3934.050048828125,3846.320068359375,3861.590087890625,3861.590087890625,5518190000,False,False,-0.01458396943606664,False
2023-03-13,3835.1201171875,3905.050048828125,3808.860107421875,3855.760009765625,3855.760009765625,6558020000,False,False,-0.001510901840738768,False
2023-03-14,3894.010009765625,3937.2900390625,3873.6298828125,3919.2900390625,3919.2900390625,5665870000,False,False,0.016342388235363665,False
2023-03-15,3876.739990234375,3894.260009765625,3838.239990234375,3891.929931640625,3891.929931640625,6594010000,False,False,-0.007005363929353597,False
2023-03-16,3878.929931640625,3964.4599609375,3864.110107421875,3960.280029296875,3960.280029296875,5695790000,False,False,0.017409576249031722,False
2023-03-17,3958.68994140625,3958.909912109375,3901.27001953125,3916.639892578125,3916.639892578125,9354280000,False,False,-0.011080621273953702,False
2023-03-20,3917.469970703125,3956.6201171875,3916.889892578125,3951.570068359375,3951.570068359375,5347140000,False,False,0.008878869635940853,False
2023-03-21,3975.889892578125,4009.080078125,3971.18994140625,4002.8701171875,4002.8701171875,4920240000,False,False,0.012898647518559103,False
2023-03-22,4002.0400390625,4039.489990234375,3936.169921875,3936.969970703125,3936.969970703125,4533010000,False,False,-0.016600248639842885,False
2023-03-23,3959.2099609375,4007.659912109375,3919.050048828125,3948.719970703125,3948.719970703125,4991600000,False,False,0.0029800838691824228,False
2023-03-24,3939.2099609375,3972.739990234375,3909.159912109375,3970.989990234375,3970.989990234375,4583970000,False,False,0.005623963084303207,False
2023-03-27,3982.929931640625,4003.830078125,3970.489990234375,3977.530029296875,3977.530029296875,4233540000,False,False,0.0016455995637670831,False
2023-03-28,3974.1298828125,3979.199951171875,3951.530029296875,3971.27001953125,3971.27001953125,4014600000,False,False,-0.0015750832883878866,False
2023-03-29,3999.530029296875,4030.590087890625,3999.530029296875,4027.81005859375,4027.81005859375,4145250000,False,False,0.014136870775046802,False
2023-03-30,4046.739990234375,4057.85009765625,4032.10009765625,4050.830078125,4050.830078125,3930860000,False,False,0.005698999199482652,False
2023-03-31,4056.179931640625,4110.75,4056.179931640625,4109.31005859375,4109.31005859375,4525120000,False,False,0.014333327782036555,False
2023-04-03,4102.2001953125,4127.66015625,4098.7900390625,4124.509765625,4124.509765625,4234700000,False,False,0.003692022565802823,False
2023-04-04,4128.02978515625,4133.1298828125,4086.8701171875,4100.60009765625,4100.60009765625,4227800000,False,False,-0.005813839745162529,False
2023-04-05,4094.5,4099.68994140625,4072.56005859375,4090.3798828125,4090.3798828125,3968020000,False,False,-0.002495481657121423,False
2023-04-06,4081.14990234375,4107.31982421875,4069.840087890625,4105.02001953125,4105.02001953125,3486690000,False,False,0.0035727731328032467,False
2023-04-10,4085.199951171875,4109.5,4072.550048828125,4109.10986328125,4109.10986328125,3423650000,False,False,0.0009958070170100843,False
2023-04-11,4110.2900390625,4124.259765625,4102.60986328125,4108.93994140625,4108.93994140625,3665830000,False,False,-4.135333298352082e-05,False
2023-04-12,4121.72021484375,4134.3701171875,4086.93994140625,4091.949951171875,4091.949951171875,3633120000,False,False,-0.0041434563234613855,False
2023-04-13,4100.0400390625,4150.259765625,4099.39990234375,4146.22021484375,4146.22021484375,3596590000,False,False,0.013175510497831548,False
2023-04-14,4140.10986328125,4163.18994140625,4113.2001953125,4137.64013671875,4137.64013671875,3575690000,False,False,-0.0020715175845779886,False
2023-04-17,4137.169921875,4151.72021484375,4123.18017578125,4151.31982421875,4151.31982421875,3611180000,False,False,0.0033007035826147536,False
2023-04-18,4164.259765625,4169.47998046875,4140.35986328125,4154.8701171875,4154.8701171875,3536640000,False,False,0.0008548548034659753,False
2023-04-19,4139.330078125,4162.56982421875,4134.490234375,4154.52001953125,4154.52001953125,3572560000,False,False,-8.426554793962826e-05,False
2023-04-20,4130.47998046875,4148.56982421875,4114.56982421875,4129.7900390625,4129.7900390625,3772080000,False,False,-0.005970335188311131,False
2023-04-21,4132.14013671875,4138.02001953125,4113.85986328125,4133.52001953125,4133.52001953125,3611750000,False,False,0.0009027812573008861,False
2023-04-24,4132.06982421875,4142.41015625,4117.77001953125,4137.0400390625,4137.0400390625,3290940000,False,False,0.0008512167782723126,False
2023-04-25,4126.43017578125,4126.43017578125,4071.3798828125,4071.6298828125,4071.6298828125,3978640000,False,False,-0.01593718381857645,False
2023-04-26,4087.780029296875,4089.669921875,4049.35009765625,4055.989990234375,4055.989990234375,3837030000,False,False,-0.0038485835033448754,False
2023-04-27,4075.2900390625,4138.240234375,4075.2900390625,4135.35009765625,4135.35009765625,3750550000,False,False,0.019377193402696356,False
2023-04-28,4129.6298828125,4170.06005859375,4127.18017578125,4169.47998046875,4169.47998046875,4087800000,False,False,0.008219331313243467,False
2023-05-01,4166.7900390625,4186.919921875,4164.1201171875,4167.8701171875,4167.8701171875,3321370000,False,False,-0.0003861810485107871,False
2023-05-02,4164.10009765625,4164.10009765625,4089.719970703125,4119.580078125,4119.580078125,4486130000,False,False,-0.011653906680571788,False
2023-05-03,4122.25,4148.2998046875,4088.860107421875,4090.75,4090.75,4246510000,False,False,-0.007022908054892971,False
2023-05-04,4082.550048828125,4082.610107421875,4048.280029296875,4061.219970703125,4061.219970703125,4920090000,False,False,-0.007244913455062742,False
2023-05-05,4084.72998046875,4147.02001953125,4084.72998046875,4136.25,4136.25,4186270000,False,False,0.018306166381879797,False
2023-05-08,4136.97998046875,4142.2998046875,4123.81005859375,4138.1201171875,4138.1201171875,3641640000,False,False,0.0004520264848820656,False
2023-05-09,4124.25,4130.35009765625,4116.64990234375,4119.169921875,4119.169921875,3810140000,False,False,-0.004589938949059595,False
2023-05-10,4143.740234375,4154.27978515625,4098.919921875,4137.64013671875,4137.64013671875,4057160000,False,False,0.004473942241914432,False
2023-05-11,4132.240234375,4132.7998046875,4109.2900390625,4130.6201171875,4130.6201171875,3752900000,False,False,-0.0016980648897067581,False
2023-05-12,4138.5400390625,4143.740234375,4099.1201171875,4124.080078125,4124.080078125,3533740000,False,False,-0.0015845615894390477,False
2023-05-15,4126.64990234375,4141.25,4110.27001953125,4136.27978515625,4136.27978515625,3562170000,False,False,0.002953797680316935,False
2023-05-16,4127.9501953125,4135.5400390625,4109.85986328125,4109.89990234375,4109.89990234375,3654200000,False,False,-0.006398107681917463,False
2023-05-17,4122.85009765625,4164.669921875,4113.6201171875,4158.77001953125,4158.77001953125,4039080000,False,False,0.011820688622071574,False
2023-05-18,4157.68017578125,4202.2001953125,4153.5,4198.0498046875,4198.0498046875,3980500000,False,False,0.009400723063727155,False
2023-05-19,4204.14990234375,4212.91015625,4180.2001953125,4191.97998046875,4191.97998046875,4041900000,False,False,-0.0014469138806754414,False
2023-05-22,4190.77978515625,4209.22021484375,4179.68017578125,4192.6298828125,4192.6298828125,3728520000,False,False,0.00015502267980239146,False
2023-05-23,4176.7998046875,4185.68017578125,4142.5400390625,4145.580078125,4145.580078125,4155320000,False,False,-0.011285468768284297,False
2023-05-24,4132.9599609375,4132.9599609375,4103.97998046875,4115.240234375,4115.240234375,0,False,True,-0.007345512678305211,False
2023-05-25,4155.7099609375,4165.740234375,4129.72998046875,4151.27978515625,4151.27978515625,4147760000,False,False,0.008719456079011883,False
2023-05-26,4156.16015625,4212.8701171875,4156.16015625,4205.4501953125,4205.4501953125,3715460000,False,False,0.012964680931640788,False
2023-05-30,4226.7099609375,4231.10009765625,4192.18017578125,4205.52001953125,4205.52001953125,4228510000,False,False,1.660313066576836e-05,False
2023-05-31,4190.740234375,4195.43994140625,4166.14990234375,4179.830078125,4179.830078125,5980670000,False,False,-0.006127358186214099,False
2023-06-01,4183.02978515625,4232.43017578125,4171.64013671875,4221.02001953125,4221.02001953125,4391860000,False,False,0.009806215085853812,False
2023-06-02,4241.009765625,4290.669921875,4241.009765625,4282.3701171875,4282.3701171875,4454200000,False,False,0.014429812390107408,False
2023-06-05,4282.990234375,4299.27978515625,4266.81982421875,4273.7900390625,4273.7900390625,3813290000,False,False,-0.002005591490657713,False
2023-06-06,4271.33984375,4288.330078125,4263.08984375,4283.85009765625,4283.85009765625,3996560000,False,False,0.002351130233850576,False
2023-06-07,4285.47021484375,4299.18994140625,4263.9599609375,4267.52001953125,4267.52001953125,4537800000,False,False,-0.003819293926420617,False
2023-06-08,4268.68994140625,4298.009765625,4261.06982421875,4293.93017578125,4293.93017578125,3826740000,False,False,0.00616957160752325,False
2023-06-09,4304.8798828125,4322.6201171875,4291.7001953125,4298.85986328125,4298.85986328125,3786510000,False,False,0.0011474010230505239,False
2023-06-12,4308.31982421875,4340.1298828125,4304.3701171875,4338.93017578125,4338.93017578125,3945670000,False,False,0.00927797498175416,False
2023-06-13,4352.60986328125,4375.3701171875,4349.31005859375,4369.009765625,4369.009765625,4275400000,False,False,0.006908570725908898,False
2023-06-14,4366.2900390625,4391.81982421875,4337.85009765625,4372.58984375,4372.58984375,4252110000,False,False,0.0008190899801265841,False
2023-06-15,4365.330078125,4439.2001953125,4362.60009765625,4425.83984375,4425.83984375,4176690000,False,False,0.012104580493589997,False
2023-06-16,4440.9501953125,4448.47021484375,4407.43994140625,4409.58984375,4409.58984375,6848600000,False,False,-0.0036783764677510893,False
2023-06-20,4396.10986328125,4400.14990234375,4367.18994140625,4388.7099609375,4388.7099609375,4055790000,False,False,-0.004746353835236048,False
2023-06-21,4380.009765625,4386.22021484375,4360.14013671875,4365.68994140625,4365.68994140625,3709330000,False,False,-0.005259086366925201,False
2023-06-22,4355.39990234375,4382.25,4351.81982421875,4381.89013671875,4381.89013671875,3511000000,False,False,0.0037039303873345254,False
2023-06-23,4354.169921875,4366.5498046875,4341.33984375,4348.330078125,4348.330078125,6053620000,False,False,-0.007688288056502158,False
2023-06-26,4344.83984375,4362.06005859375,4328.080078125,4328.81982421875,4328.81982421875,3415030000,False,False,-0.004496934363132171,False
2023-06-27,4337.35986328125,4384.419921875,4335.0,4378.41015625,4378.41015625,3573500000,False,False,0.01139073352418076,False
2023-06-28,4367.47998046875,4390.35009765625,4360.22021484375,4376.85986328125,4376.85986328125,3739330000,False,False,-0.0003541393883898215,False
2023-06-29,4374.93994140625,4398.39013671875,4371.97021484375,4396.43994140625,4396.43994140625,3696660000,False,False,0.00446356811449,False
2023-06-30,4422.43994140625,4458.47998046875,4422.43994140625,4450.3798828125,4450.3798828125,3923450000,False,False,0.0121943502618858,False
2023-07-03,4450.47998046875,4456.4599609375,4442.2900390625,4455.58984375,4455.58984375,2034280000,False,False,0.0011699930926736418,False
2023-07-05,4442.0400390625,4454.06005859375,4436.60986328125,4446.81982421875,4446.81982421875,3482620000,False,False,-0.0019702580976127164,False
2023-07-06,4422.6201171875,4422.6201171875,4385.0498046875,4411.58984375,4411.58984375,3682020000,False,False,-0.007954061175894762,False
2023-07-07,4404.5400390625,4440.39013671875,4397.39990234375,4398.9501953125,4398.9501953125,3630480000,False,False,-0.002869212795733482,False
2023-07-10,4394.22998046875,4412.60009765625,4389.919921875,4409.52978515625,4409.52978515625,3429600000,False,False,0.002402138610626312,False
2023-07-11,4415.5498046875,4443.64013671875,4408.4599609375,4439.259765625,4439.259765625,3624220000,False,False,0.006719583998254874,False
2023-07-12,4467.68994140625,4488.33984375,4463.22998046875,4472.16015625,4472.16015625,3920290000,False,False,0.007383905235389679,False
2023-07-13,4491.5,4517.3798828125,4489.35986328125,4510.0400390625,4510.0400390625,3839530000,False,False,0.008434482989627111,False
2023-07-14,4514.60986328125,4527.759765625,4499.56005859375,4505.419921875,4505.419921875,3647450000,False,False,-0.001024932196907484,False
2023-07-17,4508.85986328125,4532.85009765625,4504.89990234375,4522.7900390625,4522.7900390625,3538240000,False,False,0.0038479695744204137,False
2023-07-18,4521.77978515625,4562.2998046875,4514.58984375,4554.97998046875,4554.97998046875,4090010000,False,False,0.007092066941428338,False
2023-07-19,4563.8701171875,4578.43017578125,4557.47998046875,4565.72021484375,4565.72021484375,4115670000,False,False,0.002355134827233639,False
2023-07-20,4554.3798828125,4564.740234375,4527.56005859375,4534.8701171875,4534.8701171875,3761770000,False,False,-0.006779827396257691,False
2023-07-21,4550.16015625,4555.0,4535.7900390625,4536.33984375,4536.33984375,3570190000,False,False,0.0003240420146130911,False
2023-07-24,4543.39013671875,4563.41015625,4541.2900390625,4554.64013671875,4554.64013671875,3856250000,False,False,0.004026038496874852,False
2023-07-25,4555.18994140625,4580.6201171875,4552.419921875,4567.4599609375,4567.4599609375,3812470000,False,False,0.0028107195758387046,False
2023-07-26,4558.9599609375,4582.47021484375,4547.580078125,4566.75,4566.75,3990290000,False,False,-0.00015545097867591856,False
2023-07-27,4598.259765625,4607.06982421875,4528.56005859375,4537.41015625,4537.41015625,4553210000,False,False,-0.006445393055197076,False
2023-07-28,4565.75,4590.16015625,4564.009765625,4582.22998046875,4582.22998046875,3981010000,False,False,0.009829375810433848,False
2023-07-31,4584.81982421875,4594.22021484375,4573.14013671875,4588.9599609375,4588.9599609375,4503600000,False,False,0.0014676354365687912,False
2023-08-01,4578.830078125,4584.6201171875,4567.52978515625,4576.72998046875,4576.72998046875,4042370000,False,False,-0.0026686453076827116,False
2023-08-02,4550.93017578125,4550.93017578125,4505.75,4513.39013671875,4513.39013671875,4270710000,False,False,-0.013936200638336184,False
2023-08-03,4494.27001953125,4519.490234375,4485.5400390625,4501.89013671875,4501.89013671875,4149120000,False,False,-0.0025512254502915274,False
2023-08-04,4513.9599609375,4540.33984375,4474.5498046875,4478.02978515625,4478.02978515625,4143310000,False,False,-0.0053141693739379705,False
2023-08-07,4491.580078125,4519.83984375,4491.14990234375,4518.43994140625,4518.43994140625,3493920000,False,False,0.008983618964856572,False
2023-08-08,4498.02978515625,4503.31005859375,4464.39013671875,4499.3798828125,4499.3798828125,3884910000,False,False,-0.004227205100058866,False
2023-08-09,4501.56982421875,4502.43994140625,4461.330078125,4467.7099609375,4467.7099609375,3803100000,False,False,-0.007063619102045116,False
2023-08-10,4487.16015625,4527.3701171875,4457.919921875,4468.830078125,4468.830078125,4504370000,False,False,0.00025068252108086326,False
2023-08-11,4450.68994140625,4476.22998046875,4443.97998046875,4464.0498046875,4464.0498046875,3753290000,False,False,-0.0010702648992294865,False
2023-08-14,4458.1298828125,4490.330078125,4453.43994140625,4489.72021484375,4489.72021484375,3896410000,False,False,0.005734004879419051,False
2023-08-15,4478.8701171875,4478.8701171875,4432.18994140625,4437.85986328125,4437.85986328125,3832250000,False,False,-0.011618139396096483,False
2023-08-16,4433.7900390625,4449.9501953125,4403.5498046875,4404.330078125,4404.330078125,3753910000,False,False,-0.007584081792624527,False
2023-08-17,4416.31982421875,4421.169921875,4364.830078125,4370.35986328125,4370.35986328125,3943700000,False,False,-0.0077428113775290805,False
2023-08-18,4344.8798828125,4381.81982421875,4335.31005859375,4369.7099609375,4369.7099609375,3940400000,False,False,-0.00014871788395720285,False
2023-08-21,4380.27978515625,4407.5498046875,4360.2998046875,4399.77001953125,4399.77001953125,3726850000,False,False,0.006855634859799785,False
2023-08-22,4415.330078125,4418.58984375,4382.77001953125,4387.5498046875,4387.5498046875,3522760000,False,False,-0.0027813310465456837,False
2023-08-23,4396.43994140625,4443.18017578125,4396.43994140625,4436.009765625,4436.009765625,3837270000,False,False,0.010984330710791359,False
2023-08-24,4455.16015625,4458.2998046875,4375.5498046875,4376.31005859375,4376.31005859375,3723470000,False,False,-0.01354935398400801,False
2023-08-25,4389.3798828125,4418.4599609375,4356.2900390625,4405.7099609375,4405.7099609375,3296180000,False,False,0.006695501060295156,False
2023-08-28,4426.02978515625,4439.56005859375,4414.97998046875,4433.31005859375,4433.31005859375,2957230000,False,False,0.006245078594196461,False
2023-08-29,4432.75,4500.14013671875,4431.68017578125,4497.6298828125,4497.6298828125,3354820000,False,False,0.014404068712056505,False
2023-08-30,4500.33984375,4521.64990234375,4493.58984375,4514.8701171875,4514.8701171875,3064110000,False,False,0.003825854181192944,False
2023-08-31,4517.009765625,4532.259765625,4507.39013671875,4507.66015625,4507.66015625,3946360000,False,False,-0.0015982129743398576,False
2023-09-01,4530.60009765625,4541.25,4501.35009765625,4515.77001953125,4515.77001953125,3246260000,False,False,0.001797512765518541,False
2023-09-05,4510.06005859375,4514.2900390625,4496.009765625,4496.830078125,4496.830078125,3526250000,False,False,-0.004202997821381205,False
2023-09-06,4490.35009765625,4490.35009765625,4442.3798828125,4465.47998046875,4465.47998046875,3418850000,False,False,-0.006996014491432261,False
2023-09-07,4434.5498046875,4457.81005859375,4430.4599609375,4451.14013671875,4451.14013671875,3763760000,False,False,-0.003216433115732967,False
2023-09-08,4451.2998046875,4473.52978515625,4448.3798828125,4457.490234375,4457.490234375,3259290000,False,False,0.0014256060622570594,False
2023-09-11,4480.97998046875,4490.77001953125,4467.89013671875,4487.4599609375,4487.4599609375,3369920000,False,False,0.006700951498135517,False
2023-09-12,4473.27001953125,4487.10986328125,4456.830078125,4461.89990234375,4461.89990234375,3435740000,False,False,-0.005712169023003997,False
2023-09-13,4462.64990234375,4479.39013671875,4453.52001953125,4467.43994140625,4467.43994140625,3529430000,False,False,0.0012408621175346041,False
2023-09-14,4487.77978515625,4511.990234375,4478.68994140625,4505.10009765625,4505.10009765625,3648720000,False,False,0.00839458553366625,False
2023-09-15,4497.97998046875,4497.97998046875,4447.2099609375,4450.31982421875,4450.31982421875,6932230000,False,False,-0.012234145842493929,False
2023-09-18,4445.1298828125,4466.35986328125,4442.10986328125,4453.52978515625,4453.52978515625,3161230000,False,False,0.0007210276941755188,False
2023-09-19,4445.41015625,4449.85009765625,4416.60986328125,4443.9501953125,4443.9501953125,3614880000,False,False,-0.0021533273615331264,False
2023-09-20,4452.81005859375,4461.02978515625,4401.3798828125,4402.2001953125,4402.2001953125,3308450000,False,False,-0.009439204206291041,False
2023-09-21,4374.35986328125,4375.7001953125,4329.169921875,4330.0,4330.0,3662340000,False,False,-0.016536918318488084,False
2023-09-22,4341.740234375,4357.39990234375,4316.490234375,4320.06005859375,4320.06005859375,3349570000,False,False,-0.0022982374027607495,False
2023-09-25,4310.6201171875,4338.509765625,4302.7001953125,4337.43994140625,4337.43994140625,3195650000,False,False,0.0040149942038066174,False
2023-09-26,4312.8798828125,4313.009765625,4265.97998046875,4273.52978515625,4273.52978515625,3472340000,False,False,-0.014844165482264943,False
2023-09-27,4282.6298828125,4292.06982421875,4238.6298828125,4274.509765625,4274.509765625,3875880000,False,False,0.00022928777229479233,False
2023-09-28,4269.64990234375,4317.27001953125,4264.3798828125,4299.7001953125,4299.7001953125,3846230000,False,False,0.005875877143000698,False
2023-09-29,4328.18017578125,4333.14990234375,4274.85986328125,4288.0498046875,4288.0498046875,3865960000,False,False,-0.002713259648289315,False
2023-10-02,4284.52001953125,4300.580078125,4260.2099609375,4288.39013671875,4288.39013671875,3938660000,False,False,7.936440615299324e-05,False
2023-10-03,4269.75,4281.14990234375,4216.4501953125,4229.4501953125,4229.4501953125,3953830000,False,False,-0.013839395863449198,False
2023-10-04,4233.830078125,4268.5,4220.47998046875,4263.75,4263.75,3777600000,False,False,0.008077047607828946,False
2023-10-05,4259.31005859375,4267.1298828125,4225.91015625,4258.18994140625,4258.18994140625,3581470000,False,False,-0.0013048811469951228,False
2023-10-06,4234.7900390625,4324.10009765625,4219.5498046875,4308.5,4308.5,3902030000,False,False,0.011745642093961117,False
2023-10-09,4289.02001953125,4341.72998046875,4283.7900390625,4335.66015625,4335.66015625,3174630000,False,False,0.006284068119387409,False
2023-10-10,4339.75,4385.4599609375,4339.64013671875,4358.240234375,4358.240234375,3520240000,False,False,0.005194476099985354,False
2023-10-11,4366.58984375,4378.64013671875,4345.33984375,4376.9501953125,4376.9501953125,3601660000,False,False,0.004283819500095073,False
2023-10-12,4380.93994140625,4385.85009765625,4325.43017578125,4349.60986328125,4349.60986328125,3713140000,False,False,-0.006266024940654918,False
2023-10-13,4360.490234375,4377.10009765625,4311.97021484375,4327.77978515625,4327.77978515625,3566560000,False,False,-0.005031495660219892,False
2023-10-16,4342.3701171875,4383.330078125,4342.3701171875,4373.6298828125,4373.6298828125,3409960000,False,False,0.010538642302589985,False
2023-10-17,4345.22998046875,4393.56982421875,4337.5400390625,4373.2001953125,4373.2001953125,3794850000,False,False,-9.824987944376507e-05,False
2023-10-18,4357.35009765625,4364.2001953125,4303.83984375,4314.60009765625,4314.60009765625,3686030000,False,False,-0.013490408251151898,False
2023-10-19,4321.35986328125,4339.5400390625,4269.68994140625,4278.0,4278.0,3969730000,False,False,-0.008519032328057976,False
2023-10-20,4273.85009765625,4276.56005859375,4223.02978515625,4224.16015625,4224.16015625,4004030000,False,False,-0.012665149196155915,False
2023-10-23,4210.39990234375,4255.83984375,4189.22021484375,4217.0400390625,4217.0400390625,3776100000,False,False,-0.0016869920654349177,False
2023-10-24,4235.7900390625,4259.3798828125,4219.43017578125,4247.68017578125,4247.68017578125,3821820000,False,False,0.0072395235196288195,False
2023-10-25,4232.419921875,4232.419921875,4181.419921875,4186.77001953125,4186.77001953125,3869370000,False,False,-0.014443434657238052,False
2023-10-26,4175.990234375,4183.60009765625,4127.89990234375,4137.22998046875,4137.22998046875,4277640000,False,False,-0.011903081205584871,False
2023-10-27,4152.93017578125,4156.7001953125,4103.77978515625,4117.3701171875,4117.3701171875,4019500000,False,False,-0.00481183857862075,False
2023-10-30,4139.39013671875,4177.47021484375,4132.93994140625,4166.81982421875,4166.81982421875,3911140000,False,False,0.011938474300285915,False
2023-10-31,4171.330078125,4195.5498046875,4153.1201171875,4193.7998046875,4193.7998046875,4249470000,False,False,0.006454084821688244,False
2023-11-01,4201.27001953125,4245.64013671875,4197.740234375,4237.85986328125,4237.85986328125,4224900000,False,False,0.010451194990191868,False
2023-11-02,4268.259765625,4319.72021484375,4268.259765625,4317.77978515625,4317.77978515625,4669780000,False,False,0.018682938934086474,False
2023-11-03,4334.22998046875,4373.6201171875,4334.22998046875,4358.33984375,4358.33984375,4570960000,False,False,0.00934988354455146,False
2023-11-06,4364.27001953125,4372.2099609375,4347.52978515625,4365.97998046875,4365.97998046875,3656340000,False,False,0.0017514577241005862,False
2023-11-07,4366.2099609375,4386.259765625,4355.41015625,4378.3798828125,4378.3798828125,3791230000,False,False,0.0028360934017119537,False
2023-11-08,4384.3701171875,4391.2001953125,4359.759765625,4382.77978515625,4382.77978515625,3729510000,False,False,0.0010044110324198868,False
2023-11-09,4391.41015625,4393.39990234375,4343.93994140625,4347.35009765625,4347.35009765625,3900780000,False,False,-0.008116690699068705,False
2023-11-10,4364.14990234375,4418.02978515625,4353.33984375,4415.240234375,4415.240234375,3665080000,False,False,0.015495759270772258,False
2023-11-13,4406.66015625,4421.759765625,4393.81982421875,4411.5498046875,4411.5498046875,3326240000,False,False,-0.0008361884413700847,False
2023-11-14,4458.97021484375,4508.669921875,4458.97021484375,4495.7001953125,4495.7001953125,4700350000,False,False,0.01889537047457725,False
2023-11-15,4505.2998046875,4521.169921875,4495.31005859375,4502.8798828125,4502.8798828125,4347170000,False,False,0.0015957382078471765,False
2023-11-16,4497.080078125,4511.990234375,4487.830078125,4508.240234375,4508.240234375,3964520000,False,False,0.0011897193967137305,False
2023-11-17,4509.5498046875,4520.1201171875,4499.66015625,4514.02001953125,4514.02001953125,3777240000,False,False,0.0012812279371779871,False
2023-11-20,4511.7001953125,4557.10986328125,4510.35986328125,4547.3798828125,4547.3798828125,3644790000,False,False,0.007363103793795633,False
2023-11-21,4538.77001953125,4542.14013671875,4525.509765625,4538.18994140625,4538.18994140625,3511080000,False,False,-0.002022975931757968,False
2023-11-22,4553.0400390625,4568.43017578125,4545.0498046875,4556.6201171875,4556.6201171875,3042810000,False,False,0.004052905094313324,False
2023-11-24,4555.83984375,4560.31005859375,4552.7998046875,4559.33984375,4559.33984375,1639500000,False,False,0.0005966956096450322,False
2023-11-27,4554.85986328125,4560.52001953125,4546.31982421875,4550.43017578125,4550.43017578125,3403990000,False,False,-0.0019560693168983586,False
2023-11-28,4545.5498046875,4568.14013671875,4540.509765625,4554.89013671875,4554.89013671875,3586240000,False,False,0.0009796385280502918,False
2023-11-29,4571.83984375,4587.64013671875,4547.14990234375,4550.580078125,4550.580078125,4418760000,False,False,-0.0009466966151019382,False
2023-11-30,4554.8701171875,4569.89013671875,4537.240234375,4567.7998046875,4567.7998046875,5399300000,False,False,0.003776931264994605,False
2023-12-01,4559.43017578125,4599.39013671875,4554.7099609375,4594.6298828125,4594.6298828125,4397120000,False,False,0.005856558953846637,False
2023-12-04,4564.3701171875,4572.3701171875,4546.72021484375,4569.77978515625,4569.77978515625,4369910000,False,False,-0.005423188063826943,False
2023-12-05,4557.25,4578.56005859375,4551.68017578125,4567.18017578125,4567.18017578125,3909950000,False,False,-0.0005690315939348026,False
2023-12-06,4586.22998046875,4590.740234375,4546.5,4549.33984375,4549.33984375,4245680000,False,False,-0.003913851944943747,False
2023-12-07,4568.83984375,4590.919921875,4565.22021484375,4585.58984375,4585.58984375,3818880000,False,False,0.007936610684821922,False
2023-12-08,4576.2001953125,4609.22998046875,4574.06005859375,4604.3701171875,4604.3701171875,3707010000,False,False,0.0040871341465037936,False
2023-12-11,4593.39013671875,4623.7099609375,4593.39013671875,4622.43994140625,4622.43994140625,3823210000,False,False,0.003916813547781492,False
2023-12-12,4618.2998046875,4643.93017578125,4608.08984375,4643.7001953125,4643.7001953125,3808380000,False,False,0.0045888127956924,False
2023-12-13,4646.2001953125,4709.68994140625,4643.22998046875,4707.08984375,4707.08984375,5063650000,False,False,0.01355834517501981,False
2023-12-14,4721.0400390625,4738.56982421875,4694.33984375,4719.5498046875,4719.5498046875,6314040000,False,False,0.002643565185154432,False
2023-12-15,4714.22998046875,4725.52978515625,4704.68994140625,4719.18994140625,4719.18994140625,8218980000,False,False,-7.625240044859478e-05,False
2023-12-18,4725.580078125,4749.52001953125,4725.580078125,4740.56005859375,4740.56005859375,4060340000,False,False,0.004518122263400515,False
2023-12-19,4743.72021484375,4768.68994140625,4743.72021484375,4768.3701171875,4768.3701171875,4026970000,False,False,0.005849267450818904,False
2023-12-20,4764.72998046875,4778.009765625,4697.81982421875,4698.35009765625,4698.35009765625,4201320000,False,False,-0.014793147965305628,False
2023-12-21,4724.2900390625,4748.7099609375,4708.35009765625,4746.75,4746.75,3431180000,False,False,0.010248769307271876,False
2023-12-22,4753.919921875,4772.93994140625,4736.77001953125,4754.6298828125,4754.6298828125,3046770000,False,False,0.0016586821527610754,False
2023-12-26,4758.85986328125,4784.72021484375,4758.4501953125,4774.75,4774.75,2513910000,False,False,0.004222761046978559,False
2023-12-27,4773.4501953125,4785.39013671875,4768.89990234375,4781.580078125,4781.580078125,2748450000,False,False,0.0014294356164229985,False
2023-12-28,4786.43994140625,4793.2998046875,4780.97998046875,4783.35009765625,4783.35009765625,2698860000,False,False,0.0003701061103271183,False
2023-12-29,4782.8798828125,4788.43017578125,4751.990234375,4769.830078125,4769.830078125,3126060000,False,False,-0.0028304770367338357,False
2024-01-02,4745.2001953125,4754.330078125,4722.669921875,4742.830078125,4742.830078125,3743050000,False,False,-0.005676660799723162,False
2024-01-03,4725.06982421875,4729.2900390625,4699.7099609375,4704.81005859375,4704.81005859375,3950760000,False,False,-0.008048618327197648,False
2024-01-04,4697.419921875,4726.77978515625,4687.52978515625,4688.68017578125,4688.68017578125,3715480000,False,False,-0.003434271663317429,False
2024-01-05,4690.56982421875,4721.490234375,4682.10986328125,4697.240234375,4697.240234375,3844370000,False,False,0.0018240216394339805,False
2024-01-08,4703.7001953125,4764.5400390625,4699.81982421875,4763.5400390625,4763.5400390625,3742320000,False,False,0.014015945436353141,False
2024-01-09,4741.93017578125,4765.47021484375,4730.35009765625,4756.5,4756.5,3529960000,False,False,-0.0014789938523175842,False
2024-01-10,4759.93994140625,4790.7998046875,4756.2001953125,4783.4501953125,4783.4501953125,3498680000,False,False,0.005649980650495912,False
2024-01-11,4792.1298828125,4798.5,4739.580078125,4780.240234375,4780.240234375,3759890000,False,False,-0.0006712808369611647,False
2024-01-12,4791.18017578125,4802.39990234375,4768.97998046875,4783.830078125,4783.830078125,3486340000,False,False,0.0007506937530339595,False
2024-01-16,4772.35009765625,4782.33984375,4747.1201171875,4765.97998046875,4765.97998046875,4260550000,False,False,-0.0037383190523568345,False
2024-01-17,4739.1298828125,4744.22998046875,4714.81982421875,4739.2099609375,4739.2099609375,3928600000,False,False,-0.005632731271107821,False
2024-01-18,4760.10009765625,4785.7900390625,4740.56982421875,4780.93994140625,4780.93994140625,4019000000,False,False,0.008766720726243148,False
2024-01-19,4796.27978515625,4842.06982421875,4785.8701171875,4839.81005859375,4839.81005859375,4287200000,False,False,0.012238308232548512,False
2024-01-22,4853.419921875,4868.41015625,4844.0498046875,4850.43017578125,4850.43017578125,4297610000,False,False,0.0021919211872316853,False
2024-01-23,4856.7998046875,4866.47998046875,4844.3701171875,4864.60009765625,4864.60009765625,3912800000,False,False,0.002917115340764486,False
2024-01-24,4888.56005859375,4903.68017578125,4865.93994140625,4868.5498046875,4868.5498046875,4330030000,False,False,0.0008115989762168653,False
2024-01-25,4886.66015625,4898.14990234375,4869.33984375,4894.16015625,4894.16015625,4020430000,False,False,0.00524657813497798,False
2024-01-26,4888.91015625,4906.68994140625,4881.47021484375,4890.97021484375,4890.97021484375,3353400000,False,False,-0.0006519977554263648,False
2024-01-29,4892.9501953125,4929.31005859375,4887.39990234375,4927.93017578125,4927.93017578125,3525160000,False,False,0.007528365505246204,False
2024-01-30,4925.89013671875,4931.08984375,4916.27001953125,4924.97021484375,4924.97021484375,3836130000,False,False,-0.0006008303969786162,False
2024-01-31,4899.18994140625,4906.75,4845.14990234375,4845.64990234375,4845.64990234375,4696120000,False,False,-0.016236851740733683,False
2024-02-01,4861.10986328125,4906.97021484375,4853.52001953125,4906.18994140625,4906.18994140625,4386090000,False,False,0.012416286114049784,False
2024-02-02,4916.06005859375,4975.2900390625,4907.990234375,4958.60986328125,4958.60986328125,3974350000,False,False,0.01062777072263312,False
2024-02-05,4957.18994140625,4957.18994140625,4918.08984375,4942.81005859375,4942.81005859375,4023640000,False,False,-0.0031914247092839714,False
2024-02-06,4950.16015625,4957.77001953125,4934.8798828125,4954.22998046875,4954.22998046875,4440880000,False,False,0.0023077459317481074,False
2024-02-07,4973.0498046875,4999.89013671875,4969.0498046875,4995.06005859375,4995.06005859375,4895590000,False,False,0.008207682594008628,False
2024-02-08,4995.16015625,5000.39990234375,4987.08984375,4997.91015625,4997.91015625,4341860000,False,False,0.000570420540090595,False
2024-02-09,5004.169921875,5030.06005859375,5000.33984375,5026.60986328125,5026.60986328125,3912990000,False,False,0.0057259171287955156,False
2024-02-12,5026.830078125,5048.39013671875,5016.830078125,5021.83984375,5021.83984375,3805740000,False,False,-0.0009494041426524416,False
2024-02-13,4967.93994140625,4971.2998046875,4920.31005859375,4953.169921875,4953.169921875,4302190000,False,False,-0.013768609419845444,False
2024-02-14,4976.43994140625,5002.52001953125,4956.4501953125,5000.6201171875,5000.6201171875,3845600000,False,False,0.009534168304216807,False
2024-02-15,5003.14013671875,5032.72021484375,4999.43994140625,5029.72998046875,5029.72998046875,4137970000,False,False,0.00580437267404004,False
2024-02-16,5031.1298828125,5038.7001953125,4999.52001953125,5005.56982421875,5005.56982421875,3833270000,False,False,-0.0048150435759610425,False
2024-02-20,4989.31982421875,4993.7099609375,4955.02001953125,4975.509765625,4975.509765625,4034880000,False,False,-0.0060234264658172495,False
2024-02-21,4963.02978515625,4983.2099609375,4946.0,4981.7998046875,4981.7998046875,3788390000,False,False,0.0012634014951035982,False
2024-02-22,5038.830078125,5094.39013671875,5038.830078125,5087.02978515625,5087.02978515625,4051710000,False,False,0.02090288866640342,False
2024-02-23,5100.919921875,5111.06005859375,5081.4599609375,5088.7998046875,5088.7998046875,3672790000,False,False,0.000347887026502183,False
2024-02-26,5093.0,5097.66015625,5068.91015625,5069.52978515625,5069.52978515625,3683930000,False,False,-0.003793939244668484,False
2024-02-27,5074.60009765625,5080.68994140625,5057.2900390625,5078.18017578125,5078.18017578125,3925950000,False,False,0.001704895538720964,False
2024-02-28,5067.2001953125,5077.3701171875,5058.35009765625,5069.759765625,5069.759765625,3789370000,False,False,-0.001659531321112244,False
2024-02-29,5085.35986328125,5104.990234375,5061.89013671875,5096.27001953125,5096.27001953125,5219740000,False,False,0.0052154704557999644,False
2024-03-01,5098.509765625,5140.330078125,5094.16015625,5137.080078125,5137.080078125,4748110000,False,False,0.007975936433387976,False
2024-03-04,5130.990234375,5149.669921875,5127.18017578125,5130.9501953125,5130.9501953125,4758440000,False,False,-0.0011939745749630112,False
2024-03-05,5110.52001953125,5114.5400390625,5056.81982421875,5078.64990234375,5078.64990234375,4418410000,False,False,-0.010245406275917994,False
2024-03-06,5108.02978515625,5127.97021484375,5092.22021484375,5104.759765625,5104.759765625,4559050000,False,False,0.005127932853001643,False
2024-03-07,5132.3798828125,5165.6201171875,5128.2099609375,5157.35986328125,5157.35986328125,4137980000,False,False,0.010251402284983627,False
2024-03-08,5164.4599609375,5189.259765625,5117.5,5123.68994140625,5123.68994140625,4208870000,False,False,-0.006549922992050337,False
2024-03-11,5111.9599609375,5124.66015625,5091.14013671875,5117.93994140625,5117.93994140625,3896430000,False,False,-0.0011228682680281005,False
2024-03-12,5134.2998046875,5179.8701171875,5114.47998046875,5175.27001953125,5175.27001953125,4080510000,False,False,0.011139512586668012,False
2024-03-13,5173.490234375,5179.14013671875,5151.8798828125,5165.31005859375,5165.31005859375,4282890000,False,False,-0.0019263840021219723,False
2024-03-14,5175.14013671875,5176.85009765625,5123.2998046875,5150.47998046875,5150.47998046875,4687970000,False,False,-0.002875221051495188,False
2024-03-15,5123.31005859375,5136.85986328125,5104.35009765625,5117.08984375,5117.08984375,7753670000,False,False,-0.0065040228597376655,False
2024-03-18,5154.77001953125,5175.60009765625,5145.47021484375,5149.419921875,5149.419921875,4036220000,False,False,0.006298184238480456,False
2024-03-19,5139.08984375,5180.31005859375,5131.58984375,5178.509765625,5178.509765625,4031760000,False,False,0.00563325304434312,False
2024-03-20,5181.68994140625,5226.18994140625,5171.5498046875,5224.6201171875,5224.6201171875,4064850000,False,False,0.008864765516360184,False
2024-03-21,5253.43017578125,5261.10009765625,5240.66015625,5241.52978515625,5241.52978515625,4207730000,False,False,0.003231309094528888,False
2024-03-22,5242.47998046875,5246.08984375,5229.8701171875,5234.18017578125,5234.18017578125,3374700000,False,False,-0.0014031718343267125,False
2024-03-25,5219.52001953125,5229.08984375,5216.08984375,5218.18994140625,5218.18994140625,3331360000,False,False,-0.0030596403820319297,False
2024-03-26,5228.85009765625,5235.16015625,5203.419921875,5203.580078125,5203.580078125,3871790000,False,False,-0.002803721982805726,False
2024-03-27,5226.31005859375,5249.259765625,5213.919921875,5248.490234375,5248.490234375,3850500000,False,False,0.008593595582706042,False
2024-03-28,5248.02978515625,5264.85009765625,5245.81982421875,5254.35009765625,5254.35009765625,3998270000,False,False,0.0011158627007616052,False
2024-04-01,5257.97021484375,5263.9501953125,5229.2001953125,5243.77001953125,5243.77001953125,3325930000,False,False,-0.0020156145269577246,False
2024-04-02,5204.2900390625,5208.33984375,5184.0498046875,5205.81005859375,5205.81005859375,3886590000,False,False,-0.007265388203672426,False
2024-04-03,5194.3701171875,5228.75,5194.3701171875,5211.490234375,5211.490234375,3703250000,False,False,0.001090527523337898,False
2024-04-04,5244.0498046875,5256.58984375,5146.06005859375,5147.2099609375,5147.2099609375,4075680000,False,False,-0.01241103561926225,False
2024-04-05,5158.9501953125,5222.18017578125,5157.2099609375,5204.33984375,5204.33984375,3386780000,False,False,0.011038050135699558,False
2024-04-08,5211.3701171875,5219.56982421875,5197.35009765625,5202.39013671875,5202.39013671875,3278180000,False,False,-0.0003747011900415767,False
2024-04-09,5217.02978515625,5224.81005859375,5160.77978515625,5209.91015625,5209.91015625,3400680000,False,False,0.0014444494736345207,False
2024-04-10,5167.8798828125,5178.43017578125,5138.7001953125,5160.64013671875,5160.64013671875,3845930000,False,False,-0.009501981832212592,False
2024-04-11,5172.9501953125,5211.77978515625,5138.77001953125,5199.06005859375,5199.06005859375,3509380000,False,False,0.007417221983342437,False
2024-04-12,5171.509765625,5175.02978515625,5107.93994140625,5123.41015625,5123.41015625,3963220000,False,False,-0.014657587802248536,False
2024-04-15,5149.669921875,5168.43017578125,5052.47021484375,5061.81982421875,5061.81982421875,3950210000,False,False,-0.012094195787459195,False
2024-04-16,5064.58984375,5079.83984375,5039.830078125,5051.41015625,5051.41015625,4006200000,False,False,-0.0020586245275039964,False
2024-04-17,5068.97021484375,5077.9599609375,5007.25,5022.2099609375,5022.2099609375,3596130000,False,False,-0.005797375076004185,False
2024-04-18,5031.52001953125,5056.66015625,5001.89013671875,5011.1201171875,5011.1201171875,3619760000,False,False,-0.0022106017004853043,False
2024-04-19,5005.43994140625,5019.02001953125,4953.56005859375,4967.22998046875,4967.22998046875,3878750000,False,False,-0.008797129654056974,False
2024-04-22,4987.330078125,5038.83984375,4969.39990234375,5010.60009765625,5010.60009765625,3820250000,False,False,0.00869335115683908,False
2024-04-23,5028.85009765625,5076.1201171875,5027.9599609375,5070.5498046875,5070.5498046875,3751400000,False,False,0.01189356656772209,False
2024-04-24,5084.85986328125,5089.47998046875,5047.02001953125,5071.6298828125,5071.6298828125,3656740000,False,False,0.00021298737793290078,False
2024-04-25,5019.8798828125,5057.75,4990.580078125,5048.419921875,5048.419921875,3958050000,False,False,-0.0045869342701194095,False
2024-04-26,5084.64990234375,5114.6201171875,5073.14013671875,5099.9599609375,5099.9599609375,3604140000,False,False,0.010157381332325343,False
2024-04-29,5114.1298828125,5123.490234375,5088.64990234375,5116.169921875,5116.169921875,3447450000,False,False,0.0031734080766393944,False
2024-04-30,5103.77978515625,5110.830078125,5035.31005859375,5035.68994140625,5035.68994140625,4082470000,False,False,-0.015855551118928123,False
2024-05-01,5029.02978515625,5096.1201171875,5013.4501953125,5018.39013671875,5018.39013671875,4544170000,False,False,-0.0034413534856316866,False
2024-05-02,5049.31982421875,5073.2099609375,5011.0498046875,5064.2001953125,5064.2001953125,4381660000,False,False,0.009087024725084856,False
2024-05-03,5122.77978515625,5139.1201171875,5101.22021484375,5127.7900390625,5127.7900390625,3924990000,False,False,0.012478557659508005,False
2024-05-06,5142.419921875,5181.0,5142.419921875,5180.740234375,5180.740234375,3683250000,False,False,0.010273173691247842,False
2024-05-07,5187.2001953125,5200.22998046875,5178.9599609375,5187.7001953125,5187.7001953125,3987890000,False,False,0.0013425282288256131,False
2024-05-08,5168.97998046875,5191.9501953125,5165.85986328125,5187.669921875,5187.669921875,3842100000,False,False,-5.835635193424912e-06,False
2024-05-09,5189.02978515625,5215.2998046875,5180.41015625,5214.080078125,5214.080078125,3727370000,False,False,0.005078032639106711,False
2024-05-10,5225.490234375,5239.66015625,5209.68017578125,5222.68017578125,5222.68017578125,3617900000,False,False,0.001648040080166728,False
2024-05-13,5233.080078125,5237.259765625,5211.16015625,5221.419921875,5221.419921875,4255710000,False,False,-0.00024133317386520824,False
2024-05-14,5221.10009765625,5250.3701171875,5217.97998046875,5246.68017578125,5246.68017578125,4763580000,False,False,0.004826148527454041,False
2024-05-15,5263.259765625,5311.759765625,5263.259765625,5308.14990234375,5308.14990234375,4360810000,False,False,0.01164782778729962,False
2024-05-16,5310.06982421875,5325.490234375,5296.18994140625,5297.10009765625,5297.10009765625,3817470000,False,False,-0.0020838374740880464,False
2024-05-17,5303.10009765625,5305.4501953125,5283.58984375,5303.27001953125,5303.27001953125,3578120000,False,False,0.0011640956878937513,False
2024-05-20,5305.35009765625,5325.31982421875,5302.39990234375,5308.1298828125,5308.1298828125,3420100000,False,False,0.0009159703084911664,False
2024-05-21,5298.68994140625,5324.31982421875,5297.8701171875,5321.41015625,5321.41015625,3662240000,False,False,0.0024987497668926086,False
2024-05-22,5319.27978515625,5323.18017578125,5286.009765625,5307.009765625,5307.009765625,3847130000,False,False,-0.0027097912093521476,False
2024-05-23,5340.259765625,5341.8798828125,5256.93017578125,5267.83984375,5267.83984375,3869520000,False,False,-0.007408162283471933,False
2024-05-24,5281.4501953125,5311.64990234375,5278.39013671875,5304.72021484375,5304.72021484375,3005510000,False,False,0.0069766490766732595,False
2024-05-28,5315.91015625,5315.91015625,5280.89013671875,5306.0400390625,5306.0400390625,3751540000,False,False,0.00024877090688591537,False
2024-05-29,5278.72998046875,5282.27001953125,5262.7001953125,5266.9501953125,5266.9501953125,3552750000,False,False,-0.007394317215742535,False
2024-05-30,5259.77001953125,5260.2099609375,5222.10009765625,5235.47998046875,5235.47998046875,3818750000,False,False,-0.005992957535754186,False
2024-05-31,5243.2099609375,5280.330078125,5191.68017578125,5277.509765625,5277.509765625,5437160000,False,False,0.007995824231928897,False
2024-06-03,5297.14990234375,5302.10986328125,5234.31982421875,5283.39990234375,5283.39990234375,4046920000,False,False,0.0011154602235352391,False
2024-06-04,5278.240234375,5298.7998046875,5257.6298828125,5291.33984375,5291.33984375,3707900000,False,False,0.0015016810037827531,False
2024-06-05,5314.47998046875,5354.16015625,5297.64013671875,5354.02978515625,5354.02978515625,3591460000,False,False,0.011778015849957281,False
2024-06-06,5357.7998046875,5362.35009765625,5335.35986328125,5352.9599609375,5352.9599609375,3609990000,False,False,-0.00019983660163685183,False
2024-06-07,5343.81005859375,5375.080078125,5331.330078125,5346.990234375,5346.990234375,3692760000,False,False,-0.0011158420502790662,False
2024-06-10,5341.22021484375,5365.7900390625,5331.52001953125,5360.7900390625,5360.7900390625,3622280000,False,False,0.002577529978240972,False
2024-06-11,5353.0,5375.9501953125,5327.25,5375.31982421875,5375.31982421875,3568030000,False,False,0.0027067148552095224,False
2024-06-12,5409.1298828125,5447.25,5409.1298828125,5421.02978515625,5421.02978515625,3962840000,False,False,0.008467720241887338,False
2024-06-13,5441.93017578125,5441.93017578125,5402.509765625,5433.740234375,5433.740234375,3530380000,False,False,0.00234191143711672,False
2024-06-14,5424.080078125,5432.39013671875,5403.75,5431.60009765625,5431.60009765625,3438650000,False,False,-0.00039393828099749413,False
2024-06-17,5431.10986328125,5488.5,5420.39990234375,5473.22998046875,5473.22998046875,3447840000,False,False,0.007635164372320518,False
2024-06-18,5476.14990234375,5490.3798828125,5471.31982421875,5487.02978515625,5487.02978515625,3544330000,False,False,0.0025181541815171163,False
2024-06-20,5499.990234375,5505.52978515625,5455.56005859375,5473.169921875,5473.169921875,3847060000,False,False,-0.0025291273954115403,False
2024-06-21,5466.77001953125,5478.31005859375,5452.02978515625,5464.6201171875,5464.6201171875,6773800000,False,False,-0.0015633517188252497,False
2024-06-24,5459.580078125,5490.66015625,5447.58984375,5447.8701171875,5447.8701171875,3696750000,False,False,-0.0030698791558664423,False
2024-06-25,5460.72998046875,5472.8798828125,5446.56005859375,5469.2998046875,5469.2998046875,3591960000,False,False,0.003925873679181344,False
2024-06-26,5460.7099609375,5483.14013671875,5451.8701171875,5477.89990234375,5477.89990234375,3563920000,False,False,0.0015711962247204525,False
2024-06-27,5473.58984375,5490.81005859375,5467.5400390625,5482.8701171875,5482.8701171875,3589530000,False,False,0.0009069098567990731,False
2024-06-28,5488.47998046875,5523.64013671875,5451.1201171875,5460.47998046875,5460.47998046875,7199220000,False,False,-0.0040920134623695995,False
2024-07-01,5471.080078125,5479.5498046875,5446.52978515625,5475.08984375,5475.08984375,3488760000,False,False,0.0026719909814295235,False
2024-07-02,5461.83984375,5509.68994140625,5458.43017578125,5509.009765625,5509.009765625,3329950000,False,False,0.0061762057711850496,False
2024-07-03,5507.43994140625,5539.27001953125,5507.419921875,5537.02001953125,5537.02001953125,2179470000,False,False,0.0050715622695336636,False
2024-07-05,5537.91015625,5570.330078125,5531.6298828125,5567.18994140625,5567.18994140625,3253080000,False,False,0.00543397436096954,False
2024-07-08,5572.75,5583.10986328125,5562.509765625,5572.85009765625,5572.85009765625,3185670000,False,False,0.0010161824764044329,False
2024-07-09,5584.240234375,5590.75,5574.56982421875,5576.97998046875,5576.97998046875,3232920000,False,False,0.0007407974780654752,False
2024-07-10,5591.259765625,5635.39013671875,5586.43994140625,5633.91015625,5633.91015625,3336100000,False,False,0.010156314878105886,False
2024-07-11,5635.2099609375,5642.4501953125,5576.52978515625,5584.5400390625,5584.5400390625,4020950000,False,False,-0.008801649969266724,False
2024-07-12,5590.759765625,5655.56005859375,5590.43994140625,5615.35009765625,5615.35009765625,3700280000,False,False,0.00550186402496512,False
2024-07-15,5638.16015625,5666.93994140625,5614.75,5631.22021484375,5631.22021484375,3620470000,False,False,0.0028222164233526843,False
2024-07-16,5644.08984375,5669.669921875,5639.02001953125,5667.2001953125,5667.2001953125,4041760000,False,False,0.0063690499714532745,False
2024-07-17,5610.06982421875,5622.490234375,5584.81005859375,5588.27001953125,5588.27001953125,4246450000,False,False,-0.014025441523645543,False
2024-07-18,5608.56005859375,5614.0498046875,5522.81005859375,5544.58984375,5544.58984375,4007510000,False,False,-0.007847112145350072,False
2024-07-19,5543.3701171875,5557.5,5497.0400390625,5505.0,5505.0,3760570000,False,False,-0.007165879226406085,False
2024-07-22,5544.5400390625,5570.35986328125,5529.0400390625,5564.41015625,5564.41015625,3375180000,False,False,0.010734217246220293,False
2024-07-23,5565.2998046875,5585.33984375,5550.89990234375,5555.740234375,5555.740234375,3500210000,False,False,-0.0015593176939461904,False
2024-07-24,5505.83984375,5508.0400390625,5419.97998046875,5427.1298828125,5427.1298828125,3945550000,False,False,-0.02342124222289286,False
2024-07-25,5428.7001953125,5491.58984375,5390.9501953125,5399.22021484375,5399.22021484375,4592120000,False,False,-0.005155889019717259,False
2024-07-26,5433.669921875,5488.31982421875,5430.7001953125,5459.10009765625,5459.10009765625,3638770000,False,False,0.011029420409570924,False
2024-07-29,5476.5498046875,5487.740234375,5444.43994140625,5463.5400390625,5463.5400390625,3379970000,False,False,0.0008129795718284517,False
2024-07-30,5478.72998046875,5489.4599609375,5401.7001953125,5436.43994140625,5436.43994140625,3777740000,False,False,-0.0049725143613676215,False
2024-07-31,5505.58984375,5551.509765625,5493.75,5522.2998046875,5522.2998046875,4546910000,False,False,0.015669980701917767,False
2024-08-01,5537.83984375,5566.16015625,5410.419921875,5446.68017578125,5446.68017578125,4703620000,False,False,-0.013788123791990166,False
2024-08-02,5376.6298828125,5383.89013671875,5302.02978515625,5346.56005859375,5346.56005859375,5156450000,False,False,-0.01855290660855327,False
2024-08-05,5151.14013671875,5250.89013671875,5119.259765625,5186.330078125,5186.330078125,5333250000,False,False,-0.0304270413923931,False
2024-08-06,5206.419921875,5312.33984375,5193.56005859375,5240.02978515625,5240.02978515625,4690190000,False,False,0.010300849493599515,False
2024-08-07,5293.1298828125,5330.64013671875,5195.5400390625,5199.5,5199.5,4558260000,False,False,-0.007764715388769489,False
2024-08-08,5252.56982421875,5328.02978515625,5233.85009765625,5319.31005859375,5319.31005859375,4016830000,False,False,0.02278113959089888,False
2024-08-09,5314.66015625,5358.669921875,5300.83984375,5344.16015625,5344.16015625,3516400000,False,False,0.004660798434381699,False
2024-08-12,5351.8798828125,5371.2001953125,5324.3701171875,5344.39013671875,5344.39013671875,3360160000,False,False,4.30330517200971e-05,False
2024-08-13,5376.97998046875,5436.5,5376.97998046875,5434.43017578125,5434.43017578125,3648980000,False,False,0.016707233419049988,False
2024-08-14,5442.35986328125,5463.22021484375,5415.91015625,5455.2099609375,5455.2099609375,3380050000,False,False,0.00381643656119841,False
2024-08-15,5501.1298828125,5546.22998046875,5501.1298828125,5543.22021484375,5543.22021484375,3723310000,False,False,0.01600448993130413,False
2024-08-16,5530.5,5561.97998046875,5525.169921875,5554.25,5554.25,3357690000,False,False,0.0019878023683961516,False
2024-08-19,5557.22998046875,5608.2998046875,5550.740234375,5608.25,5608.25,3222050000,False,False,0.009675327436177775,False
2024-08-20,5602.8798828125,5620.509765625,5585.5,5597.1201171875,5597.1201171875,2994420000,False,False,-0.001986527237609709,False
2024-08-21,5603.08984375,5632.68017578125,5591.56982421875,5620.85009765625,5620.85009765625,3119670000,False,False,0.004230714721006796,False
2024-08-22,5637.77001953125,5643.22021484375,5560.9501953125,5570.64013671875,5570.64013671875,2981530000,False,False,-0.00897294225665722,False
2024-08-23,5602.490234375,5641.81982421875,5585.16015625,5634.60986328125,5634.60986328125,3291940000,False,False,0.01141793740166443,False
2024-08-26,5639.66015625,5651.6201171875,5602.33984375,5616.83984375,5616.83984375,2938570000,False,False,-0.0031587101696058145,False
2024-08-27,5602.89013671875,5631.18017578125,5593.47998046875,5625.7998046875,5625.7998046875,2798990000,False,False,0.0015939251127232035,False
2024-08-28,5624.509765625,5627.02978515625,5560.9501953125,5592.18017578125,5592.18017578125,3053450000,False,False,-0.005993900794735212,False
2024-08-29,5607.2998046875,5646.9501953125,5583.7099609375,5591.9599609375,5591.9599609375,3065640000,False,False,-3.937984343658622e-05,False
2024-08-30,5612.740234375,5651.3701171875,5581.7900390625,5648.39990234375,5648.39990234375,4185850000,False,False,0.010042457079144168,False
2024-09-03,5623.89013671875,5623.89013671875,5504.330078125,5528.93017578125,5528.93017578125,3866350000,False,False,-0.021377963372397696,False
2024-09-04,5506.68017578125,5552.990234375,5503.66015625,5520.06982421875,5520.06982421875,3478140000,False,False,-0.0016038290273809634,False
2024-09-05,5520.080078125,5546.2998046875,5480.5400390625,5503.41015625,5503.41015625,3521650000,False,False,-0.003022581014674196,False
2024-09-06,5507.330078125,5522.47021484375,5402.6201171875,5408.419921875,5408.419921875,3822800000,False,False,-0.017410944507424406,False
2024-09-09,5442.06982421875,5484.2001953125,5434.490234375,5471.0498046875,5471.0498046875,3825940000,False,False,0.011513534435818254,False
2024-09-10,5490.509765625,5497.91015625,5441.72021484375,5495.52001953125,5495.52001953125,3848180000,False,False,0.004462699977793541,False
2024-09-11,5496.419921875,5560.41015625,5406.9599609375,5554.1298828125,5554.1298828125,3839450000,False,False,0.01060855564984334,False
2024-09-12,5557.47998046875,5600.7099609375,5535.5,5595.759765625,5595.759765625,3655070000,False,False,0.00746735215680267,False
2024-09-13,5603.33984375,5636.27001953125,5601.64990234375,5626.02001953125,5626.02001953125,3500790000,False,False,0.0053931422343560355,False
2024-09-16,5615.2099609375,5636.0498046875,5604.52978515625,5633.08984375,5633.08984375,3437070000,False,False,0.0012558408673102855,False
2024-09-17,5655.509765625,5670.81005859375,5614.0498046875,5634.580078125,5634.580078125,3443600000,False,False,0.00026451509389645083,False
2024-09-18,5641.68017578125,5689.75,5615.080078125,5618.259765625,5618.259765625,3691390000,False,False,-0.0029006587083132912,False
2024-09-19,5702.6298828125,5733.56982421875,5686.419921875,5713.64013671875,5713.64013671875,4024530000,False,False,0.016834356892725128,False
2024-09-20,5709.64013671875,5715.14013671875,5674.490234375,5702.5498046875,5702.5498046875,7867260000,False,False,-0.0019429136300157343,False
2024-09-23,5711.89990234375,5725.35986328125,5704.22021484375,5718.56982421875,5718.56982421875,3529550000,False,False,0.0028053344257131223,False
2024-09-24,5727.66015625,5735.31982421875,5698.990234375,5732.93017578125,5732.93017578125,3872710000,False,False,0.002508031103345345,False
2024-09-25,5733.64990234375,5741.02978515625,5712.06005859375,5722.259765625,5722.259765625,3624910000,False,False,-0.001862983206212128,False
2024-09-26,5762.22021484375,5767.3701171875,5721.009765625,5745.3701171875,5745.3701171875,4391180000,False,False,0.004030542158199222,False
2024-09-27,5755.35986328125,5763.77978515625,5727.33984375,5738.169921875,5738.169921875,3898530000,False,False,-0.0012540029000721238,False
2024-09-30,5726.52001953125,5765.14013671875,5703.52978515625,5762.47998046875,5762.47998046875,4425730000,False,False,0.004227603658441509,False
2024-10-01,5757.72998046875,5757.72998046875,5681.27978515625,5708.75,5708.75,4025180000,False,False,-0.009367848694454447,False
2024-10-02,5698.14013671875,5719.6298828125,5674.0,5709.5400390625,5709.5400390625,3829050000,False,False,0.00013838132698647728,False
2024-10-03,5698.18994140625,5718.77978515625,5677.3701171875,5699.93994140625,5699.93994140625,3597450000,False,False,-0.0016828286544586894,False
2024-10-04,5737.47998046875,5753.2099609375,5702.830078125,5751.06982421875,5751.06982421875,3479400000,False,False,0.008930255699186382,False
2024-10-07,5737.7998046875,5739.33984375,5686.85009765625,5695.93994140625,5695.93994140625,3637790000,False,False,-0.009632263829388773,False
2024-10-08,5719.14013671875,5757.60009765625,5714.56005859375,5751.1298828125,5751.1298828125,3393400000,False,False,0.009642706804694385,False
2024-10-09,5751.7998046875,5796.7998046875,5745.02001953125,5792.0400390625,5792.0400390625,3650340000,False,False,0.007088231016994585,False
2024-10-10,5778.35986328125,5795.02978515625,5764.759765625,5780.0498046875,5780.0498046875,3208790000,False,False,-0.0020722685059824846,False
2024-10-11,5775.08984375,5822.1298828125,5775.08984375,5815.02978515625,5815.02978515625,3208720000,False,False,0.00603360870729872,False
2024-10-14,5829.81005859375,5871.41015625,5829.56982421875,5859.85009765625,5859.85009765625,3005250000,False,False,0.007678114574594323,False
2024-10-15,5866.740234375,5870.35986328125,5804.47998046875,5815.259765625,5815.259765625,3882120000,False,False,-0.0076385660375134215,False
2024-10-16,5816.580078125,5846.52001953125,5808.33984375,5842.47021484375,5842.47021484375,3467230000,False,False,0.004668232782779766,False
2024-10-17,5875.6201171875,5878.4599609375,5840.25,5841.47021484375,5841.47021484375,3480010000,False,False,-0.00017117512853816633,False
2024-10-18,5859.43017578125,5872.169921875,5846.10986328125,5864.669921875,5864.669921875,3374490000,False,False,0.003963686942774387,False
2024-10-21,5857.81982421875,5866.919921875,5824.7900390625,5853.97998046875,5853.97998046875,3407010000,False,False,-0.001824432756419033,False
2024-10-22,5832.7001953125,5863.0400390625,5821.169921875,5851.2001953125,5851.2001953125,3342080000,False,False,-0.0004749666671957937,False
2024-10-23,5834.5,5834.85009765625,5762.41015625,5797.419921875,5797.419921875,3532650000,False,False,-0.009233824267679564,False
2024-10-24,5817.7998046875,5817.7998046875,5784.919921875,5809.85986328125,5809.85986328125,3543030000,False,False,0.0021434731305568283,False
2024-10-25,5826.75,5862.81982421875,5799.97998046875,5808.1201171875,5808.1201171875,3501280000,False,False,-0.00029949201318627087,False
2024-10-28,5833.93017578125,5842.919921875,5823.080078125,5823.52001953125,5823.52001953125,3691280000,False,False,0.002647934626732945,False
2024-10-29,5819.68017578125,5847.18994140625,5802.169921875,5832.919921875,5832.919921875,3879100000,False,False,0.0016128259449012198,False
2024-10-30,5832.64990234375,5850.93994140625,5811.27978515625,5813.669921875,5813.669921875,3851120000,False,False,-0.0033056916724881185,False
2024-10-31,5775.33984375,5775.33984375,5702.85986328125,5705.4501953125,5705.4501953125,4425660000,False,False,-0.018790134928745348,False
2024-11-01,5723.22021484375,5772.52001953125,5723.22021484375,5728.7998046875,5728.7998046875,3796450000,False,False,0.004084158004525459,False
2024-11-04,5725.14990234375,5741.43017578125,5696.509765625,5712.68994140625,5712.68994140625,3602060000,False,False,-0.0028160448131902913,False
2024-11-05,5722.43017578125,5783.43994140625,5722.10009765625,5782.759765625,5782.759765625,3768310000,False,False,0.012191031029563081,False
2024-11-06,5864.89013671875,5936.14013671875,5864.89013671875,5929.0400390625,5929.0400390625,6329530000,False,False,0.024981280957186654,False
2024-11-07,5947.2099609375,5983.83984375,5947.2099609375,5973.10009765625,5973.10009765625,4925740000,False,False,0.007403754173995657,False
2024-11-08,5976.759765625,6012.4501953125,5976.759765625,5995.5400390625,5995.5400390625,4666740000,False,False,0.0037497940357180464,False
2024-11-11,6008.85986328125,6017.31005859375,5986.68994140625,6001.35009765625,6001.35009765625,4333000000,False,False,0.0009685941909569238,False
2024-11-12,6003.60009765625,6009.919921875,5960.080078125,5983.990234375,5983.990234375,4243400000,False,False,-0.0028968514769364996,False
2024-11-13,5985.75,6008.18994140625,5965.91015625,5985.3798828125,5985.3798828125,4220180000,False,False,0.00023220076414018386,False
2024-11-14,5989.68017578125,5993.8798828125,5942.27978515625,5949.169921875,5949.169921875,4184570000,False,False,-0.006068108582244,False
2024-11-15,5912.7900390625,5915.31982421875,5853.009765625,5870.6201171875,5870.6201171875,4590960000,False,False,-0.013291430866793769,False
2024-11-18,5874.169921875,5908.1201171875,5865.9501953125,5893.6201171875,5893.6201171875,3983860000,False,False,0.003910159746206537,False
2024-11-19,5870.0498046875,5923.509765625,5855.2900390625,5916.97998046875,5916.97998046875,4036940000,False,False,0.003955750520596487,False
2024-11-20,5914.33984375,5920.669921875,5860.56005859375,5917.10986328125,5917.10986328125,3772620000,False,False,2.19506213354446e-05,False
2024-11-21,5940.580078125,5963.31982421875,5887.259765625,5948.7099609375,5948.7099609375,4230120000,False,False,0.005326251844288491,False
2024-11-22,5944.35986328125,5972.89990234375,5944.35986328125,5969.33984375,5969.33984375,4141420000,False,False,0.0034619595915364653,False
2024-11-25,5992.27978515625,6020.75,5963.91015625,5987.3701171875,5987.3701171875,5633150000,False,False,0.0030159278201245415,False
2024-11-26,6000.02978515625,6025.419921875,5992.27001953125,6021.6298828125,6021.6298828125,3835170000,False,False,0.005705697155263866,False
2024-11-27,6014.10986328125,6020.16015625,5984.8701171875,5998.740234375,5998.740234375,3363340000,False,False,-0.003808481083577712,False
2024-11-29,6003.97998046875,6044.169921875,6003.97998046875,6032.3798828125,6032.3798828125,2444420000,False,False,0.005592120396801623,False
2024-12-02,6040.10986328125,6053.580078125,6035.330078125,6047.14990234375,6047.14990234375,4412470000,False,False,0.0024454638805813736,False
2024-12-03,6042.97021484375,6052.06982421875,6033.39013671875,6049.8798828125,6049.8798828125,4095000000,False,False,0.0004513472420221813,False
2024-12-04,6069.39013671875,6089.83984375,6061.06005859375,6086.490234375,6086.490234375,4003390000,False,False,0.00603318162813612,False
2024-12-05,6089.02978515625,6094.5498046875,6072.89990234375,6075.10986328125,6075.10986328125,4212020000,False,False,-0.0018715258393823342,False
2024-12-06,6081.3798828125,6099.97021484375,6079.97998046875,6090.27001953125,6090.27001953125,3924830000,False,False,0.0024923453675383123,False
2024-12-09,6083.009765625,6088.509765625,6048.6298828125,6052.85009765625,6052.85009765625,4556460000,False,False,-0.006163167285227462,False
2024-12-10,6057.58984375,6065.39990234375,6029.89013671875,6034.91015625,6034.91015625,4048410000,False,False,-0.002968284314279252,False
2024-12-11,6060.14990234375,6092.58984375,6060.14990234375,6084.18994140625,6084.18994140625,4269950000,False,False,0.008132626411368235,False
2024-12-12,6074.2900390625,6079.68017578125,6051.25,6051.25,6051.25,3678010000,False,False,-0.005428731461463251,False
2024-12-13,6068.169921875,6078.580078125,6035.77001953125,6051.08984375,6051.08984375,3584960000,False,False,-2.646698937187397e-05,False
2024-12-16,6063.7900390625,6085.18994140625,6059.14013671875,6074.080078125,6074.080078125,4391100000,False,False,0.0037921550087844295,False
2024-12-17,6052.5498046875,6057.68017578125,6035.18994140625,6050.60986328125,6050.60986328125,4544500000,False,False,-0.0038714794806554956,False
2024-12-18,6047.64990234375,6070.669921875,5867.7900390625,5872.16015625,5872.16015625,5246960000,False,False,-0.02993650530451818,False
2024-12-19,5912.7099609375,5935.52001953125,5866.06982421875,5867.080078125,5867.080078125,4896880000,False,False,-0.0008654867505367934,False
2024-12-20,5842.0,5982.06005859375,5832.2998046875,5930.85009765625,5930.85009765625,8223220000,False,False,0.010810479402397299,False
2024-12-23,5940.25,5978.25,5902.56982421875,5974.06982421875,5974.06982421875,3593280000,False,False,0.007260849585616372,False
2024-12-24,5984.6298828125,6040.10009765625,5981.43994140625,6040.0400390625,6040.0400390625,1757720000,False,False,0.010982233165126825,False
2024-12-26,6024.97021484375,6049.75,6007.3701171875,6037.58984375,6037.58984375,2904530000,False,False,-0.0004057410882578191,False
2024-12-27,6006.169921875,6006.169921875,5932.9501953125,5970.83984375,5970.83984375,3159610000,False,False,-0.01111730496491221,False
2024-12-30,5920.669921875,5940.7900390625,5869.16015625,5906.93994140625,5906.93994140625,3433250000,False,False,-0.010759673941729728,False
2024-12-31,5919.740234375,5929.740234375,5868.85986328125,5881.6298828125,5881.6298828125,3128350000,False,False,-0.0042940064589823065,False
2025-01-02,5903.259765625,5935.08984375,5829.52978515625,5868.5498046875,5868.5498046875,3621680000,False,False,-0.002226363149448992,False
2025-01-03,5891.06982421875,5949.33984375,5888.66015625,5942.47021484375,5942.47021484375,3667340000,False,False,0.01251735670782609,False
2025-01-06,5982.81005859375,6021.0400390625,5960.009765625,5975.3798828125,5975.3798828125,4940120000,False,False,0.005522766496818171,False
2025-01-07,5993.259765625,6000.68017578125,5890.68017578125,5909.02978515625,5909.02978515625,4517330000,False,False,-0.011166021516637011,False
2025-01-08,5910.66015625,5927.89013671875,5874.77978515625,5918.25,5918.25,4441740000,False,False,0.0015591440938312422,False
2025-01-10,5890.35009765625,5890.35009765625,5807.77978515625,5827.0400390625,5827.0400390625,4751930000,False,False,-0.015531637650233373,False
2025-01-13,5782.02001953125,5838.60986328125,5773.31005859375,5836.22021484375,5836.22021484375,4421200000,False,False,0.0015742043780551176,False
2025-01-14,5859.27001953125,5871.919921875,5805.419921875,5842.91015625,5842.91015625,4142280000,False,False,0.001145623334164268,False
2025-01-15,5905.2099609375,5960.60986328125,5905.2099609375,5949.91015625,5949.91015625,4544570000,False,False,0.018147132504516373,False
2025-01-16,5963.60986328125,5964.68994140625,5930.72021484375,5937.33984375,5937.33984375,4285810000,False,False,-0.0021149243408667613,False
2025-01-17,5995.39990234375,6014.9599609375,5978.43994140625,5996.66015625,5996.66015625,4366830000,False,False,0.009941478308394033,False
2025-01-21,6014.1201171875,6051.509765625,6006.8798828125,6049.240234375,6049.240234375,4702920000,False,False,0.00873000944059605,False
2025-01-22,6081.39013671875,6100.81005859375,6076.1298828125,6086.3701171875,6086.3701171875,4323040000,False,False,0.006119181086994129,False
2025-01-23,6076.31982421875,6118.72998046875,6074.669921875,6118.7099609375,6118.7099609375,4432250000,False,False,0.005299419459529372,False
2025-01-24,6121.43017578125,6128.18017578125,6088.740234375,6101.240234375,6101.240234375,4214250000,False,False,-0.002859215984467759,False
2025-01-27,5969.0400390625,6017.169921875,5962.919921875,6012.27978515625,6012.27978515625,5198750000,False,False,-0.014688059032112328,False
2025-01-28,6026.97021484375,6074.5400390625,5994.6298828125,6067.7001953125,6067.7001953125,4473640000,False,False,0.009175644177716802,False
2025-01-29,6057.7001953125,6062.830078125,6012.9599609375,6039.31005859375,6039.31005859375,4115310000,False,False,-0.004689876056919602,False
2025-01-30,6050.75,6086.64013671875,6027.4599609375,6071.169921875,6071.169921875,4634620000,False,False,0.005261548152180238,False
2025-01-31,6096.7900390625,6120.91015625,6030.93017578125,6040.52978515625,6040.52978515625,4843770000,False,False,-0.005059603990267195,False
2025-02-03,5969.64990234375,6022.1298828125,5923.93017578125,5994.56982421875,5994.56982421875,4797210000,False,False,-0.007637690729495203,False
2025-02-04,5998.14013671875,6042.47998046875,5990.8701171875,6037.8798828125,6037.8798828125,4410160000,False,False,0.007198907403029113,False
2025-02-05,6020.4501953125,6062.85986328125,6007.06005859375,6061.47998046875,6061.47998046875,4756250000,False,False,0.003901053915613614,False
2025-02-06,6072.22021484375,6084.02978515625,6046.830078125,6083.56982421875,6083.56982421875,4847120000,False,False,0.003637674355266266,False
2025-02-07,6083.1298828125,6101.27978515625,6019.9599609375,6025.990234375,6025.990234375,4766900000,False,False,-0.0095098456936602,False
2025-02-10,6046.39990234375,6073.3798828125,6044.83984375,6066.43994140625,6066.43994140625,4458760000,False,False,0.006690112295455172,False
2025-02-11,6049.31982421875,6076.27978515625,6042.33984375,6068.5,6068.5,4324880000,False,False,0.00033952514367385523,False
2025-02-12,6025.080078125,6063.0,6003.0,6051.97021484375,6051.97021484375,4627960000,False,False,-0.0027275831896475754,False
2025-02-13,6060.58984375,6116.91015625,6050.9501953125,6115.06982421875,6115.06982421875,4763800000,False,False,0.010372313214235747,False
2025-02-14,6115.52001953125,6127.47021484375,6107.6201171875,6114.6298828125,6114.6298828125,4335190000,False,False,-7.19463955744955e-05,False
2025-02-18,6121.60009765625,6129.6298828125,6099.509765625,6129.580078125,6129.580078125,4684980000,False,False,0.002442003655551809,False
2025-02-19,6117.759765625,6147.43017578125,6111.14990234375,6144.14990234375,6144.14990234375,4562330000,False,False,0.0023741488668242434,False
2025-02-20,6134.5,6134.5,6084.58984375,6117.52001953125,6117.52001953125,4813690000,False,False,-0.004343604884290259,False
2025-02-21,6114.10009765625,6114.81982421875,6008.56005859375,6013.1298828125,6013.1298828125,5434560000,False,False,-0.017211396672539132,False
2025-02-24,6026.68994140625,6043.64990234375,5977.830078125,5983.25,5983.25,4990120000,False,False,-0.004981493566252351,False
2025-02-25,5982.72998046875,5992.64990234375,5908.490234375,5955.25,5955.25,5374690000,False,False,-0.004690715138395557,False
2025-02-26,5970.8701171875,6009.81982421875,5932.68994140625,5956.06005859375,5956.06005859375,4869580000,False,False,0.00013601502958346571,False
2025-02-27,5981.8798828125,5993.68994140625,5858.77978515625,5861.56982421875,5861.56982421875,5057680000,False,False,-0.015991742678524653,False
2025-02-28,5856.740234375,5959.39990234375,5837.66015625,5954.5,5954.5,6441140000,False,False,0.015729780420663385,False
2025-03-03,5968.330078125,5986.08984375,5810.91015625,5849.72021484375,5849.72021484375,5613850000,False,False,-0.017753402648308866,False
2025-03-04,5811.97998046875,5865.080078125,5732.58984375,5778.14990234375,5778.14990234375,6138110000,False,False,-0.012310288231505477,False
2025-03-05,5781.35986328125,5860.58984375,5742.35009765625,5842.6298828125,5842.6298828125,5285970000,False,False,0.011097472528735688,False
2025-03-06,5785.8701171875,5812.080078125,5711.64013671875,5738.52001953125,5738.52001953125,5165080000,False,False,-0.017979677107455568,False
2025-03-07,5726.009765625,5783.009765625,5666.2900390625,5770.2001953125,5770.2001953125,5705140000,False,False,0.005505435045454467,False
2025-03-10,5705.3701171875,5705.3701171875,5564.02001953125,5614.56005859375,5614.56005859375,6409370000,False,False,-0.027343541788428148,False
2025-03-11,5603.64990234375,5636.2998046875,5528.41015625,5572.06982421875,5572.06982421875,6221240000,False,False,-0.007596646918536578,False
2025-03-12,5624.83984375,5642.18994140625,5546.08984375,5599.2998046875,5599.2998046875,5219830000,False,False,0.004874967940490777,False
2025-03-13,5594.4501953125,5597.77978515625,5504.64990234375,5521.52001953125,5521.52001953125,5018980000,False,False,-0.013988366806464148,False
2025-03-14,5563.85009765625,5645.27001953125,5563.85009765625,5638.93994140625,5638.93994140625,4863180000,False,False,0.02104290595319694,False
2025-03-17,5635.60009765625,5703.52001953125,5631.1201171875,5675.1201171875,5675.1201171875,5031770000,False,False,0.0063956349746060355,False
2025-03-18,5654.52978515625,5654.52978515625,5597.759765625,5614.66015625,5614.66015625,4666270000,False,False,-0.010710667074319702,False
2025-03-19,5632.3701171875,5715.330078125,5622.2001953125,5675.2900390625,5675.2900390625,4660090000,False,False,0.010740608172953766,False
2025-03-20,5646.919921875,5711.14990234375,5632.330078125,5662.89013671875,5662.89013671875,4678420000,False,False,-0.002187283513782985,False
2025-03-21,5630.72998046875,5670.83984375,5603.10009765625,5667.56005859375,5667.56005859375,9367460000,False,False,0.0008243136078323211,False
2025-03-24,5718.080078125,5775.14013671875,5718.080078125,5767.56982421875,5767.56982421875,4517990000,False,False,0.01749211712863917,False
2025-03-25,5775.9599609375,5786.9501953125,5760.419921875,5776.64990234375,5776.64990234375,4467340000,False,False,0.0015730954906538206,False
2025-03-26,5771.66015625,5783.6201171875,5694.41015625,5712.2001953125,5712.2001953125,4183140000,False,False,-0.011219640357598032,False
2025-03-27,5695.64013671875,5732.27978515625,5670.93994140625,5693.31005859375,5693.31005859375,4403460000,False,False,-0.0033124610071321114,False
2025-03-28,5679.2001953125,5685.89013671875,5572.419921875,5580.93994140625,5580.93994140625,4513330000,False,False,-0.019934601126853548,False
2025-03-31,5527.91015625,5627.56005859375,5488.72998046875,5611.85009765625,5611.85009765625,5257250000,False,False,0.005523240357645722,False
2025-04-01,5597.52978515625,5650.56982421875,5558.52001953125,5633.06982421875,5633.06982421875,4434500000,False,False,0.0037741045552120668,False
2025-04-02,5580.759765625,5695.31005859375,5571.47998046875,5670.97021484375,5670.97021484375,4243830000,False,False,0.006705661429484109,False
2025-04-03,5492.740234375,5499.52978515625,5390.830078125,5396.52001953125,5396.52001953125,7210470000,False,False,-0.04960591182899663,False
2025-04-04,5292.14013671875,5292.14013671875,5069.89990234375,5074.080078125,5074.080078125,8853500000,False,False,-0.061609061898230934,False
2025-04-07,4953.7900390625,5246.56982421875,4835.0400390625,5062.25,5062.25,8691980000,False,False,-0.0023341946059635883,False
2025-04-08,5193.56982421875,5267.47021484375,4910.419921875,4982.77001953125,4982.77001953125,7408140000,False,False,-0.015825083277054855,False
2025-04-09,4965.27978515625,5481.33984375,4948.43017578125,5456.89990234375,5456.89990234375,9489600000,False,False,0.09089487983303646,False
2025-04-10,5353.14990234375,5353.14990234375,5115.27001953125,5268.0498046875,5268.0498046875,6677140000,False,False,-0.03522060702411168,False
2025-04-11,5255.56005859375,5381.4599609375,5220.77001953125,5363.35986328125,5363.35986328125,5602550000,False,False,0.01793038083577807,False
2025-04-14,5441.9599609375,5459.4599609375,5358.02001953125,5405.97021484375,5405.97021484375,5031440000,False,False,0.007913319326342991,False
2025-04-15,5411.990234375,5450.41015625,5386.43994140625,5396.6298828125,5396.6298828125,4317110000,False,False,-0.001729275225300909,False
2025-04-16,5335.75,5367.240234375,5220.7900390625,5275.7001953125,5275.7001953125,4607750000,False,False,-0.022663253964902527,False
2025-04-17,5305.4501953125,5328.31005859375,5255.580078125,5282.7001953125,5282.7001953125,4714880000,False,False,0.0013259586237727749,False
2025-04-21,5232.93994140625,5232.93994140625,5101.6298828125,5158.2001953125,5158.2001953125,4226340000,False,False,-0.02384964833401801,False
2025-04-22,5207.669921875,5309.60986328125,5207.669921875,5287.759765625,5287.759765625,4666950000,False,False,0.02480695212545062,False
2025-04-23,5395.919921875,5469.68994140625,5356.169921875,5375.85986328125,5375.85986328125,5371390000,False,False,0.016523864366879457,False
2025-04-24,5381.3798828125,5489.39990234375,5371.9599609375,5484.77001953125,5484.77001953125,4697710000,False,False,0.020056628082583162,False
2025-04-25,5489.72998046875,5528.10986328125,5455.85986328125,5525.2099609375,5525.2099609375,4236580000,False,False,0.0073460847957005125,False
2025-04-28,5529.22021484375,5553.66015625,5468.64013671875,5528.75,5528.75,4257880000,False,False,0.0006405015390019333,False
2025-04-29,5508.8701171875,5571.9501953125,5505.7001953125,5560.830078125,5560.830078125,4747150000,False,False,0.005785641545556399,False
2025-04-30,5499.43994140625,5581.83984375,5433.240234375,5569.06005859375,5569.06005859375,5449490000,False,False,0.0014788972519335208,False
2025-05-01,5625.14013671875,5658.91015625,5597.35009765625,5604.14013671875,5604.14013671875,4935270000,False,False,0.006279345716451974,False
2025-05-02,5645.8798828125,5700.7001953125,5642.27978515625,5686.669921875,5686.669921875,4854380000,False,False,0.014619191109112719,False
2025-05-05,5655.31982421875,5683.3798828125,5634.47998046875,5650.3798828125,5650.3798828125,4358260000,False,False,-0.006402047029318447,False
2025-05-06,5605.8701171875,5649.580078125,5586.0400390625,5606.91015625,5606.91015625,4717260000,False,False,-0.007722985278391797,False
2025-05-07,5614.18017578125,5654.72998046875,5578.64013671875,5631.27978515625,5631.27978515625,4987440000,False,False,0.004336938106710132,False
2025-05-08,5663.60009765625,5720.10009765625,5635.3798828125,5663.93994140625,5663.93994140625,5627400000,False,False,0.005783021147465641,False
2025-05-09,5679.64990234375,5691.68994140625,5644.14990234375,5659.91015625,5659.91015625,4645090000,False,False,-0.0007117341348763632,False
2025-05-12,5807.2001953125,5845.3701171875,5786.080078125,5844.18994140625,5844.18994140625,6014580000,False,False,0.03203997667702081,False
2025-05-13,5854.14990234375,5906.64013671875,5845.02001953125,5886.5498046875,5886.5498046875,5516290000,False,False,0.007222059020245977,False
2025-05-14,5896.740234375,5906.5498046875,5872.10986328125,5892.580078125,5892.580078125,5233450000,False,False,0.001023891242276054,False
2025-05-15,5869.81982421875,5924.2099609375,5865.16015625,5916.93017578125,5916.93017578125,4991290000,False,False,0.004123817438757677,False
2025-05-16,5929.08984375,5958.6201171875,5907.35986328125,5958.3798828125,5958.3798828125,4850850000,False,False,0.006980849368100189,False
2025-05-19,5902.8798828125,5968.60986328125,5895.68994140625,5963.60009765625,5963.60009765625,4144010000,False,False,0.0008757295660482738,False
2025-05-20,5944.66015625,5953.06005859375,5909.259765625,5940.4599609375,5940.4599609375,4416850000,False,False,-0.0038877770695725784,False
2025-05-21,5910.18017578125,5938.3701171875,5830.91015625,5844.60986328125,5844.60986328125,5254250000,False,False,-0.016266719267758897,False
2025-05-22,5841.259765625,5878.080078125,5825.81982421875,5842.009765625,5842.009765625,5157050000,False,False,-0.0004449700224211693,False
2025-05-23,5781.89013671875,5829.509765625,5767.41015625,5802.81982421875,5802.81982421875,4662820000,False,False,-0.006730899591473139,False
2025-05-27,5854.06982421875,5924.330078125,5854.06982421875,5921.5400390625,5921.5400390625,5366380000,False,False,0.02025258080218437,False
2025-05-28,5925.5400390625,5939.919921875,5881.8798828125,5888.5498046875,5888.5498046875,4665050000,False,False,-0.005586802576444734,False
2025-05-29,5939.9599609375,5943.1298828125,5873.7998046875,5912.169921875,5912.169921875,4569750000,False,False,0.0040031708706317415,False
2025-05-30,5903.669921875,5922.14013671875,5843.66015625,5911.68994140625,5911.68994140625,6378540000,False,False,-8.118845699520562e-05,False
2025-06-02,5896.68017578125,5937.39990234375,5861.43017578125,5935.93994140625,5935.93994140625,4832240000,False,False,0.004093651490626028,False
2025-06-03,5938.56005859375,5981.35009765625,5929.0,5970.3701171875,5970.3701171875,5026680000,False,False,0.005783533535368979,False
2025-06-04,5978.93994140625,5990.47998046875,5966.10986328125,5970.81005859375,5970.81005859375,4767050000,False,False,7.368474471916267e-05,False
2025-06-05,5985.669921875,5999.7001953125,5921.2001953125,5939.2998046875,5939.2998046875,5091850000,False,False,-0.005291357978698112,False
2025-06-06,5987.06005859375,6016.8701171875,5978.6298828125,6000.35986328125,6000.35986328125,4355710000,False,False,0.010228196215376713,False
2025-06-09,6004.6298828125,6021.31005859375,5994.18017578125,6005.8798828125,6005.8798828125,4642360000,False,False,0.0009195251863913659,False
2025-06-10,6009.91015625,6043.009765625,6000.27978515625,6038.81005859375,6038.81005859375,4882880000,False,False,0.005468012541646841,False
2025-06-11,6049.3798828125,6059.39990234375,6002.31982421875,6022.240234375,6022.240234375,5111550000,False,False,-0.002747660318287345,False
2025-06-12,6009.89990234375,6045.43017578125,6003.8798828125,6045.259765625,6045.259765625,4669500000,False,False,0.0038151330716763875,False
2025-06-13,6000.56005859375,6026.16015625,5963.2099609375,5976.97021484375,5976.97021484375,5258910000,False,False,-0.01136066859010289,False
2025-06-16,6004.0,6050.830078125,6004.0,6033.10986328125,6033.10986328125,5111710000,False,False,0.0093488231481891,False
2025-06-17,6012.14990234375,6023.25,5974.7998046875,5982.72021484375,5982.72021484375,4955700000,False,False,-0.008387259723643134,False
2025-06-18,5987.93017578125,6018.25,5971.89013671875,5980.8701171875,5980.8701171875,5106470000,False,False,-0.00030928803472058796,False
2025-06-20,5999.669921875,6018.2001953125,5952.56005859375,5967.83984375,5967.83984375,7451500000,False,False,-0.002181035215587759,False
2025-06-23,5969.669921875,6028.77001953125,5943.22998046875,6025.169921875,6025.169921875,5597000000,False,False,0.009560655071259439,False
2025-06-24,6061.2099609375,6101.759765625,6059.25,6092.18017578125,6092.18017578125,5443690000,False,False,0.011060328616958607,False
2025-06-25,6104.22998046875,6108.509765625,6080.08984375,6092.16015625,6092.16015625,5171110000,False,False,-3.286108349665331e-06,False
2025-06-26,6112.08984375,6146.52001953125,6107.27001953125,6141.02001953125,6141.02001953125,5308140000,False,False,0.007988131032516797,False
2025-06-27,6150.7001953125,6187.68017578125,6132.35009765625,6173.06982421875,6173.06982421875,7889350000,False,False,0.005205399256150098,False
2025-06-30,6193.35986328125,6215.080078125,6174.97021484375,6204.9501953125,6204.9501953125,5782900000,False,False,0.005151137506128882,False
2025-07-01,6187.25,6210.77978515625,6177.97021484375,6198.009765625,6198.009765625,6275310000,False,False,-0.0011191571098791433,False
2025-07-02,6193.8798828125,6227.60009765625,6188.2900390625,6227.419921875,6227.419921875,5645710000,False,False,0.0047338743064907745,False
2025-07-03,6246.4599609375,6284.64990234375,6246.4599609375,6279.35009765625,6279.35009765625,3378110000,False,False,0.00830437821066394,False
2025-07-07,6259.0400390625,6262.06982421875,6201.0,6229.97998046875,6229.97998046875,5236740000,False,False,-0.007893368104244017,False
2025-07-08,6234.02978515625,6242.7001953125,6217.75,6225.52001953125,6225.52001953125,5739030000,False,False,-0.0007161432504695748,False
2025-07-09,6243.330078125,6269.16015625,6231.43017578125,6263.259765625,6263.259765625,4813340000,False,False,0.00604380277677969,False
2025-07-10,6266.7998046875,6290.22021484375,6251.43994140625,6280.4599609375,6280.4599609375,5367350000,False,False,0.0027424410729257912,False
2025-07-11,6255.68017578125,6269.43994140625,6237.60009765625,6259.75,6259.75,4656210000,False,False,-0.0033029717732258423,False
2025-07-14,6255.14990234375,6273.31005859375,6239.22021484375,6268.56005859375,6268.56005859375,4722250000,False,False,0.0014064243309367943,False
2025-07-15,6295.2900390625,6302.0400390625,6241.68017578125,6243.759765625,6243.759765625,5133670000,False,False,-0.003964145065672561,False
2025-07-16,6254.5,6268.1201171875,6201.58984375,6263.7001953125,6263.7001953125,5177460000,False,False,0.0031885685253844154,False
2025-07-17,6263.39990234375,6304.68994140625,6262.27001953125,6297.35986328125,6297.35986328125,5512290000,False,False,0.005359380240011013,False
2025-07-18,6312.9501953125,6315.60986328125,6285.27001953125,6296.7900390625,6296.7900390625,5184700000,False,False,-9.049030280841674e-05,False
2025-07-21,6304.740234375,6336.080078125,6303.7900390625,6305.60009765625,6305.60009765625,5010840000,False,False,0.001398157005673256,False
2025-07-22,6306.60009765625,6316.1201171875,6281.7099609375,6309.6201171875,6309.6201171875,5662040000,False,False,0.0006373284966667569,False
2025-07-23,6326.89990234375,6360.64013671875,6317.490234375,6358.91015625,6358.91015625,5642510000,False,False,0.007781532145702873,False
2025-07-24,6368.60009765625,6381.31005859375,6360.56982421875,6363.35009765625,6363.35009765625,5282720000,False,False,0.0006979799969332514,False
2025-07-25,6370.009765625,6395.81982421875,6368.52978515625,6388.64013671875,6388.64013671875,4470720000,False,False,0.003966451001680552,False
2025-07-28,6397.68994140625,6401.06982421875,6375.7900390625,6389.77001953125,6389.77001953125,4565620000,False,False,0.00017684247126657597,False
2025-07-29,6405.6201171875,6409.259765625,6363.919921875,6370.85986328125,6370.85986328125,5076120000,False,False,-0.002963830197466829,False
2025-07-30,6381.22998046875,6396.5400390625,6336.3798828125,6362.89990234375,6362.89990234375,5375070000,False,False,-0.0012502139385094711,False
2025-07-31,6427.02001953125,6427.02001953125,6327.64013671875,6339.39013671875,6339.39013671875,6077080000,False,False,-0.003701662046374567,False
2025-08-01,6287.27978515625,6287.27978515625,6212.68994140625,6238.009765625,6238.009765625,5827150000,False,False,-0.0161213871855698,False
2025-08-04,6271.7099609375,6330.68994140625,6271.7099609375,6329.93994140625,6329.93994140625,4842580000,False,False,0.014629564491414495,False
2025-08-05,6336.6298828125,6346.0,6289.3701171875,6299.18994140625,6299.18994140625,5517410000,False,False,-0.004869703780462017,False
2025-08-06,6309.2998046875,6352.830078125,6301.10986328125,6345.06005859375,6345.06005859375,5408560000,False,False,0.007255522219852605,False
2025-08-07,6374.31982421875,6389.7099609375,6310.31982421875,6340.0,6340.0,5306090000,False,False,-0.0007977981718278668,False
2025-08-08,6355.22021484375,6395.16015625,6355.22021484375,6389.4501953125,6389.4501953125,4769910000,False,False,0.0077694548163894745,False
2025-08-11,6389.669921875,6407.25,6364.06005859375,6373.4501953125,6373.4501953125,4652400000,False,False,-0.0025072683938851073,False
2025-08-12,6395.169921875,6446.5498046875,6385.759765625,6445.759765625,6445.759765625,5135300000,False,False,0.011281559075170764,False
2025-08-13,6462.669921875,6480.27978515625,6445.02001953125,6466.580078125,6466.580078125,5195950000,False,False,0.0032248733840464015,False
2025-08-14,6453.4599609375,6473.919921875,6441.06982421875,6468.5400390625,6468.5400390625,4462050000,False,False,0.00030304487855445177,False
2025-08-15,6477.3798828125,6481.33984375,6441.85009765625,6449.7998046875,6449.7998046875,4575060000,False,False,-0.0029013399163647113,False
2025-08-18,6445.02001953125,6455.35009765625,6437.7001953125,6449.14990234375,6449.14990234375,4162290000,False,False,-0.00010076825773579619,False
2025-08-19,6446.240234375,6456.47998046875,6400.22021484375,6411.3701171875,6411.3701171875,4377440000,False,False,-0.005875329112207127,False
2025-08-20,6406.6201171875,6408.39990234375,6343.85986328125,6395.77978515625,6395.77978515625,4470390000,False,False,-0.002434630632264957,False
2025-08-21,6380.830078125,6393.64990234375,6352.7099609375,6370.169921875,6370.169921875,4013560000,False,False,-0.004012219728951123,False
2025-08-22,6384.58984375,6478.89013671875,6384.58984375,6466.91015625,6466.91015625,5046860000,False,False,0.015072285158779139,False
2025-08-25,6457.669921875,6466.89013671875,6438.06005859375,6439.31982421875,6439.31982421875,4059070000,False,False,-0.004275512539646319,False
2025-08-26,6435.490234375,6468.3701171875,6429.2099609375,6465.93994140625,6465.93994140625,4867680000,False,False,0.00412547371011636,False
2025-08-27,6462.259765625,6487.06005859375,6457.83984375,6481.39990234375,6481.39990234375,4143680000,False,False,0.0023881304533030262,False
2025-08-28,6483.83984375,6508.22998046875,6466.9599609375,6501.85986328125,6501.85986328125,4283760000,False,False,0.003151747441466755,False
2025-08-29,6489.27978515625,6491.759765625,6444.56982421875,6460.259765625,6460.259765625,4234840000,False,False,-0.006418740402792551,False
2025-09-02,6401.509765625,6416.5400390625,6360.580078125,6415.5400390625,6415.5400390625,4784000000,False,False,-0.006946350061030363,False
2025-09-03,6445.81982421875,6453.669921875,6416.169921875,6448.259765625,6448.259765625,4465360000,False,False,0.005087112302941308,False
2025-09-04,6456.60009765625,6502.5400390625,6445.97998046875,6502.080078125,6502.080078125,4670770000,False,False,0.008311847102873571,False
2025-09-05,6529.080078125,6532.64990234375,6443.97998046875,6481.5,6481.5,5066120000,False,False,-0.00317017266993674,False
2025-09-08,6498.08984375,6508.669921875,6483.2900390625,6495.14990234375,6495.14990234375,5211500000,False,False,0.0021037644508885675,False
2025-09-09,6503.330078125,6518.22998046875,6483.080078125,6512.60986328125,6512.60986328125,4798350000,False,False,0.0026845470300734414,False
2025-09-10,6550.2900390625,6555.97021484375,6516.33984375,6532.0400390625,6532.0400390625,5253010000,False,False,0.0029790282293981275,False
2025-09-11,6554.41015625,6592.89013671875,6545.7998046875,6587.47021484375,6587.47021484375,5426460000,False,False,0.008450087623093565,False
2025-09-12,6590.66015625,6600.2099609375,6579.490234375,6584.2900390625,6584.2900390625,4641640000,False,False,-0.00048287788142832935,False
2025-09-15,6603.490234375,6619.6201171875,6602.06982421875,6615.27978515625,6615.27978515625,5045020000,False,False,0.004695577726559718,False
2025-09-16,6624.1298828125,6626.990234375,6600.10986328125,6606.759765625,6606.759765625,5359510000,False,False,-0.0012887604333313247,False
2025-09-17,6604.8701171875,6624.39013671875,6551.14990234375,6600.35009765625,6600.35009765625,5805340000,False,False,-0.0009706390782443865,False
2025-09-18,6626.85009765625,6656.7998046875,6611.89013671875,6631.9599609375,6631.9599609375,5292400000,False,False,0.004777687836708263,False
2025-09-19,6647.10986328125,6671.81982421875,6630.31005859375,6664.35986328125,6664.35986328125,9125960000,False,False,0.004873523937481177,False
2025-09-22,6654.27978515625,6698.8798828125,6648.06982421875,6693.75,6693.75,5642620000,False,False,0.004400350714762291,False
2025-09-23,6692.43994140625,6699.52001953125,6645.580078125,6656.919921875,6656.919921875,5633620000,False,False,-0.005517351828739721,False
2025-09-24,6669.7900390625,6672.66015625,6621.759765625,6637.97021484375,6637.97021484375,5459180000,False,False,-0.0028506771652953692,False
2025-09-25,6608.18994140625,6619.0,6569.22021484375,6604.72021484375,6604.72021484375,5874670000,False,False,-0.005021648742526333,False
2025-09-26,6615.3798828125,6648.97021484375,6604.43017578125,6643.7001953125,6643.7001953125,5103110000,False,False,0.005884489130413512,False
2025-09-29,6661.580078125,6677.31005859375,6644.490234375,6661.2099609375,6661.2099609375,5358760000,False,False,0.002632077259912619,False
2025-09-30,6656.18994140625,6691.25,6641.0,6688.4599609375,6688.4599609375,6057210000,False,False,0.004082503613507919,False
2025-10-01,6664.919921875,6718.47998046875,6656.2001953125,6711.2001953125,6711.2001953125,6037950000,False,False,0.0033941541712235066,False
2025-10-02,6731.31005859375,6731.93994140625,6693.22998046875,6715.35009765625,6715.35009765625,5416130000,False,False,0.0006181636213842448,False
2025-10-03,6722.14013671875,6750.8701171875,6705.669921875,6715.7900390625,6715.7900390625,5713110000,False,False,6.55106568658717e-05,False
2025-10-06,6733.85986328125,6749.52001953125,6717.77978515625,6740.27978515625,6740.27978515625,5604460000,False,False,0.003639959282762629,False
2025-10-07,6746.14013671875,6754.490234375,6699.9599609375,6714.58984375,6714.58984375,5546150000,False,False,-0.003818687706853079,False
2025-10-08,6723.8701171875,6755.64013671875,6718.08984375,6753.72021484375,6753.72021484375,5383130000,False,False,0.005810748494187323,False
2025-10-09,6760.5,6764.580078125,6716.169921875,6735.10986328125,6735.10986328125,5385020000,False,False,-0.0027593739802789824,False
2025-10-10,6740.490234375,6762.39990234375,6550.77978515625,6552.509765625,6552.509765625,6596610000,False,False,-0.027485975439899807,False
2025-10-13,6622.52978515625,6668.68017578125,6620.7099609375,6654.72021484375,6654.72021484375,5303960000,False,False,0.015478263036934031,False
2025-10-14,6602.490234375,6680.7001953125,6555.06982421875,6644.31005859375,6644.31005859375,5666920000,False,False,-0.00156555149694257,False
2025-10-15,6688.27001953125,6724.1201171875,6612.10986328125,6671.06005859375,6671.06005859375,5633060000,False,False,0.004017918503427979,False
2025-10-16,6689.02001953125,6709.33984375,6593.990234375,6629.06982421875,6629.06982421875,6048180000,False,False,-0.006314280275141975,False
2025-10-17,6613.27001953125,6678.8798828125,6603.759765625,6664.009765625,6664.009765625,5358120000,False,False,0.0052568739445263,False
2025-10-20,6690.0498046875,6744.35009765625,6690.0498046875,6735.1298828125,6735.1298828125,4672170000,False,False,0.010615724136144117,False
2025-10-21,6736.75,6752.16015625,6722.02978515625,6735.35009765625,6735.35009765625,5245020000,False,False,3.269591641698797e-05,False
2025-10-22,6741.33984375,6741.75,6655.68994140625,6699.39990234375,6699.39990234375,5710010000,False,False,-0.005351834774743029,False
2025-10-23,6703.64990234375,6749.52978515625,6700.14013671875,6738.43994140625,6738.43994140625,5565750000,False,False,0.0058104798620133855,False
2025-10-24,6772.06982421875,6807.10986328125,6772.06982421875,6791.68994140625,6791.68994140625,5058220000,False,False,0.007871361975244856,False
2025-10-27,6845.4599609375,6877.27978515625,6843.93994140625,6875.16015625,6875.16015625,5290650000,False,False,0.012215141327379352,False
2025-10-28,6897.740234375,6911.2998046875,6870.72998046875,6890.89013671875,6890.89013671875,5695930000,False,False,0.0022853305022299255,False
2025-10-29,6910.9501953125,6920.33984375,6851.91015625,6890.58984375,6890.58984375,6280130000,False,False,-4.3579204733175357e-05,False
2025-10-30,6860.5,6880.75,6820.68994140625,6822.33984375,6822.33984375,6052700000,False,False,-0.009954191424534511,False
2025-10-31,6879.169921875,6879.169921875,6814.259765625,6840.2001953125,6840.2001953125,6398280000,False,False,0.0026145009178832708,False
2025-11-03,6882.31982421875,6882.31982421875,6820.6201171875,6851.97021484375,6851.97021484375,6065720000,False,False,0.0017192339969181521,False
2025-11-04,6788.52001953125,6820.2099609375,6766.7099609375,6771.5498046875,6771.5498046875,5739510000,False,False,-0.011806250392326717,False
2025-11-05,6769.77001953125,6829.77978515625,6763.10986328125,6796.2900390625,6796.2900390625,5939600000,False,False,0.0036468976756877185,False
2025-11-06,6787.58984375,6796.68017578125,6707.509765625,6720.31982421875,6720.31982421875,6051900000,False,False,-0.011241134514722728,False
2025-11-07,6696.18017578125,6730.10986328125,6631.43994140625,6728.7998046875,6728.7998046875,5926070000,False,False,0.0012610463474931072,False
2025-11-10,6785.35986328125,6841.31982421875,6770.56005859375,6832.43017578125,6832.43017578125,5366050000,False,False,0.015283626703501816,False
2025-11-11,6815.64013671875,6855.1298828125,6806.8701171875,6846.60986328125,6846.60986328125,4983490000,False,False,0.0020731999523923177,False
2025-11-12,6867.77001953125,6869.91015625,6829.6201171875,6850.919921875,6850.919921875,5293610000,False,False,0.0006293191259445972,False
2025-11-13,6826.47021484375,6828.0498046875,6724.72021484375,6737.490234375,6737.490234375,5473720000,False,False,-0.01669545163092778,False
2025-11-14,6672.14013671875,6774.31005859375,6646.8701171875,6734.10986328125,6734.10986328125,5042660000,False,False,-0.0005018514712717733,False
2025-11-17,6713.60986328125,6754.5,6638.89990234375,6672.41015625,6672.41015625,5204220000,False,False,-0.009204497894305158,False
2025-11-18,6641.18994140625,6666.6298828125,6574.31982421875,6617.31982421875,6617.31982421875,5159390000,False,False,-0.008290709844169318,False
2025-11-19,6625.83984375,6689.75,6603.5,6642.16015625,6642.16015625,5021610000,False,False,0.00374680773726533,False
2025-11-20,6737.93017578125,6770.35009765625,6534.0498046875,6538.759765625,6538.759765625,5596080000,False,False,-0.01568972611631523,False
2025-11-21,6555.77001953125,6660.0498046875,6521.919921875,6602.990234375,6602.990234375,5929930000,False,False,0.009775103041592069,False
2025-11-24,6636.5400390625,6715.75,6630.7001953125,6705.1201171875,6705.1201171875,6039740000,False,False,0.015348818899081837,False
2025-11-25,6697.02978515625,6776.39990234375,6659.97998046875,6765.8798828125,6765.8798828125,5003330000,False,False,0.009020886000832944,False
2025-11-26,6793.5498046875,6831.43994140625,6783.8701171875,6812.60986328125,6812.60986328125,4485000000,False,False,0.006882969436149685,False
2025-11-28,6822.52001953125,6850.85986328125,6819.75,6849.08984375,6849.08984375,2558540000,False,False,0.005340487341137372,False
2025-12-01,6812.2998046875,6843.64990234375,6799.93994140625,6812.6298828125,6812.6298828125,4549370000,False,False,-0.005337548746055966,False
2025-12-02,6830.9599609375,6851.5498046875,6806.7099609375,6829.3701171875,6829.3701171875,4582290000,False,False,0.002454221195936617,False
2025-12-03,6815.2900390625,6862.419921875,6810.43017578125,6849.72021484375,6849.72021484375,4736780000,False,False,0.0029753605210852863,False
2025-12-04,6866.47021484375,6866.47021484375,6827.1201171875,6857.1201171875,6857.1201171875,4872440000,False,False,0.001079738711974404,False
2025-12-05,6866.31982421875,6895.77978515625,6858.2900390625,6870.39990234375,6870.39990234375,4944560000,False,False,0.0019347688846794776,False
2025-12-08,6875.2001953125,6878.27001953125,6827.18994140625,6846.509765625,6846.509765625,4757130000,False,False,-0.0034833153316476935,False
2025-12-09,6840.60986328125,6864.919921875,6837.43017578125,6840.509765625,6840.509765625,4508050000,False,False,-0.0008767431610132386,False
2025-12-10,6833.490234375,6900.669921875,6824.68994140625,6886.68017578125,6886.68017578125,5526570000,False,False,0.006726880659139976,False
2025-12-11,6861.2998046875,6903.4599609375,6833.4501953125,6901.0,6901.0,5021060000,False,False,0.00207719198371703,False
2025-12-12,6886.85009765625,6899.85009765625,6801.7900390625,6827.41015625,6827.41015625,4910160000,False,False,-0.010720913458554537,False
2025-12-15,6860.18994140625,6861.58984375,6801.490234375,6816.509765625,6816.509765625,4975600000,False,False,-0.0015978388918367072,False
2025-12-16,6800.1201171875,6819.27001953125,6759.740234375,6800.259765625,6800.259765625,4983180000,False,False,-0.00238676400843967,False
2025-12-17,6802.8798828125,6812.259765625,6720.43017578125,6721.43017578125,6721.43017578125,5122120000,False,False,-0.01165985661137129,False
2025-12-18,6778.06005859375,6816.1298828125,6758.5,6774.759765625,6774.759765625,5101190000,False,False,0.007902951520479156,False
2025-12-19,6792.6201171875,6840.02001953125,6792.6201171875,6834.5,6834.5,8554470000,False,False,0.008779407421828872,False
2025-12-22,6865.2099609375,6882.02978515625,6855.740234375,6878.490234375,6878.490234375,4465030000,False,False,0.006415870575561936,False
2025-12-23,6872.41015625,6910.8798828125,6868.81005859375,6909.7900390625,6909.7900390625,3820560000,False,False,0.004540067046788208,False
2025-12-24,6904.91015625,6937.31982421875,6904.91015625,6932.0498046875,6932.0498046875,1798270000,False,False,0.003216304344700708,False
2025-12-26,6936.02001953125,6945.77001953125,6921.60009765625,6929.93994140625,6929.93994140625,2586550000,False,False,-0.00030440987710828846,False
2025-12-29,6903.60009765625,6920.2099609375,6888.759765625,6905.740234375,6905.740234375,3541750000,False,False,-0.003498162923937312,False
2025-12-30,6900.43994140625,6913.25,6893.47021484375,6896.240234375,6896.240234375,3309930000,False,False,-0.0013766142506534472,False
2025-12-31,6898.81982421875,6901.419921875,6844.5498046875,6845.5,6845.5,3261830000,False,False,-0.007384867434248815,False
2026-01-02,6878.10986328125,6894.8701171875,6824.31005859375,6858.47021484375,6858.47021484375,4184120000,False,False,0.0018929140261155547,False
2026-01-05,6892.18994140625,6920.3798828125,6891.56005859375,6902.0498046875,6902.0498046875,5771930000,False,False,0.006334024511051582,False
2026-01-06,6908.02978515625,6948.68994140625,6904.02001953125,6944.81982421875,6944.81982421875,5509680000,False,False,0.0061775920038938375,False
2026-01-07,6945.06982421875,6965.68994140625,6919.18994140625,6920.93017578125,6920.93017578125,5214480000,False,False,-0.0034458535710101927,False
2026-01-08,6914.10986328125,6931.27978515625,6899.330078125,6921.4599609375,6921.4599609375,5333200000,False,False,7.654532942294603e-05,False
2026-01-09,6927.830078125,6978.35986328125,6917.64013671875,6966.27978515625,6966.27978515625,5163900000,False,False,0.006454611138321038,False
2026-01-12,6944.1201171875,6986.330078125,6934.06982421875,6977.27001953125,6977.27001953125,5019040000,False,False,0.0015763900591805138,False
2026-01-13,6977.41015625,6985.830078125,6938.77001953125,6963.740234375,6963.740234375,5091730000,False,False,-0.0019410055882070072,False
2026-01-14,6937.41015625,6941.2998046875,6885.740234375,6926.60009765625,6926.60009765625,5530830000,False,False,-0.005347633584135448,False
2026-01-15,6969.4599609375,6979.33984375,6937.93017578125,6944.47021484375,6944.47021484375,5114050000,False,False,0.002576603920444464,False
2026-01-16,6960.5400390625,6967.2998046875,6925.08984375,6940.009765625,6940.009765625,5356550000,False,False,-0.0006425086684515026,False
2026-01-20,6865.240234375,6871.169921875,6789.0498046875,6796.85986328125,6796.85986328125,5769500000,False,False,-0.020842460953261224,False
2026-01-21,6810.7099609375,6910.39013671875,6804.9599609375,6875.6201171875,6875.6201171875,5835520000,False,False,0.01152111763356032,False
2026-01-22,6914.43994140625,6934.75,6893.6201171875,6913.35009765625,6913.35009765625,5307580000,False,False,0.0054725007079021405,False
2026-01-23,6907.85009765625,6932.9599609375,6895.5,6915.60986328125,6915.60986328125,4871930000,False,False,0.0003268164274822459,False
2026-01-26,6923.22998046875,6964.66015625,6921.60009765625,6950.22998046875,6950.22998046875,4968050000,False,False,0.00499359426016032,False
2026-01-27,6965.9599609375,6988.81982421875,6958.830078125,6978.60009765625,6978.60009765625,5331720000,False,False,0.004073587840441241,False
2026-01-28,7002.0,7002.27978515625,6963.4599609375,6978.02978515625,6978.02978515625,5507670000,False,False,-8.172639170147053e-05,False
2026-01-29,6977.740234375,6992.83984375,6870.7998046875,6969.009765625,6969.009765625,6877780000,False,False,-0.0012934674424623016,False
2026-01-30,6947.27001953125,6964.08984375,6893.47998046875,6939.02978515625,6939.02978515625,6697340000,False,False,-0.0043111794144580756,False
2026-02-02,6916.64013671875,6991.919921875,6914.33984375,6976.43994140625,6976.43994140625,5772050000,False,False,0.005376785277364613,False
2026-02-03,6985.4501953125,6993.080078125,6862.0498046875,6917.81005859375,6917.81005859375,7017660000,False,False,-0.008439495590663714,False
2026-02-04,6924.5,6936.08984375,6838.7998046875,6882.72021484375,6882.72021484375,7475750000,False,False,-0.005085300155013826,False
2026-02-05,6837.39013671875,6857.85009765625,6780.1298828125,6798.39990234375,6798.39990234375,6989120000,False,False,-0.01232667785383289,False
2026-02-06,6816.740234375,6944.89013671875,6816.740234375,6932.2998046875,6932.2998046875,6283680000,False,False,0.019504344282200718,False
2026-02-09,6917.259765625,6980.10009765625,6905.8701171875,6964.81982421875,6964.81982421875,5650260000,False,False,0.004680117860123293,False
2026-02-10,6974.490234375,6986.830078125,6937.52978515625,6941.81005859375,6941.81005859375,5595950000,False,False,-0.0033091822845107053,False
2026-02-11,6976.47998046875,6993.47998046875,6911.97021484375,6941.47021484375,6941.47021484375,6175510000,False,False,-4.89572699497733e-05,False
2026-02-12,6957.5400390625,6973.22021484375,6824.0400390625,6832.759765625,6832.759765625,7118700000,False,False,-0.01578494138611745,False
2026-02-13,6834.27001953125,6881.9599609375,6794.5498046875,6836.169921875,6836.169921875,5718360000,False,False,0.0004989646444475858,False
2026-02-17,6819.85986328125,6866.990234375,6775.5,6843.22021484375,6843.22021484375,5418480000,False,False,0.0010307906306565179,False
2026-02-18,6855.47998046875,6909.1201171875,6849.66015625,6881.31005859375,6881.31005859375,5098160000,False,False,0.005550636821134019,False
2026-02-19,6861.33984375,6879.1201171875,6833.06005859375,6861.89013671875,6861.89013671875,5151690000,False,False,-0.0028261153915347848,False
2026-02-20,6843.259765625,6915.85986328125,6836.330078125,6909.509765625,6909.509765625,5432480000,False,False,0.006915755702175204,False
2026-02-23,6901.25,6916.9599609375,6819.81982421875,6837.75,6837.75,5638350000,False,False,-0.01043995947145646,False
2026-02-24,6837.3701171875,6899.169921875,6815.43017578125,6890.06982421875,6890.06982421875,5266090000,False,False,0.007622488962383376,False
2026-02-25,6915.14990234375,6952.509765625,6915.14990234375,6946.1298828125,6946.1298828125,5328060000,False,False,0.0081034339701294,False
2026-02-26,6944.740234375,6947.25,6859.72998046875,6908.85986328125,6908.85986328125,5889550000,False,False,-0.005380026995566101,False
2026-02-27,6856.5400390625,6882.9599609375,6831.740234375,6878.8798828125,6878.8798828125,6665660000,False,False,-0.004348795128037643,False
2026-03-02,6824.35986328125,6901.009765625,6796.85009765625,6881.6201171875,6881.6201171875,6079080000,False,False,0.0003982754131349892,False
2026-03-03,6800.259765625,6840.0498046875,6710.419921875,6816.6298828125,6816.6298828125,6442080000,False,False,-0.009488908731312503,False
2026-03-04,6831.68994140625,6885.93994140625,6811.64013671875,6869.5,6869.5,5252170000,False,False,0.00772612574014956,False
2026-03-05,6851.080078125,6870.43017578125,6770.77978515625,6830.7099609375,6830.7099609375,5989300000,False,False,-0.005662707772703004,False
2026-03-06,6769.02978515625,6773.419921875,6711.56005859375,6740.02001953125,6740.02001953125,5793120000,False,False,-0.013365720432496335,False
2026-03-09,6699.7998046875,6810.43994140625,6636.0400390625,6795.990234375,6795.990234375,6709410000,False,False,0.008269871665388671,False
2026-03-10,6796.56005859375,6845.080078125,6759.740234375,6781.47998046875,6781.47998046875,5944950000,False,False,-0.002137402505887721,False
2026-03-11,6790.08984375,6811.14990234375,6745.58984375,6775.7998046875,6775.7998046875,5511090000,False,False,-0.0008379521856348736,False
2026-03-12,6740.8798828125,6740.8798828125,6670.39990234375,6672.6201171875,6672.6201171875,6292170000,False,False,-0.015344808189494536,False
2026-03-13,6673.490234375,6733.2998046875,6623.919921875,6632.18994140625,6632.18994140625,5337120000,False,False,-0.006077546398501344,False
2026-03-16,6674.3701171875,6729.7900390625,6674.3701171875,6699.3798828125,6699.3798828125,5176290000,False,False,0.010079909746818997,False
2026-03-17,6722.35009765625,6754.2998046875,6710.7998046875,6716.08984375,6716.08984375,5063390000,False,False,0.002491149384952951,False
2026-03-18,6697.16015625,6705.18017578125,6621.66015625,6624.7001953125,6624.7001953125,5275480000,False,False,-0.013700999383730839,False
2026-03-19,6583.1201171875,6636.740234375,6557.81982421875,6606.490234375,6606.490234375,5973390000,False,False,-0.002752582623899739,False
2026-03-20,6594.66015625,6594.66015625,6473.52001953125,6506.47998046875,6506.47998046875,10025820000,False,False,-0.015253934307770224,False
2026-03-23,6574.9599609375,6651.6201171875,6565.5498046875,6581.0,6581.0,6020650000,False,False,0.0113881090950741,False
2026-03-24,6552.08984375,6595.75,6525.10986328125,6556.3701171875,6556.3701171875,5278580000,False,False,-0.0037495954593205535,False
2026-03-25,6598.35009765625,6633.93994140625,6568.41015625,6591.89990234375,6591.89990234375,4936720000,False,False,0.005404493759949214,False
2026-03-26,6555.85986328125,6573.22021484375,6473.7900390625,6477.16015625,6477.16015625,4845560000,False,False,-0.017559440961209507,False
2026-03-27,6453.89013671875,6453.89013671875,6356.080078125,6368.85009765625,6368.85009765625,5303490000,False,False,-0.01686323194605131,False
2026-03-30,6403.3701171875,6427.31005859375,6316.91015625,6343.72021484375,6343.72021484375,5458640000,False,False,-0.003953553833355896,False
2026-03-31,6395.8798828125,6539.0498046875,6395.8798828125,6528.52001953125,6528.52001953125,6396100000,False,False,0.028714893309798716,False
2026-04-01,6556.56005859375,6609.669921875,6554.2900390625,6575.31982421875,6575.31982421875,5637260000,False,False,0.0071429450037592815,False
2026-04-02,6512.60986328125,6601.91015625,6474.93994140625,6582.68994140625,6582.68994140625,4740740000,False,False,0.0011202481362370179,False
2026-04-06,6587.66015625,6618.1298828125,6579.72021484375,6611.830078125,6611.830078125,3906440000,False,False,0.004417013131605809,False
2026-04-07,6601.93017578125,6618.259765625,6534.5498046875,6616.85009765625,6616.85009765625,4555680000,False,False,0.0007589600331270599,False
2026-04-08,6754.35986328125,6793.5,6740.27978515625,6782.81005859375,6782.81005859375,5904880000,False,False,0.024772038357183543,False
2026-04-09,6783.68994140625,6835.31005859375,6761.5498046875,6824.66015625,6824.66015625,4912410000,False,False,0.006151066869514015,False
2026-04-10,6839.240234375,6845.77001953125,6808.4599609375,6816.89013671875,6816.89013671875,4393220000,False,False,-0.0011391696991393636,False
2026-04-13,6806.47021484375,6887.0,6790.02001953125,6886.240234375,6886.240234375,4785840000,False,False,0.010121875493741075,False
2026-04-14,6910.2001953125,6969.419921875,6905.169921875,6967.3798828125,6967.3798828125,5032380000,False,False,0.011713988916143619,False
2026-04-15,6978.169921875,7026.240234375,6967.1298828125,7022.9501953125,7022.9501953125,5278610000,False,False,0.00794414491156507,False
2026-04-16,7037.77978515625,7051.22998046875,7008.52001953125,7041.27978515625,7041.27978515625,5173650000,False,False,0.002606555815286028,False
2026-04-17,7074.5498046875,7147.52001953125,7074.5498046875,7126.06005859375,7126.06005859375,6145300000,False,False,0.011968553928737802,False
2026-04-20,7117.0498046875,7122.64990234375,7084.41015625,7109.14013671875,7109.14013671875,4661130000,False,False,-0.0023771959102520377,False
2026-04-21,7122.64013671875,7137.27001953125,7050.2001953125,7064.009765625,7064.009765625,5160270000,False,False,-0.00636845358085314,False
2026-04-22,7102.91015625,7138.64013671875,7102.91015625,7137.89990234375,7137.89990234375,4919460000,False,False,0.010405756011537825,False
2026-04-23,7118.7998046875,7147.77978515625,7046.5498046875,7108.39990234375,7108.39990234375,5307260000,False,False,-0.004141432170939999,False
2026-04-24,7136.47998046875,7168.58984375,7112.81982421875,7165.080078125,7165.080078125,4608830000,False,False,0.007942067917632457,False
2026-04-27,7152.72021484375,7178.740234375,7146.72021484375,7173.91015625,7173.91015625,4783750000,False,False,0.0012316180005498539,False
2026-04-28,7133.740234375,7152.52001953125,7115.169921875,7138.7998046875,7138.7998046875,4900650000,False,False,-0.0049061878687959495,False
2026-04-29,7131.60986328125,7145.6298828125,7107.85986328125,7135.9501953125,7135.9501953125,5123100000,False,False,-0.00039925174351248426,False
2026-04-30,7161.75,7219.830078125,7126.14990234375,7209.009765625,7209.009765625,5723790000,False,False,0.010186184168105012,False
2026-05-01,7234.5400390625,7272.52001953125,7229.31982421875,7230.1201171875,7230.1201171875,4847390000,False,False,0.00292404968652147,False
2026-05-04,7228.3798828125,7244.5400390625,7174.1201171875,7200.75,7200.75,5215480000,False,False,-0.004070462487840939,False
2026-05-05,7233.6201171875,7273.259765625,7233.6201171875,7259.22021484375,7259.22021484375,5279760000,False,False,0.008087227380575185,False
2026-05-06,7294.14013671875,7369.22021484375,7294.14013671875,7365.1201171875,7365.1201171875,6579640000,False,False,0.014482944327746904,False
2026-05-07,7376.77978515625,7385.02001953125,7321.25,7337.10986328125,7337.10986328125,6237040000,False,False,-0.0038103454826786936,False
2026-05-08,7362.97021484375,7401.5,7362.97021484375,7398.93017578125,7398.93017578125,5302740000,False,False,0.008390405429031966,False
2026-05-11,7385.31005859375,7428.97021484375,7384.2001953125,7412.83984375,7412.83984375,5821910000,False,False,0.0018781917406753333,False
2026-05-12,7390.6298828125,7409.56982421875,7338.5400390625,7400.9599609375,7400.9599609375,5624790000,False,False,-0.0016038944114079717,False
2026-05-13,7409.1201171875,7460.0400390625,7375.1298828125,7444.25,7444.25,5716600000,False,False,0.005832206062995343,False
2026-05-14,7454.39990234375,7517.1201171875,7454.39990234375,7501.240234375,7501.240234375,5267050000,False,False,0.007626449143738461,False
2026-05-15,7445.10986328125,7454.85009765625,7397.5,7408.5,7408.5,5582070000,False,False,-0.012440381787730354,False
2026-05-18,7415.06982421875,7434.06005859375,7353.169921875,7403.0498046875,7403.0498046875,5489500000,False,False,-0.0007359385925655567,False
2026-05-19,7375.75,7395.31982421875,7333.68017578125,7353.60986328125,7353.60986328125,5441140000,False,False,-0.006700720556670582,False
2026-05-20,7369.18994140625,7435.68994140625,7357.4599609375,7432.97021484375,7432.97021484375,5384150000,False,False,0.010734208066325955,False
2026-05-21,7410.77978515625,7465.9599609375,7389.47998046875,7445.72021484375,7445.72021484375,5440620000,False,False,0.0017138609316666425,False
2026-05-22,7468.81982421875,7506.31982421875,7463.2900390625,7473.47021484375,7473.47021484375,4952440000,False,False,0.003720045284340991,False
2026-05-26,7511.7900390625,7539.08984375,7501.10009765625,7519.1201171875,7519.1201171875,5496060000,False,False,0.006089680623147164,False
2026-05-27,7526.009765625,7530.72021484375,7499.72021484375,7520.35986328125,7520.35986328125,5524250000,False,False,0.00016486555361860245,False
2026-05-28,7519.81982421875,7568.72021484375,7508.0400390625,7563.6298828125,7563.6298828125,5494860000,False,False,0.0057372272122164095,False
2026-05-29,7579.330078125,7599.3798828125,7563.5498046875,7580.06005859375,7580.06005859375,7858290000,False,False,0.0021699047314878454,False
2026-06-01,7582.2900390625,7617.66015625,7562.60986328125,7599.9599609375,7599.9599609375,6583960000,False,False,0.0026218560604907887,False
2026-06-02,7595.39990234375,7620.89990234375,7582.990234375,7609.77978515625,7609.77978515625,5904410000,False,False,0.0012912549125880068,False
2026-06-03,7605.31005859375,7605.35009765625,7551.22021484375,7553.68017578125,7553.68017578125,5753860000,False,False,-0.007399348892067432,False
2026-06-04,7516.5400390625,7598.18994140625,7516.5400390625,7584.31005859375,7584.31005859375,5398910000,False,False,0.0040467623691873905,False
2026-06-05,7537.35986328125,7541.81005859375,7368.6298828125,7383.740234375,7383.740234375,5591290000,False,False,-0.026801330315360895,False
2026-06-08,7440.56982421875,7466.81005859375,7395.1298828125,7405.72998046875,7405.72998046875,4898180000,False,False,0.0029737052076611974,False
2026-06-09,7438.66015625,7483.14990234375,7237.85009765625,7386.64990234375,7386.64990234375,6006390000,False,False,-0.0025797185926219454,False
2026-06-10,7350.5400390625,7396.56005859375,7265.93017578125,7266.990234375,7266.990234375,5247300000,False,False,-0.016332095868206012,False
2026-06-11,7287.669921875,7412.68017578125,7257.330078125,7394.2998046875,7394.2998046875,5658920000,False,False,0.01736719891346488,False
2026-06-12,7410.85009765625,7456.39990234375,7363.009765625,7431.4599609375,7431.4599609375,4950530000,False,False,0.005012928127161434,False
2026-06-15,7516.75,7577.919921875,7516.75,7554.2900390625,7554.2900390625,5674670000,False,False,0.01639328413858115,False
2026-06-16,7548.77978515625,7564.9599609375,7508.68017578125,7511.35009765625,7511.35009765625,5286210000,False,False,-0.005700396039273383,False
2026-06-17,7524.5,7532.169921875,7402.60986328125,7420.10009765625,7420.10009765625,5883740000,False,False,-0.012222675603360274,False
2026-06-18,7487.35986328125,7511.06982421875,7468.31982421875,7500.580078125,7500.580078125,9061110000,False,False,0.010787813962926182,False
2026-06-22,7500.43994140625,7530.009765625,7460.009765625,7472.7900390625,7472.7900390625,5976740000,False,False,-0.003711932684976348,False
2026-06-23,7366.509765625,7424.169921875,7347.60009765625,7365.4599609375,7365.4599609375,5640530000,False,False,-0.014466928386098657,False
2026-06-24,7370.8798828125,7428.06005859375,7336.81982421875,7358.22021484375,7358.22021484375,5994860000,False,False,-0.000983415367731934,False
2026-06-25,7404.91015625,7419.080078125,7323.5,7357.490234375,7357.490234375,5565760000,False,False,-9.921104004703284e-05,False
2026-06-26,7312.740234375,7392.9501953125,7294.18017578125,7354.02001953125,7354.02001953125,9105600000,False,False,-0.0004717686829183932,False
2026-06-29,7391.8798828125,7444.31982421875,7348.8798828125,7440.43017578125,7440.43017578125,5794570000,False,False,0.01168156135934559,False
2026-06-30,7441.27001953125,7508.2900390625,7438.0400390625,7499.35986328125,7499.35986328125,6037540000,False,False,0.007888998838148293,False
2026-07-01,7478.83984375,7521.81005859375,7449.6298828125,7483.22998046875,7483.22998046875,5782730000,False,False,-0.0021531509855513085,False
2026-07-02,7495.14013671875,7540.75,7427.5498046875,7483.240234375,7483.240234375,5463520000,False,False,1.370250446897007e-06,False
2026-07-06,7506.9599609375,7551.31005859375,7500.97021484375,7537.43017578125,7537.43017578125,4971110000,False,False,0.0072154138304445295,False
2026-07-07,7516.6298828125,7536.06005859375,7478.6298828125,7503.85009765625,7503.85009765625,5049590000,False,False,-0.004465063253185491,False
2026-07-08,7476.5400390625,7488.509765625,7421.81982421875,7482.7099609375,7482.7099609375,5102020000,False,False,-0.0028212145626126694,False
2026-07-09,7491.60009765625,7546.89013671875,7481.72998046875,7543.64013671875,7543.64013671875,4442950000,False,False,0.008109821657156896,False
2026-07-10,7547.64013671875,7579.93017578125,7508.16015625,7575.39013671875,7575.39013671875,4006370000,False,False,0.004200010992571727,False
2026-07-13,7547.52978515625,7565.3701171875,7506.41015625,7515.33984375,7515.33984375,4729990000,False,False,-0.007958609028043705,False
2026-07-14,7536.7001953125,7557.43994140625,7513.22998046875,7543.58984375,7543.58984375,4836950000,False,False,0.003751931076883282,False
2026-07-15,7571.72021484375,7581.5,7526.9501953125,7572.39990234375,7572.39990234375,5236550000,False,False,0.003811869942054222,False
2026-07-16,7558.7998046875,7570.740234375,7504.02001953125,7533.77001953125,7533.77001953125,5365300000,False,False,-0.005114462132765812,False
2026-07-17,7447.52001953125,7498.47021484375,7431.259765625,7457.68994140625,7457.68994140625,5303290000,False,False,-0.010149876192112738,False
2026-07-20,7489.18017578125,7513.22998046875,7440.52978515625,7443.27978515625,7443.27978515625,5152910000,False,False,-0.0019341238867804414,False
2026-07-21,7489.9501953125,7515.31005859375,7467.85986328125,7509.2001953125,7509.2001953125,5149030000,False,False,0.008817378432212827,False
2026-07-22,7497.47021484375,7525.93994140625,7485.85009765625,7498.9599609375,7498.9599609375,4890390000,False,False,-0.0013646224263997142,False
2026-07-23,7418.2900390625,7450.1201171875,7376.0,7408.2998046875,7408.2998046875,5515210000,False,False,-0.012163372131276511,False
2026-07-24,7406.2998046875,7460.97998046875,7396.52978515625,7411.97998046875,7411.97998046875,4860620000,False,False,0.0004966405371888175,False
2026-07-27,7464.2001953125,7480.56982421875,7382.740234375,7413.18017578125,7413.18017578125,5038290000,False,False,0.00016191330177520104,False
2026-07-28,7395.5498046875,7452.08984375,7382.9501953125,7428.77978515625,7428.77978515625,5590890000,False,False,0.0021020963754603476,False
2026-07-29,7418.16015625,7450.83984375,7313.919921875,7316.14990234375,7316.14990234375,5836350000,False,False,-0.015277397157074194,False
2026-07-30,7390.4501953125,7448.75,7370.97998046875,7437.6298828125,7437.6298828125,5594430000,False,False,0.016468013977056842,False
2026-07-31,7462.1298828125,7512.0400390625,7399.830078125,7489.72021484375,7489.72021484375,5391020000,False,False,0.006979208383378553,False
2026-08-03,7504.77978515625,7610.0400390625,7504.77978515625,7600.5,7600.5,5201470000,False,False,0.014682592263996739,False
2026-08-04,7630.6201171875,7758.2099609375,7629.10009765625,7736.52001953125,7736.52001953125,5906940000,False,False,0.01773794201518698,False
2026-08-05,7771.6201171875,7793.68017578125,7720.169921875,7723.5498046875,7723.5498046875,5615640000,False,False,-0.0016778990048803989,False
2026-08-06,7713.7900390625,7742.85009765625,7698.14990234375,7709.9599609375,7709.9599609375,5330830000,False,False,-0.0017610831844068816,False
2026-08-07,7735.18017578125,7763.080078125,7719.18994140625,7757.64013671875,7757.64013671875,5019970000,False,False,0.006165187424711444,False
2026-08-10,7751.740234375,7773.759765625,7748.419921875,7760.669921875,7760.669921875,853414558,False,False,0.0003904787548782814,False
